0	2.34847e-08	-76.29215
100	2.3485027e-08	-76.292089
200	2.3486009e-08	-76.291908
300	2.3487645e-08	-76.291605
400	2.3489937e-08	-76.291181
500	2.3492884e-08	-76.290637
600	2.3496486e-08	-76.289971
700	2.3500745e-08	-76.289184
800	2.350566e-08	-76.288276
900	2.3511232e-08	-76.287246
1000	2.3517462e-08	-76.286095
1100	2.3524351e-08	-76.284824
1200	2.3531899e-08	-76.28343
1300	2.3540108e-08	-76.281916
1400	2.3548978e-08	-76.280279
1500	2.355851e-08	-76.278522
1600	2.3568707e-08	-76.276642
1700	2.3579568e-08	-76.274642
1800	2.3591096e-08	-76.272519
1900	2.3603292e-08	-76.270274
2000	2.3616157e-08	-76.267908
2100	2.3629692e-08	-76.265419
2200	2.3643901e-08	-76.262809
2300	2.3658784e-08	-76.260076
2400	2.3674343e-08	-76.257221
2500	2.369058e-08	-76.254243
2600	2.3707498e-08	-76.251143
2700	2.3725098e-08	-76.24792
2800	2.3743382e-08	-76.244574
2900	2.3762354e-08	-76.241105
3000	2.3782015e-08	-76.237514
3100	2.3802367e-08	-76.233798
3200	2.3823414e-08	-76.22996
3300	2.3845158e-08	-76.225998
3400	2.3867602e-08	-76.221912
3500	2.3890748e-08	-76.217702
3600	2.3914601e-08	-76.213369
3700	2.3939161e-08	-76.208911
3800	2.3964434e-08	-76.204328
3900	2.3990421e-08	-76.199621
4000	2.4017127e-08	-76.194789
4100	2.4044555e-08	-76.189833
4200	2.4072708e-08	-76.18475
4300	2.410159e-08	-76.179543
4400	2.4131205e-08	-76.17421
4500	2.4161557e-08	-76.168751
4600	2.4192649e-08	-76.163166
4700	2.4224485e-08	-76.157454
4800	2.425707e-08	-76.151617
4900	2.4290408e-08	-76.145652
5000	2.4324504e-08	-76.13956
5100	2.4359361e-08	-76.133341
5200	2.4394985e-08	-76.126994
5300	2.443138e-08	-76.12052
5400	2.4468551e-08	-76.113917
5500	2.4506503e-08	-76.107187
5600	2.4545241e-08	-76.100327
5700	2.458477e-08	-76.093338
5800	2.4625096e-08	-76.086221
5900	2.4666223e-08	-76.078973
6000	2.4708158e-08	-76.071596
6100	2.4750906e-08	-76.064089
6200	2.4794473e-08	-76.056451
6300	2.4838865e-08	-76.048683
6400	2.4884087e-08	-76.040783
6500	2.4930147e-08	-76.032752
6600	2.497705e-08	-76.024589
6700	2.5024803e-08	-76.016293
6800	2.5073412e-08	-76.007866
6900	2.5122885e-08	-75.999305
7000	2.5173228e-08	-75.990611
7100	2.5224447e-08	-75.981783
7200	2.5276551e-08	-75.972822
7300	2.5329547e-08	-75.963726
7400	2.5383442e-08	-75.954495
7500	2.5438243e-08	-75.945129
7600	2.5493959e-08	-75.935627
7700	2.5550598e-08	-75.925989
7800	2.5608167e-08	-75.916215
7900	2.5666674e-08	-75.906304
8000	2.572613e-08	-75.896255
8100	2.5786541e-08	-75.886069
8200	2.5847916e-08	-75.875745
8300	2.5910266e-08	-75.865281
8400	2.5973598e-08	-75.854679
8500	2.6037923e-08	-75.843937
8600	2.6103249e-08	-75.833054
8700	2.6169586e-08	-75.822031
8800	2.6236945e-08	-75.810867
8900	2.6305335e-08	-75.799562
9000	2.6374766e-08	-75.788114
9100	2.644525e-08	-75.776523
9200	2.6516797e-08	-75.764789
9300	2.6589417e-08	-75.752912
9400	2.6663122e-08	-75.74089
9500	2.6737924e-08	-75.728723
9600	2.6813833e-08	-75.716411
9700	2.6890862e-08	-75.703953
9800	2.6969022e-08	-75.691348
9900	2.7048326e-08	-75.678596
10000	2.7128787e-08	-75.665696
10100	2.7210417e-08	-75.652648
10200	2.7293228e-08	-75.639451
10300	2.7377235e-08	-75.626104
10400	2.7462451e-08	-75.612607
10500	2.754889e-08	-75.598959
10600	2.7636565e-08	-75.585159
10700	2.7725492e-08	-75.571207
10800	2.7815684e-08	-75.557103
10900	2.7907156e-08	-75.542844
11000	2.7999924e-08	-75.528431
11100	2.8094004e-08	-75.513864
11200	2.818941e-08	-75.49914
11300	2.8286159e-08	-75.48426
11400	2.8384268e-08	-75.469223
11500	2.8483753e-08	-75.454028
11600	2.8584631e-08	-75.438674
11700	2.868692e-08	-75.423161
11800	2.8790638e-08	-75.407487
11900	2.8895802e-08	-75.391653
12000	2.9002431e-08	-75.375656
12100	2.9110543e-08	-75.359497
12200	2.9220159e-08	-75.343174
12300	2.9331298e-08	-75.326687
12400	2.9443979e-08	-75.310035
12500	2.9558224e-08	-75.293217
12600	2.9674052e-08	-75.276231
12700	2.9791485e-08	-75.259078
12800	2.9910546e-08	-75.241757
12900	3.0031255e-08	-75.224265
13000	3.0153635e-08	-75.206603
13100	3.027771e-08	-75.18877
13200	3.0403503e-08	-75.170764
13300	3.0531038e-08	-75.152584
13400	3.0660339e-08	-75.134231
13500	3.0791431e-08	-75.115701
13600	3.092434e-08	-75.096996
13700	3.1059092e-08	-75.078112
13800	3.1195713e-08	-75.059051
13900	3.1334231e-08	-75.03981
14000	3.1474673e-08	-75.020388
14100	3.1617067e-08	-75.000784
14200	3.1761442e-08	-74.980998
14300	3.1907828e-08	-74.961028
14400	3.2056254e-08	-74.940872
14500	3.2206752e-08	-74.920531
14600	3.2359353e-08	-74.900002
14700	3.2514088e-08	-74.879284
14800	3.2670991e-08	-74.858377
14900	3.2830095e-08	-74.837279
15000	3.2991435e-08	-74.815988
15100	3.3155044e-08	-74.794504
15200	3.3320958e-08	-74.772825
15300	3.3489215e-08	-74.75095
15400	3.3659852e-08	-74.728878
15500	3.3832905e-08	-74.706607
15600	3.4008415e-08	-74.684136
15700	3.4186421e-08	-74.661464
15800	3.4366964e-08	-74.638588
15900	3.4550085e-08	-74.615509
16000	3.4735826e-08	-74.592224
16100	3.4924232e-08	-74.568731
16200	3.5115346e-08	-74.54503
16300	3.5309214e-08	-74.521119
16400	3.5505883e-08	-74.496997
16500	3.57054e-08	-74.472661
16600	3.5907813e-08	-74.44811
16700	3.6113173e-08	-74.423344
16800	3.632153e-08	-74.398359
16900	3.6532936e-08	-74.373154
17000	3.6747445e-08	-74.347729
17100	3.6965111e-08	-74.32208
17200	3.718599e-08	-74.296207
17300	3.7410139e-08	-74.270107
17400	3.7637617e-08	-74.243779
17500	3.7868483e-08	-74.217221
17600	3.81028e-08	-74.190431
17700	3.8340629e-08	-74.163408
17800	3.8582036e-08	-74.136149
17900	3.8827085e-08	-74.108652
18000	3.9075846e-08	-74.080916
18100	3.9328386e-08	-74.052939
18200	3.9584777e-08	-74.024718
18300	3.9845091e-08	-73.996252
18400	4.0109404e-08	-73.967538
18500	4.037779e-08	-73.938575
18600	4.0650329e-08	-73.909359
18700	4.0927101e-08	-73.87989
18800	4.1208189e-08	-73.850165
18900	4.1493675e-08	-73.820181
19000	4.1783648e-08	-73.789936
19100	4.2078196e-08	-73.759429
19200	4.2377409e-08	-73.728656
19300	4.2681383e-08	-73.697615
19400	4.2990211e-08	-73.666304
19500	4.3303994e-08	-73.634721
19600	4.3622831e-08	-73.602862
19700	4.3946827e-08	-73.570725
19800	4.4276089e-08	-73.538308
19900	4.4610725e-08	-73.505607
20000	4.4950848e-08	-73.472621
20100	4.5296573e-08	-73.439347
20200	4.564802e-08	-73.405781
20300	4.600531e-08	-73.37192
20400	4.6368568e-08	-73.337763
20500	4.6737922e-08	-73.303306
20600	4.7113506e-08	-73.268546
20700	4.7495455e-08	-73.233479
20800	4.788391e-08	-73.198104
20900	4.8279013e-08	-73.162416
21000	4.8680913e-08	-73.126413
21100	4.9089762e-08	-73.090091
21200	4.9505718e-08	-73.053446
21300	4.992894e-08	-73.016477
21400	5.0359596e-08	-72.979178
21500	5.0797855e-08	-72.941546
21600	5.1243894e-08	-72.903579
21700	5.1697894e-08	-72.865271
21800	5.2160042e-08	-72.826621
21900	5.263053e-08	-72.787623
22000	5.3109555e-08	-72.748273
22100	5.3597323e-08	-72.708569
22200	5.4094043e-08	-72.668506
22300	5.4599933e-08	-72.628079
22400	5.5115215e-08	-72.587285
22500	5.5640122e-08	-72.546119
22600	5.617489e-08	-72.504578
22700	5.6719766e-08	-72.462656
22800	5.7275003e-08	-72.420349
22900	5.7840863e-08	-72.377652
23000	5.8417615e-08	-72.334562
23100	5.9005538e-08	-72.291072
23200	5.9604922e-08	-72.247179
23300	6.0216062e-08	-72.202877
23400	6.0839267e-08	-72.15816
23500	6.1474854e-08	-72.113025
23600	6.2123153e-08	-72.067465
23700	6.2784502e-08	-72.021475
23800	6.3459254e-08	-71.97505
23900	6.414777e-08	-71.928184
24000	6.4850429e-08	-71.880871
24100	6.5567618e-08	-71.833106
24200	6.6299742e-08	-71.784882
24300	6.7047216e-08	-71.736193
24400	6.7810474e-08	-71.687032
24500	6.8589962e-08	-71.637394
24600	6.9386146e-08	-71.587272
24700	7.0199505e-08	-71.536659
24800	7.1030539e-08	-71.485549
24900	7.1879765e-08	-71.433933
25000	7.2747719e-08	-71.381806
25100	7.3634959e-08	-71.32916
25200	7.4542061e-08	-71.275986
25300	7.5469626e-08	-71.222278
25400	7.6418278e-08	-71.168028
25500	7.7388663e-08	-71.113227
25600	7.8381454e-08	-71.057867
25700	7.9397351e-08	-71.00194
25800	8.0437081e-08	-70.945437
25900	8.1501401e-08	-70.888349
26000	8.2591098e-08	-70.830668
26100	8.3706991e-08	-70.772383
26200	8.4849933e-08	-70.713485
26300	8.6020814e-08	-70.653965
26400	8.7220558e-08	-70.593811
26500	8.845013e-08	-70.533015
26600	8.9710538e-08	-70.471565
26700	9.1002831e-08	-70.409451
26800	9.2328103e-08	-70.346661
26900	9.3687497e-08	-70.283184
27000	9.5082208e-08	-70.219007
27100	9.6513482e-08	-70.15412
27200	9.7982622e-08	-70.088509
27300	9.9490991e-08	-70.022162
27400	1.0104001e-07	-69.955066
27500	1.0263118e-07	-69.887207
27600	1.0426605e-07	-69.818571
27700	1.0594626e-07	-69.749144
27800	1.0767352e-07	-69.678911
27900	1.0944963e-07	-69.607857
28000	1.1127647e-07	-69.535967
28100	1.1315601e-07	-69.463224
28200	1.1509032e-07	-69.389612
28300	1.1708159e-07	-69.315114
28400	1.191321e-07	-69.239712
28500	1.2124425e-07	-69.163389
28600	1.2342057e-07	-69.086125
28700	1.2566373e-07	-69.007901
28800	1.2797652e-07	-68.928697
28900	1.3036189e-07	-68.848493
29000	1.3282297e-07	-68.767268
29100	1.3536302e-07	-68.685
29200	1.3798552e-07	-68.601665
29300	1.4069412e-07	-68.517241
29400	1.4349268e-07	-68.431703
29500	1.4638529e-07	-68.345026
29600	1.4937626e-07	-68.257184
29700	1.5247019e-07	-68.168151
29800	1.5567191e-07	-68.077898
29900	1.5898656e-07	-67.986396
30000	1.6241959e-07	-67.893616
30100	1.659768e-07	-67.799526
30200	1.6966432e-07	-67.704095
30300	1.7348871e-07	-67.607288
30400	1.7745691e-07	-67.509071
30500	1.8157634e-07	-67.409407
30600	1.8585489e-07	-67.30826
30700	1.9030099e-07	-67.20559
30800	1.9492363e-07	-67.101355
30900	1.9973243e-07	-66.995514
31000	2.0473766e-07	-66.888023
31100	2.0995034e-07	-66.778834
31200	2.1538225e-07	-66.667901
31300	2.2104607e-07	-66.555172
31400	2.2695537e-07	-66.440595
31500	2.3312478e-07	-66.324116
31600	2.3957001e-07	-66.205676
31700	2.46308e-07	-66.085215
31800	2.5335704e-07	-65.96267
31900	2.6073686e-07	-65.837976
32000	2.684688e-07	-65.711062
32100	2.7657598e-07	-65.581855
32200	2.8508345e-07	-65.45028
32300	2.9401842e-07	-65.316255
32400	3.0341046e-07	-65.179695
32500	3.1329177e-07	-65.04051
32600	3.2369749e-07	-64.898607
32700	3.3466597e-07	-64.753884
32800	3.4623918e-07	-64.606238
32900	3.5846312e-07	-64.455555
33000	3.713883e-07	-64.301718
33100	3.8507025e-07	-64.1446
33200	3.9957019e-07	-63.984069
33300	4.1495574e-07	-63.819982
33400	4.3130169e-07	-63.652188
33500	4.4869102e-07	-63.480526
33600	4.6721595e-07	-63.304823
33700	4.8697925e-07	-63.124895
33800	5.0809571e-07	-62.940545
33900	5.3069389e-07	-62.751559
34000	5.549182e-07	-62.55771
34100	5.8093129e-07	-62.358752
34200	6.0891691e-07	-62.15442
34300	6.3908336e-07	-61.944425
34400	6.7166755e-07	-61.728456
34500	7.069399e-07	-61.506175
34600	7.4521027e-07	-61.277212
34700	7.8683515e-07	-61.041162
34800	8.3222645e-07	-60.797585
34900	8.818623e-07	-60.545992
35000	9.3630043e-07	-60.285848
35100	9.9619487e-07	-60.016557
35200	1.0623168e-06	-59.737459
35300	1.1355814e-06	-59.447817
35400	1.2170812e-06	-59.146805
35500	1.3081304e-06	-58.83349
35600	1.4103217e-06	-58.506818
35700	1.5256018e-06	-58.165588
35800	1.6563715e-06	-57.808423
35900	1.8056221e-06	-57.433731
36000	1.9771222e-06	-57.039665
36100	2.175679e-06	-56.624052
36200	2.4075092e-06	-56.184321
36300	2.6807784e-06	-55.717391
36400	3.0064027e-06	-55.219529
36500	3.3992694e-06	-54.686144
36600	3.880158e-06	-54.111506
36700	4.478862e-06	-53.488323
36800	5.2394759e-06	-52.807122
36900	6.2297817e-06	-52.055272
37000	7.5588912e-06	-51.215419
37100	9.4128049e-06	-50.262809
37200	1.2132628e-05	-49.160451
37300	1.6407258e-05	-47.84964
37400	2.3826681e-05	-46.229365
37500	3.8864673e-05	-44.10445
37600	7.9040824e-05	-41.021485
37700	0.00028367285	-35.471822
37800	0.24772685	-6.0602692
37900	0.00016475472	-37.831621
38000	2.9843274e-05	-45.251535
38100	7.608069e-06	-51.187256
38200	1.3730997e-06	-58.622979
38300	5.2127425e-09	-82.829337
38400	1.7549439e-06	-57.557368
38500	8.6924356e-06	-50.608585
38600	3.3333055e-05	-44.771249
38700	0.00019093918	-37.19105
38800	0.25071826	-6.0081403
38900	0.00025166213	-35.991821
39000	7.3748717e-05	-41.322455
39100	3.6689033e-05	-44.354637
39200	2.2549904e-05	-46.468553
39300	1.5514252e-05	-48.092692
39400	1.1443902e-05	-49.414259
39500	8.8490885e-06	-50.531015
39600	7.0792566e-06	-51.500123
39700	5.8106274e-06	-52.35777
39800	4.8660312e-06	-53.128251
39900	4.1412849e-06	-53.828649
40000	3.5715598e-06	-54.471421
40100	3.1146343e-06	-55.065929
40200	2.7419591e-06	-55.61939
40300	2.4336139e-06	-56.137483
40400	2.1753236e-06	-56.624761
40500	1.9566215e-06	-57.084932
40600	1.7696787e-06	-57.521056
40700	1.6085367e-06	-57.93569
40800	1.4685896e-06	-58.330995
40900	1.3462284e-06	-58.708813
41000	1.2385897e-06	-59.070726
41100	1.1433768e-06	-59.418106
41200	1.0587289e-06	-59.752152
41300	9.8312448e-07	-60.073915
41400	9.1530892e-07	-60.384323
41500	8.5423996e-07	-60.684201
41600	7.9904551e-07	-60.974285
41700	7.489911e-07	-61.255233
41800	7.0345446e-07	-61.52764
41900	6.6190537e-07	-61.792041
42000	6.2388971e-07	-62.048922
42100	5.8901664e-07	-62.298724
42200	5.5694818e-07	-62.541852
42300	5.2739087e-07	-62.778674
42400	5.0008885e-07	-63.009528
42500	4.7481817e-07	-63.234727
42600	4.5138215e-07	-63.454556
42700	4.2960742e-07	-63.669282
42800	4.0934071e-07	-63.879151
42900	3.9044607e-07	-64.084389
43000	3.7280259e-07	-64.285211
43100	3.5630243e-07	-64.481812
43200	3.4084914e-07	-64.674378
43300	3.2635625e-07	-64.863081
43400	3.1274608e-07	-65.048081
43500	2.9994862e-07	-65.229531
43600	2.8790071e-07	-65.407573
43700	2.765452e-07	-65.582339
43800	2.6583029e-07	-65.753955
43900	2.5570893e-07	-65.922541
44000	2.4613834e-07	-66.088207
44100	2.370795e-07	-66.25106
44200	2.284968e-07	-66.411199
44300	2.2035766e-07	-66.568718
44400	2.1263226e-07	-66.723708
44500	2.0529322e-07	-66.876254
44600	1.9831539e-07	-67.026436
44700	1.9167565e-07	-67.174331
44800	1.8535267e-07	-67.320011
44900	1.7932681e-07	-67.463548
45000	1.7357989e-07	-67.605006
45100	1.6809511e-07	-67.744449
45200	1.6285693e-07	-67.881938
45300	1.5785092e-07	-68.017529
45400	1.530637e-07	-68.151278
45500	1.4848282e-07	-68.283238
45600	1.4409674e-07	-68.413459
45700	1.3989466e-07	-68.541989
45800	1.3586657e-07	-68.668874
45900	1.3200309e-07	-68.794159
46000	1.2829547e-07	-68.917887
46100	1.2473555e-07	-69.040098
46200	1.2131567e-07	-69.160831
46300	1.1802869e-07	-69.280124
46400	1.1486788e-07	-69.398014
46500	1.1182695e-07	-69.514535
46600	1.089e-07	-69.629721
46700	1.0608147e-07	-69.743605
46800	1.0336615e-07	-69.856217
46900	1.0074913e-07	-69.967587
47000	9.8225794e-08	-70.077745
47100	9.5791778e-08	-70.186718
47200	9.344298e-08	-70.294533
47300	9.1175526e-08	-70.401217
47400	8.8985759e-08	-70.506795
47500	8.6870225e-08	-70.611291
47600	8.4825657e-08	-70.714728
47700	8.2848966e-08	-70.817129
47800	8.0937228e-08	-70.918517
47900	7.9087673e-08	-71.018912
48000	7.7297678e-08	-71.118336
48100	7.5564754e-08	-71.216807
48200	7.3886542e-08	-71.314347
48300	7.2260801e-08	-71.410972
48400	7.0685405e-08	-71.506703
48500	6.9158331e-08	-71.601555
48600	6.7677658e-08	-71.695547
48700	6.6241559e-08	-71.788695
48800	6.4848294e-08	-71.881014
48900	6.3496208e-08	-71.972522
49000	6.2183723e-08	-72.063233
49100	6.0909337e-08	-72.153161
49200	5.9671616e-08	-72.242322
49300	5.8469196e-08	-72.330729
49400	5.7300771e-08	-72.418395
49500	5.6165096e-08	-72.505335
49600	5.5060984e-08	-72.59156
49700	5.3987299e-08	-72.677084
49800	5.2942954e-08	-72.761918
49900	5.1926912e-08	-72.846075
50000	5.0938181e-08	-72.929566
50100	4.9975811e-08	-73.012402
50200	4.9038891e-08	-73.094594
50300	4.8126552e-08	-73.176153
50400	4.7237959e-08	-73.257089
50500	4.6372312e-08	-73.337413
50600	4.5528846e-08	-73.417134
50700	4.4706825e-08	-73.496262
50800	4.3905544e-08	-73.574806
50900	4.3124327e-08	-73.652777
51000	4.2362525e-08	-73.730182
51100	4.1619513e-08	-73.80703
51200	4.0894694e-08	-73.88333
51300	4.018749e-08	-73.959091
51400	3.949735e-08	-74.03432
51500	3.8823741e-08	-74.109026
51600	3.8166151e-08	-74.183216
51700	3.752409e-08	-74.256898
51800	3.6897083e-08	-74.33008
51900	3.6284674e-08	-74.402768
52000	3.5686425e-08	-74.47497
52100	3.5101913e-08	-74.546692
52200	3.4530731e-08	-74.617942
52300	3.3972486e-08	-74.688727
52400	3.3426801e-08	-74.759052
52500	3.2893311e-08	-74.828924
52600	3.2371664e-08	-74.89835
52700	3.1861521e-08	-74.967335
52800	3.1362555e-08	-75.035886
52900	3.087445e-08	-75.104008
53000	3.0396902e-08	-75.171707
53100	2.9929615e-08	-75.238989
53200	2.9472306e-08	-75.305859
53300	2.9024701e-08	-75.372323
53400	2.8586533e-08	-75.438385
53500	2.8157546e-08	-75.504052
53600	2.7737492e-08	-75.569328
53700	2.7326133e-08	-75.634218
53800	2.6923235e-08	-75.698728
53900	2.6528575e-08	-75.762861
54000	2.6141936e-08	-75.826623
54100	2.5763108e-08	-75.890018
54200	2.5391887e-08	-75.95305
54300	2.5028078e-08	-76.015725
54400	2.4671489e-08	-76.078046
54500	2.4321936e-08	-76.140019
54600	2.3979241e-08	-76.201646
54700	2.364323e-08	-76.262932
54800	2.3313736e-08	-76.323881
54900	2.2990596e-08	-76.384498
55000	2.2673652e-08	-76.444785
55100	2.2362752e-08	-76.504747
55200	2.2057748e-08	-76.564388
55300	2.1758495e-08	-76.623712
55400	2.1464854e-08	-76.682721
55500	2.117669e-08	-76.741419
55600	2.0893872e-08	-76.799811
55700	2.0616271e-08	-76.857899
55800	2.0343766e-08	-76.915687
55900	2.0076234e-08	-76.973177
56000	1.9813561e-08	-77.030375
56100	1.9555631e-08	-77.087282
56200	1.9302336e-08	-77.143901
56300	1.9053568e-08	-77.200237
56400	1.8809224e-08	-77.256291
56500	1.8569202e-08	-77.312068
56600	1.8333404e-08	-77.367569
56700	1.8101735e-08	-77.422798
56800	1.7874102e-08	-77.477758
56900	1.7650415e-08	-77.532451
57000	1.7430585e-08	-77.58688
57100	1.7214529e-08	-77.641049
57200	1.7002162e-08	-77.694959
57300	1.6793404e-08	-77.748613
57400	1.6588175e-08	-77.802014
57500	1.6386401e-08	-77.855164
57600	1.6188005e-08	-77.908067
57700	1.5992916e-08	-77.960724
57800	1.5801062e-08	-78.013137
57900	1.5612375e-08	-78.06531
58000	1.5426789e-08	-78.117245
58100	1.5244237e-08	-78.168943
58200	1.5064656e-08	-78.220408
58300	1.4887984e-08	-78.271641
58400	1.4714161e-08	-78.322645
58500	1.4543128e-08	-78.373422
58600	1.4374828e-08	-78.423974
58700	1.4209204e-08	-78.474303
58800	1.4046202e-08	-78.524411
58900	1.3885769e-08	-78.574301
59000	1.3727853e-08	-78.623974
59100	1.3572404e-08	-78.673432
59200	1.3419372e-08	-78.722678
59300	1.3268709e-08	-78.771713
59400	1.3120368e-08	-78.82054
59500	1.2974304e-08	-78.869159
59600	1.2830471e-08	-78.917574
59700	1.2688826e-08	-78.965786
59800	1.2549327e-08	-79.013796
59900	1.2411931e-08	-79.061606
60000	1.2276599e-08	-79.109219
60100	1.2143291e-08	-79.156636
60200	1.2011967e-08	-79.203859
60300	1.1882591e-08	-79.250888
60400	1.1755125e-08	-79.297727
60500	1.1629533e-08	-79.344377
60600	1.150578e-08	-79.390839
60700	1.1383832e-08	-79.437115
60800	1.1263655e-08	-79.483207
60900	1.1145215e-08	-79.529115
61000	1.1028482e-08	-79.574843
61100	1.0913423e-08	-79.62039
61200	1.0800008e-08	-79.665759
61300	1.0688207e-08	-79.710951
61400	1.0577991e-08	-79.755968
61500	1.046933e-08	-79.800811
61600	1.0362197e-08	-79.845482
61700	1.0256564e-08	-79.889981
61800	1.0152406e-08	-79.93431
61900	1.0049694e-08	-79.978472
62000	9.9484038e-09	-80.022466
62100	9.8485103e-09	-80.066295
62200	9.7499887e-09	-80.109959
62300	9.6528151e-09	-80.15346
62400	9.5569658e-09	-80.1968
62500	9.4624178e-09	-80.239979
62600	9.3691487e-09	-80.282999
62700	9.2771363e-09	-80.325861
62800	9.186359e-09	-80.368566
62900	9.0967957e-09	-80.411116
63000	9.0084257e-09	-80.453511
63100	8.9212287e-09	-80.495753
63200	8.8351849e-09	-80.537844
63300	8.7502748e-09	-80.579783
63400	8.6664793e-09	-80.621573
63500	8.5837799e-09	-80.663214
63600	8.5021583e-09	-80.704708
63700	8.4215964e-09	-80.746056
63800	8.3420769e-09	-80.787258
63900	8.2635825e-09	-80.828316
64000	8.1860965e-09	-80.869231
64100	8.1096021e-09	-80.910005
64200	8.0340835e-09	-80.950637
64300	7.9595245e-09	-80.991129
64400	7.8859099e-09	-81.031482
64500	7.8132242e-09	-81.071697
64600	7.7414526e-09	-81.111775
64700	7.6705804e-09	-81.151718
64800	7.6005933e-09	-81.191525
64900	7.5314772e-09	-81.231198
65000	7.4632184e-09	-81.270739
65100	7.3958032e-09	-81.310147
65200	7.3292184e-09	-81.349423
65300	7.263451e-09	-81.38857
65400	7.1984882e-09	-81.427587
65500	7.1343176e-09	-81.466476
65600	7.0709267e-09	-81.505237
65700	7.0083036e-09	-81.543871
65800	6.9464364e-09	-81.582379
65900	6.8853135e-09	-81.620763
66000	6.8249236e-09	-81.659022
66100	6.7652554e-09	-81.697158
66200	6.706298e-09	-81.735172
66300	6.6480406e-09	-81.773063
66400	6.5904726e-09	-81.810834
66500	6.5335837e-09	-81.848485
66600	6.4773637e-09	-81.886017
66700	6.4218026e-09	-81.923431
66800	6.3668905e-09	-81.960726
66900	6.3126179e-09	-81.997905
67000	6.2589753e-09	-82.034968
67100	6.2059533e-09	-82.071915
67200	6.1535429e-09	-82.108748
67300	6.1017351e-09	-82.145467
67400	6.0505211e-09	-82.182072
67500	5.9998922e-09	-82.218566
67600	5.94984e-09	-82.254947
67700	5.9003561e-09	-82.291218
67800	5.8514322e-09	-82.327378
67900	5.8030605e-09	-82.363429
68000	5.7552329e-09	-82.399371
68100	5.7079417e-09	-82.435205
68200	5.6611792e-09	-82.470931
68300	5.614938e-09	-82.50655
68400	5.5692106e-09	-82.542064
68500	5.5239899e-09	-82.577471
68600	5.4792686e-09	-82.612774
68700	5.4350398e-09	-82.647973
68800	5.3912966e-09	-82.683068
68900	5.3480322e-09	-82.71806
69000	5.30524e-09	-82.75295
69100	5.2629135e-09	-82.787738
69200	5.2210462e-09	-82.822425
69300	5.1796317e-09	-82.857011
69400	5.138664e-09	-82.891498
69500	5.0981368e-09	-82.925885
69600	5.0580442e-09	-82.960174
69700	5.0183802e-09	-82.994364
69800	4.979139e-09	-83.028457
69900	4.940315e-09	-83.062454
70000	4.9019025e-09	-83.096353
70100	4.8638959e-09	-83.130157
70200	4.8262899e-09	-83.163866
70300	4.789079e-09	-83.19748
70400	4.7522581e-09	-83.231
70500	4.7158219e-09	-83.264426
70600	4.6797653e-09	-83.297759
70700	4.6440833e-09	-83.331
70800	4.6087711e-09	-83.364149
70900	4.5738237e-09	-83.397206
71000	4.5392363e-09	-83.430172
71100	4.5050043e-09	-83.463048
71200	4.471123e-09	-83.495834
71300	4.4375879e-09	-83.52853
71400	4.4043945e-09	-83.561138
71500	4.3715384e-09	-83.593657
71600	4.3390152e-09	-83.626088
71700	4.3068208e-09	-83.658432
71800	4.2749507e-09	-83.690689
71900	4.243401e-09	-83.722859
72000	4.2121676e-09	-83.754944
72100	4.1812464e-09	-83.786942
72200	4.1506334e-09	-83.818856
72300	4.1203249e-09	-83.850685
72400	4.0903169e-09	-83.88243
72500	4.0606057e-09	-83.914092
72600	4.0311876e-09	-83.94567
72700	4.0020588e-09	-83.977165
72800	3.9732159e-09	-84.008578
72900	3.9446552e-09	-84.039909
73000	3.9163733e-09	-84.071159
73100	3.8883667e-09	-84.102328
73200	3.8606321e-09	-84.133416
73300	3.833166e-09	-84.164424
73400	3.8059652e-09	-84.195352
73500	3.7790265e-09	-84.226201
73600	3.7523466e-09	-84.256971
73700	3.7259224e-09	-84.287662
73800	3.6997509e-09	-84.318275
73900	3.6738288e-09	-84.348811
74000	3.6481534e-09	-84.379269
74100	3.6227215e-09	-84.409651
74200	3.5975303e-09	-84.439955
74300	3.5725768e-09	-84.470184
74400	3.5478583e-09	-84.500337
74500	3.5233719e-09	-84.530415
74600	3.499115e-09	-84.560418
74700	3.4750846e-09	-84.590346
74800	3.4512783e-09	-84.6202
74900	3.4276933e-09	-84.64998
75000	3.4043271e-09	-84.679687
75100	3.381177e-09	-84.709321
75200	3.3582406e-09	-84.738882
75300	3.3355154e-09	-84.76837
75400	3.3129989e-09	-84.797787
75500	3.2906886e-09	-84.827132
75600	3.2685823e-09	-84.856406
75700	3.2466775e-09	-84.885609
75800	3.2249719e-09	-84.914741
75900	3.2034632e-09	-84.943803
76000	3.1821492e-09	-84.972795
76100	3.1610277e-09	-85.001717
76200	3.1400964e-09	-85.03057
76300	3.1193532e-09	-85.059355
76400	3.0987959e-09	-85.08807
76500	3.0784225e-09	-85.116718
76600	3.0582308e-09	-85.145297
76700	3.0382189e-09	-85.173809
76800	3.0183846e-09	-85.202254
76900	2.9987261e-09	-85.230632
77000	2.9792413e-09	-85.258943
77100	2.9599283e-09	-85.287188
77200	2.9407852e-09	-85.315367
77300	2.9218101e-09	-85.34348
77400	2.9030011e-09	-85.371528
77500	2.8843565e-09	-85.399511
77600	2.8658743e-09	-85.427429
77700	2.8475528e-09	-85.455282
77800	2.8293903e-09	-85.483071
77900	2.811385e-09	-85.510797
78000	2.7935351e-09	-85.538459
78100	2.775839e-09	-85.566057
78200	2.7582951e-09	-85.593593
78300	2.7409016e-09	-85.621066
78400	2.7236569e-09	-85.648476
78500	2.7065595e-09	-85.675824
78600	2.6896077e-09	-85.703111
78700	2.6728e-09	-85.730335
78800	2.6561348e-09	-85.757499
78900	2.6396106e-09	-85.784601
79000	2.6232259e-09	-85.811643
79100	2.6069792e-09	-85.838624
79200	2.5908691e-09	-85.865545
79300	2.5748941e-09	-85.892406
79400	2.5590527e-09	-85.919208
79500	2.5433436e-09	-85.94595
79600	2.5277654e-09	-85.972632
79700	2.5123166e-09	-85.999256
79800	2.496996e-09	-86.025821
79900	2.4818022e-09	-86.052328
80000	2.4667339e-09	-86.078777
80100	2.4517897e-09	-86.105168
80200	2.4369684e-09	-86.131501
80300	2.4222686e-09	-86.157777
80400	2.4076893e-09	-86.183996
80500	2.393229e-09	-86.210157
80600	2.3788866e-09	-86.236263
80700	2.3646608e-09	-86.262311
80800	2.3505505e-09	-86.288304
80900	2.3365545e-09	-86.314241
81000	2.3226716e-09	-86.340122
81100	2.3089007e-09	-86.365947
81200	2.2952406e-09	-86.391718
81300	2.2816902e-09	-86.417433
81400	2.2682483e-09	-86.443094
81500	2.254914e-09	-86.4687
81600	2.2416861e-09	-86.494252
81700	2.2285635e-09	-86.51975
81800	2.2155452e-09	-86.545194
81900	2.2026301e-09	-86.570584
82000	2.1898173e-09	-86.595921
82100	2.1771056e-09	-86.621205
82200	2.1644941e-09	-86.646436
82300	2.1519818e-09	-86.671614
82400	2.1395677e-09	-86.69674
82500	2.1272508e-09	-86.721813
82600	2.1150302e-09	-86.746834
82700	2.1029049e-09	-86.771804
82800	2.090874e-09	-86.796721
82900	2.0789365e-09	-86.821588
83000	2.0670916e-09	-86.846403
83100	2.0553383e-09	-86.871167
83200	2.0436758e-09	-86.89588
83300	2.0321031e-09	-86.920543
83400	2.0206195e-09	-86.945155
83500	2.0092239e-09	-86.969717
83600	1.9979157e-09	-86.994228
83700	1.9866939e-09	-87.01869
83800	1.9755577e-09	-87.043103
83900	1.9645062e-09	-87.067466
84000	1.9535387e-09	-87.09178
84100	1.9426544e-09	-87.116044
84200	1.9318525e-09	-87.14026
84300	1.9211322e-09	-87.164428
84400	1.9104926e-09	-87.188546
84500	1.8999331e-09	-87.212617
84600	1.8894529e-09	-87.236639
84700	1.8790513e-09	-87.260614
84800	1.8687274e-09	-87.28454
84900	1.8584806e-09	-87.30842
85000	1.8483101e-09	-87.332252
85100	1.8382152e-09	-87.356036
85200	1.8281953e-09	-87.379774
85300	1.8182495e-09	-87.403465
85400	1.8083773e-09	-87.427109
85500	1.798578e-09	-87.450707
85600	1.7888507e-09	-87.474259
85700	1.779195e-09	-87.497764
85800	1.7696101e-09	-87.521224
85900	1.7600954e-09	-87.544638
86000	1.7506502e-09	-87.568006
86100	1.7412739e-09	-87.591329
86200	1.7319659e-09	-87.614607
86300	1.7227255e-09	-87.637839
86400	1.7135521e-09	-87.661027
86500	1.7044451e-09	-87.68417
86600	1.6954039e-09	-87.707268
86700	1.6864279e-09	-87.730322
86800	1.6775165e-09	-87.753332
86900	1.6686691e-09	-87.776298
87000	1.6598852e-09	-87.79922
87100	1.6511641e-09	-87.822098
87200	1.6425053e-09	-87.844932
87300	1.6339083e-09	-87.867723
87400	1.6253725e-09	-87.890471
87500	1.6168973e-09	-87.913176
87600	1.6084822e-09	-87.935837
87700	1.6001267e-09	-87.958456
87800	1.5918302e-09	-87.981033
87900	1.5835922e-09	-88.003566
88000	1.5754122e-09	-88.026058
88100	1.5672897e-09	-88.048507
88200	1.5592242e-09	-88.070914
88300	1.5512151e-09	-88.09328
88400	1.543262e-09	-88.115603
88500	1.5353643e-09	-88.137885
88600	1.5275217e-09	-88.160126
88700	1.5197336e-09	-88.182325
88800	1.5119994e-09	-88.204484
88900	1.5043189e-09	-88.226601
89000	1.4966914e-09	-88.248677
89100	1.4891166e-09	-88.270713
89200	1.4815939e-09	-88.292708
89300	1.474123e-09	-88.314663
89400	1.4667033e-09	-88.336577
89500	1.4593345e-09	-88.358452
89600	1.4520161e-09	-88.380286
89700	1.4447476e-09	-88.40208
89800	1.4375286e-09	-88.423835
89900	1.4303588e-09	-88.44555
90000	1.4232377e-09	-88.467226
90100	1.4161648e-09	-88.488862
90200	1.4091398e-09	-88.510459
90300	1.4021622e-09	-88.532017
90400	1.3952317e-09	-88.553537
90500	1.3883478e-09	-88.575017
90600	1.3815102e-09	-88.596459
90700	1.3747184e-09	-88.617862
90800	1.3679722e-09	-88.639227
90900	1.361271e-09	-88.660554
91000	1.3546145e-09	-88.681843
91100	1.3480024e-09	-88.703093
91200	1.3414343e-09	-88.724306
91300	1.3349097e-09	-88.745481
91400	1.3284284e-09	-88.766618
91500	1.32199e-09	-88.787718
91600	1.3155941e-09	-88.808781
91700	1.3092403e-09	-88.829806
91800	1.3029284e-09	-88.850795
91900	1.2966579e-09	-88.871746
92000	1.2904286e-09	-88.89266
92100	1.2842401e-09	-88.913538
92200	1.278092e-09	-88.934379
92300	1.271984e-09	-88.955183
92400	1.2659159e-09	-88.975952
92500	1.2598872e-09	-88.996683
92600	1.2538976e-09	-89.017379
92700	1.2479469e-09	-89.038039
92800	1.2420347e-09	-89.058663
92900	1.2361606e-09	-89.079251
93000	1.2303245e-09	-89.099803
93100	1.2245259e-09	-89.12032
93200	1.2187646e-09	-89.140802
93300	1.2130403e-09	-89.161248
93400	1.2073527e-09	-89.181658
93500	1.2017014e-09	-89.202034
93600	1.1960862e-09	-89.222375
93700	1.1905069e-09	-89.242681
93800	1.184963e-09	-89.262952
93900	1.1794543e-09	-89.283189
94000	1.1739806e-09	-89.303391
94100	1.1685416e-09	-89.323558
94200	1.163137e-09	-89.343691
94300	1.1577664e-09	-89.36379
94400	1.1524298e-09	-89.383855
94500	1.1471267e-09	-89.403886
94600	1.1418569e-09	-89.423883
94700	1.1366201e-09	-89.443847
94800	1.1314162e-09	-89.463776
94900	1.1262447e-09	-89.483672
95000	1.1211056e-09	-89.503535
95100	1.1159985e-09	-89.523364
95200	1.1109231e-09	-89.54316
95300	1.1058793e-09	-89.562923
95400	1.1008667e-09	-89.582653
95500	1.0958852e-09	-89.602349
95600	1.0909345e-09	-89.622013
95700	1.0860143e-09	-89.641645
95800	1.0811244e-09	-89.661243
95900	1.0762647e-09	-89.680809
96000	1.0714347e-09	-89.700343
96100	1.0666344e-09	-89.719844
96200	1.0618635e-09	-89.739313
96300	1.0571217e-09	-89.75875
96400	1.0524089e-09	-89.778155
96500	1.0477248e-09	-89.797528
96600	1.0430692e-09	-89.816869
96700	1.0384419e-09	-89.836178
96800	1.0338426e-09	-89.855456
96900	1.0292712e-09	-89.874702
97000	1.0247274e-09	-89.893916
97100	1.0202111e-09	-89.9131
97200	1.015722e-09	-89.932252
97300	1.0112599e-09	-89.951372
97400	1.0068246e-09	-89.970462
97500	1.0024159e-09	-89.989521
97600	9.9803358e-10	-90.008548
97700	9.936775e-10	-90.027545
97800	9.8934744e-10	-90.046512
97900	9.8504319e-10	-90.065447
98000	9.8076456e-10	-90.084352
98100	9.7651136e-10	-90.103227
98200	9.7228341e-10	-90.122071
98300	9.680805e-10	-90.140885
98400	9.6390247e-10	-90.159669
98500	9.5974911e-10	-90.178423
98600	9.5562025e-10	-90.197147
98700	9.5151571e-10	-90.21584
98800	9.4743531e-10	-90.234504
98900	9.4337886e-10	-90.253139
99000	9.393462e-10	-90.271743
99100	9.3533714e-10	-90.290318
99200	9.3135152e-10	-90.308864
99300	9.2738916e-10	-90.32738
99400	9.2344988e-10	-90.345867
99500	9.1953353e-10	-90.364324
99600	9.1563993e-10	-90.382753
99700	9.1176892e-10	-90.401152
99800	9.0792034e-10	-90.419523
99900	9.0409401e-10	-90.437864
100000	9.0028978e-10	-90.456177
100100	8.9650749e-10	-90.474461
100200	8.9274697e-10	-90.492716
100300	8.8900808e-10	-90.510943
100400	8.8529065e-10	-90.529141
100500	8.8159453e-10	-90.547311
100600	8.7791957e-10	-90.565453
100700	8.7426562e-10	-90.583566
100800	8.7063251e-10	-90.601651
100900	8.6702012e-10	-90.619708
101000	8.6342827e-10	-90.637737
101100	8.5985684e-10	-90.655738
101200	8.5630567e-10	-90.673712
101300	8.5277462e-10	-90.691657
101400	8.4926354e-10	-90.709575
101500	8.457723e-10	-90.727465
101600	8.4230075e-10	-90.745328
101700	8.3884876e-10	-90.763163
101800	8.3541617e-10	-90.780971
101900	8.3200287e-10	-90.798752
102000	8.2860871e-10	-90.816505
102100	8.2523356e-10	-90.834231
102200	8.2187727e-10	-90.85193
102300	8.1853973e-10	-90.869602
102400	8.152208e-10	-90.887247
102500	8.1192035e-10	-90.904866
102600	8.0863824e-10	-90.922457
102700	8.0537436e-10	-90.940022
102800	8.0212858e-10	-90.95756
102900	7.9890076e-10	-90.975072
103000	7.9569078e-10	-90.992557
103100	7.9249852e-10	-91.010015
103200	7.8932386e-10	-91.027448
103300	7.8616668e-10	-91.044854
103400	7.8302684e-10	-91.062233
103500	7.7990424e-10	-91.079587
103600	7.7679876e-10	-91.096915
103700	7.7371028e-10	-91.114216
103800	7.7063867e-10	-91.131492
103900	7.6758383e-10	-91.148742
104000	7.6454564e-10	-91.165966
104100	7.6152398e-10	-91.183164
104200	7.5851875e-10	-91.200337
104300	7.5552982e-10	-91.217484
104400	7.525571e-10	-91.234605
104500	7.4960046e-10	-91.251702
104600	7.466598e-10	-91.268772
104700	7.4373502e-10	-91.285818
104800	7.4082599e-10	-91.302838
104900	7.3793263e-10	-91.319833
105000	7.3505481e-10	-91.336803
105100	7.3219244e-10	-91.353748
105200	7.2934541e-10	-91.370667
105300	7.2651362e-10	-91.387562
105400	7.2369697e-10	-91.404432
105500	7.2089534e-10	-91.421278
105600	7.1810866e-10	-91.438098
105700	7.153368e-10	-91.454894
105800	7.1257968e-10	-91.471666
105900	7.098372e-10	-91.488412
106000	7.0710925e-10	-91.505135
106100	7.0439574e-10	-91.521833
106200	7.0169658e-10	-91.538506
106300	6.9901167e-10	-91.555156
106400	6.9634091e-10	-91.571781
106500	6.9368422e-10	-91.588382
106600	6.9104149e-10	-91.604959
106700	6.8841264e-10	-91.621512
106800	6.8579758e-10	-91.638041
106900	6.831962e-10	-91.654546
107000	6.8060844e-10	-91.671027
107100	6.7803418e-10	-91.687484
107200	6.7547335e-10	-91.703918
107300	6.7292586e-10	-91.720328
107400	6.7039162e-10	-91.736714
107500	6.6787055e-10	-91.753077
107600	6.6536255e-10	-91.769416
107700	6.6286754e-10	-91.785732
107800	6.6038544e-10	-91.802025
107900	6.5791617e-10	-91.818294
108000	6.5545964e-10	-91.83454
108100	6.5301576e-10	-91.850763
108200	6.5058446e-10	-91.866963
108300	6.4816566e-10	-91.88314
108400	6.4575927e-10	-91.899294
108500	6.4336521e-10	-91.915424
108600	6.4098341e-10	-91.931532
108700	6.3861379e-10	-91.947617
108800	6.3625626e-10	-91.963679
108900	6.3391076e-10	-91.979719
109000	6.3157719e-10	-91.995736
109100	6.2925549e-10	-92.01173
109200	6.2694559e-10	-92.027701
109300	6.246474e-10	-92.043651
109400	6.2236085e-10	-92.059577
109500	6.2008586e-10	-92.075482
109600	6.1782237e-10	-92.091364
109700	6.155703e-10	-92.107223
109800	6.1332958e-10	-92.123061
109900	6.1110014e-10	-92.138876
110000	6.0888189e-10	-92.154669
110100	6.0667479e-10	-92.170441
110200	6.0447874e-10	-92.18619
110300	6.0229369e-10	-92.201917
110400	6.0011957e-10	-92.217622
110500	5.979563e-10	-92.233306
110600	5.9580382e-10	-92.248967
110700	5.9366206e-10	-92.264607
110800	5.9153095e-10	-92.280225
110900	5.8941043e-10	-92.295822
111000	5.8730043e-10	-92.311397
111100	5.8520088e-10	-92.32695
111200	5.8311173e-10	-92.342482
111300	5.810329e-10	-92.357993
111400	5.7896433e-10	-92.373482
111500	5.7690596e-10	-92.38895
111600	5.7485772e-10	-92.404396
111700	5.7281955e-10	-92.419822
111800	5.707914e-10	-92.435226
111900	5.6877319e-10	-92.450609
112000	5.6676486e-10	-92.465971
112100	5.6476637e-10	-92.481312
112200	5.6277763e-10	-92.496632
112300	5.607986e-10	-92.511931
112400	5.5882922e-10	-92.527209
112500	5.5686943e-10	-92.542466
112600	5.5491916e-10	-92.557703
112700	5.5297836e-10	-92.572919
112800	5.5104697e-10	-92.588114
112900	5.4912493e-10	-92.603288
113000	5.472122e-10	-92.618442
113100	5.453087e-10	-92.633576
113200	5.4341439e-10	-92.648689
113300	5.4152921e-10	-92.663781
113400	5.396531e-10	-92.678853
113500	5.3778601e-10	-92.693905
113600	5.3592788e-10	-92.708936
113700	5.3407866e-10	-92.723948
113800	5.322383e-10	-92.738939
113900	5.3040675e-10	-92.75391
114000	5.2858394e-10	-92.76886
114100	5.2676983e-10	-92.783791
114200	5.2496436e-10	-92.798702
114300	5.2316749e-10	-92.813592
114400	5.2137916e-10	-92.828463
114500	5.1959933e-10	-92.843314
114600	5.1782793e-10	-92.858145
114700	5.1606492e-10	-92.872957
114800	5.1431025e-10	-92.887748
114900	5.1256388e-10	-92.90252
115000	5.1082574e-10	-92.917272
115100	5.090958e-10	-92.932005
115200	5.07374e-10	-92.946718
115300	5.0566029e-10	-92.961412
115400	5.0395463e-10	-92.976086
115500	5.0225698e-10	-92.99074
115600	5.0056727e-10	-93.005375
115700	4.9888547e-10	-93.019991
115800	4.9721153e-10	-93.034588
115900	4.9554541e-10	-93.049165
116000	4.9388705e-10	-93.063724
116100	4.9223641e-10	-93.078263
116200	4.9059346e-10	-93.092782
116300	4.8895813e-10	-93.107283
116400	4.8733039e-10	-93.121765
116500	4.8571019e-10	-93.136228
116600	4.8409749e-10	-93.150672
116700	4.8249225e-10	-93.165097
116800	4.8089442e-10	-93.179503
116900	4.7930395e-10	-93.19389
117000	4.7772082e-10	-93.208258
117100	4.7614497e-10	-93.222608
117200	4.7457636e-10	-93.236939
117300	4.7301494e-10	-93.251251
117400	4.7146069e-10	-93.265545
117500	4.6991355e-10	-93.27982
117600	4.6837349e-10	-93.294077
117700	4.6684047e-10	-93.308315
117800	4.6531444e-10	-93.322535
117900	4.6379536e-10	-93.336736
118000	4.622832e-10	-93.350919
118100	4.6077792e-10	-93.365083
118200	4.5927947e-10	-93.37923
118300	4.5778781e-10	-93.393358
118400	4.5630292e-10	-93.407468
118500	4.5482474e-10	-93.421559
118600	4.5335325e-10	-93.435633
118700	4.518884e-10	-93.449688
118800	4.5043015e-10	-93.463725
118900	4.4897847e-10	-93.477745
119000	4.4753332e-10	-93.491746
119100	4.4609467e-10	-93.50573
119200	4.4466247e-10	-93.519695
119300	4.432367e-10	-93.533643
119400	4.4181731e-10	-93.547573
119500	4.4040426e-10	-93.561485
119600	4.3899753e-10	-93.575379
119700	4.3759708e-10	-93.589256
119800	4.3620287e-10	-93.603115
119900	4.3481486e-10	-93.616956
120000	4.3343303e-10	-93.63078
120100	4.3205734e-10	-93.644586
120200	4.3068775e-10	-93.658375
120300	4.2932422e-10	-93.672146
120400	4.2796674e-10	-93.6859
120500	4.2661525e-10	-93.699636
120600	4.2526974e-10	-93.713355
120700	4.2393016e-10	-93.727057
120800	4.2259648e-10	-93.740741
120900	4.2126867e-10	-93.754408
121000	4.199467e-10	-93.768058
121100	4.1863053e-10	-93.781691
121200	4.1732013e-10	-93.795307
121300	4.1601548e-10	-93.808905
121400	4.1471653e-10	-93.822486
121500	4.1342327e-10	-93.836051
121600	4.1213565e-10	-93.849598
121700	4.1085364e-10	-93.863129
121800	4.0957722e-10	-93.876642
121900	4.0830635e-10	-93.890139
122000	4.0704101e-10	-93.903618
122100	4.0578116e-10	-93.917081
122200	4.0452677e-10	-93.930527
122300	4.0327782e-10	-93.943957
122400	4.0203427e-10	-93.957369
122500	4.007961e-10	-93.970765
122600	3.9956327e-10	-93.984144
122700	3.9833575e-10	-93.997507
122800	3.9711353e-10	-94.010853
122900	3.9589656e-10	-94.024183
123000	3.9468482e-10	-94.037496
123100	3.9347829e-10	-94.050792
123200	3.9227692e-10	-94.064072
123300	3.9108071e-10	-94.077336
123400	3.8988961e-10	-94.090583
123500	3.887036e-10	-94.103814
123600	3.8752266e-10	-94.117029
123700	3.8634675e-10	-94.130227
123800	3.8517585e-10	-94.14341
123900	3.8400993e-10	-94.156575
124000	3.8284896e-10	-94.169725
124100	3.8169293e-10	-94.182859
124200	3.805418e-10	-94.195976
124300	3.7939554e-10	-94.209078
124400	3.7825413e-10	-94.222163
124500	3.7711755e-10	-94.235233
124600	3.7598577e-10	-94.248286
124700	3.7485876e-10	-94.261323
124800	3.737365e-10	-94.274345
124900	3.7261896e-10	-94.287351
125000	3.7150612e-10	-94.30034
125100	3.7039795e-10	-94.313314
125200	3.6929442e-10	-94.326272
125300	3.6819553e-10	-94.339215
125400	3.6710123e-10	-94.352142
125500	3.660115e-10	-94.365053
125600	3.6492633e-10	-94.377948
125700	3.6384568e-10	-94.390828
125800	3.6276954e-10	-94.403692
125900	3.6169787e-10	-94.41654
126000	3.6063066e-10	-94.429373
126100	3.5956789e-10	-94.442191
126200	3.5850952e-10	-94.454993
126300	3.5745554e-10	-94.46778
126400	3.5640592e-10	-94.480551
126500	3.5536065e-10	-94.493307
126600	3.5431969e-10	-94.506047
126700	3.5328302e-10	-94.518772
126800	3.5225063e-10	-94.531482
126900	3.5122249e-10	-94.544177
127000	3.5019858e-10	-94.556856
127100	3.4917888e-10	-94.56952
127200	3.4816336e-10	-94.582169
127300	3.47152e-10	-94.594803
127400	3.4614479e-10	-94.607422
127500	3.451417e-10	-94.620026
127600	3.4414271e-10	-94.632614
127700	3.4314779e-10	-94.645188
127800	3.4215693e-10	-94.657747
127900	3.4117011e-10	-94.67029
128000	3.4018731e-10	-94.682819
128100	3.392085e-10	-94.695333
128200	3.3823366e-10	-94.707832
128300	3.3726278e-10	-94.720316
128400	3.3629584e-10	-94.732785
128500	3.353328e-10	-94.74524
128600	3.3437367e-10	-94.757679
128700	3.334184e-10	-94.770104
128800	3.3246699e-10	-94.782515
128900	3.3151942e-10	-94.79491
129000	3.3057566e-10	-94.807291
129100	3.2963569e-10	-94.819658
129200	3.2869951e-10	-94.832009
129300	3.2776708e-10	-94.844347
129400	3.2683839e-10	-94.856669
129500	3.2591342e-10	-94.868978
129600	3.2499215e-10	-94.881271
129700	3.2407456e-10	-94.893551
129800	3.2316063e-10	-94.905815
129900	3.2225036e-10	-94.918066
130000	3.2134371e-10	-94.930302
130100	3.2044066e-10	-94.942524
130200	3.1954121e-10	-94.954731
130300	3.1864533e-10	-94.966924
130400	3.1775301e-10	-94.979103
130500	3.1686422e-10	-94.991268
130600	3.1597895e-10	-95.003418
130700	3.1509718e-10	-95.015555
130800	3.142189e-10	-95.027677
130900	3.1334408e-10	-95.039785
131000	3.1247272e-10	-95.051879
131100	3.1160478e-10	-95.063959
131200	3.1074027e-10	-95.076025
131300	3.0987915e-10	-95.088076
131400	3.0902141e-10	-95.100114
131500	3.0816704e-10	-95.112138
131600	3.0731601e-10	-95.124148
131700	3.0646832e-10	-95.136144
131800	3.0562394e-10	-95.148126
131900	3.0478286e-10	-95.160095
132000	3.0394506e-10	-95.172049
132100	3.0311053e-10	-95.18399
132200	3.0227925e-10	-95.195917
132300	3.0145121e-10	-95.20783
132400	3.0062638e-10	-95.219729
132500	2.9980475e-10	-95.231615
132600	2.9898632e-10	-95.243487
132700	2.9817105e-10	-95.255345
132800	2.9735894e-10	-95.26719
132900	2.9654997e-10	-95.279021
133000	2.9574413e-10	-95.290839
133100	2.9494139e-10	-95.302643
133200	2.9414175e-10	-95.314433
133300	2.933452e-10	-95.32621
133400	2.925517e-10	-95.337974
133500	2.9176126e-10	-95.349724
133600	2.9097385e-10	-95.36146
133700	2.9018946e-10	-95.373184
133800	2.8940807e-10	-95.384894
133900	2.8862968e-10	-95.39659
134000	2.8785427e-10	-95.408273
134100	2.8708181e-10	-95.419943
134200	2.8631231e-10	-95.4316
134300	2.8554574e-10	-95.443243
134400	2.8478209e-10	-95.454873
134500	2.8402134e-10	-95.46649
134600	2.8326349e-10	-95.478094
134700	2.8250852e-10	-95.489685
134800	2.817564e-10	-95.501262
134900	2.8100714e-10	-95.512826
135000	2.8026072e-10	-95.524378
135100	2.7951712e-10	-95.535916
135200	2.7877633e-10	-95.547441
135300	2.7803834e-10	-95.558953
135400	2.7730312e-10	-95.570452
135500	2.7657068e-10	-95.581939
135600	2.75841e-10	-95.593412
135700	2.7511406e-10	-95.604872
135800	2.7438985e-10	-95.61632
135900	2.7366836e-10	-95.627754
136000	2.7294957e-10	-95.639176
136100	2.7223347e-10	-95.650585
136200	2.7152005e-10	-95.661981
136300	2.708093e-10	-95.673364
136400	2.7010121e-10	-95.684735
136500	2.6939575e-10	-95.696093
136600	2.6869293e-10	-95.707438
136700	2.6799272e-10	-95.71877
136800	2.6729511e-10	-95.73009
136900	2.666001e-10	-95.741397
137000	2.6590767e-10	-95.752691
137100	2.652178e-10	-95.763973
137200	2.6453049e-10	-95.775243
137300	2.6384573e-10	-95.786499
137400	2.6316349e-10	-95.797744
137500	2.6248378e-10	-95.808975
137600	2.6180657e-10	-95.820195
137700	2.6113186e-10	-95.831401
137800	2.6045964e-10	-95.842596
137900	2.5978989e-10	-95.853778
138000	2.591226e-10	-95.864947
138100	2.5845777e-10	-95.876104
138200	2.5779537e-10	-95.887249
138300	2.571354e-10	-95.898381
138400	2.5647784e-10	-95.909501
138500	2.558227e-10	-95.920609
138600	2.5516994e-10	-95.931705
138700	2.5451957e-10	-95.942788
138800	2.5387157e-10	-95.953859
138900	2.5322594e-10	-95.964918
139000	2.5258265e-10	-95.975965
139100	2.519417e-10	-95.986999
139200	2.5130308e-10	-95.998022
139300	2.5066678e-10	-96.009032
139400	2.5003279e-10	-96.02003
139500	2.494011e-10	-96.031016
139600	2.4877169e-10	-96.04199
139700	2.4814456e-10	-96.052952
139800	2.4751969e-10	-96.063902
139900	2.4689708e-10	-96.07484
140000	2.4627671e-10	-96.085767
140100	2.4565858e-10	-96.096681
140200	2.4504267e-10	-96.107583
140300	2.4442898e-10	-96.118473
140400	2.4381749e-10	-96.129351
140500	2.432082e-10	-96.140218
140600	2.4260109e-10	-96.151073
140700	2.4199615e-10	-96.161915
140800	2.4139338e-10	-96.172746
140900	2.4079277e-10	-96.183566
141000	2.401943e-10	-96.194373
141100	2.3959797e-10	-96.205169
141200	2.3900376e-10	-96.215953
141300	2.3841166e-10	-96.226725
141400	2.3782168e-10	-96.237486
141500	2.3723379e-10	-96.248235
141600	2.3664799e-10	-96.258972
141700	2.3606427e-10	-96.269697
141800	2.3548262e-10	-96.280411
141900	2.3490302e-10	-96.291114
142000	2.3432548e-10	-96.301805
142100	2.3374998e-10	-96.312484
142200	2.3317651e-10	-96.323152
142300	2.3260507e-10	-96.333808
142400	2.3203564e-10	-96.344453
142500	2.3146821e-10	-96.355086
142600	2.3090278e-10	-96.365708
142700	2.3033934e-10	-96.376319
142800	2.2977788e-10	-96.386918
142900	2.2921839e-10	-96.397506
143000	2.2866085e-10	-96.408082
143100	2.2810527e-10	-96.418647
143200	2.2755164e-10	-96.4292
143300	2.2699994e-10	-96.439743
143400	2.2645016e-10	-96.450274
143500	2.2590231e-10	-96.460793
143600	2.2535636e-10	-96.471302
143700	2.2481232e-10	-96.481799
143800	2.2427016e-10	-96.492285
143900	2.237299e-10	-96.50276
144000	2.231915e-10	-96.513223
144100	2.2265498e-10	-96.523676
144200	2.2212032e-10	-96.534117
144300	2.2158751e-10	-96.544547
144400	2.2105654e-10	-96.554966
144500	2.205274e-10	-96.565374
144600	2.200001e-10	-96.575771
144700	2.1947461e-10	-96.586157
144800	2.1895094e-10	-96.596532
144900	2.1842906e-10	-96.606896
145000	2.1790899e-10	-96.617249
145100	2.173907e-10	-96.62759
145200	2.1687419e-10	-96.637921
145300	2.1635946e-10	-96.648241
145400	2.1584649e-10	-96.65855
145500	2.1533528e-10	-96.668848
145600	2.1482581e-10	-96.679135
145700	2.1431809e-10	-96.689412
145800	2.138121e-10	-96.699677
145900	2.1330784e-10	-96.709932
146000	2.128053e-10	-96.720176
146100	2.1230447e-10	-96.730409
146200	2.1180534e-10	-96.740631
146300	2.1130791e-10	-96.750842
146400	2.1081218e-10	-96.761043
146500	2.1031812e-10	-96.771233
146600	2.0982574e-10	-96.781412
146700	2.0933503e-10	-96.791581
146800	2.0884598e-10	-96.801739
146900	2.0835858e-10	-96.811886
147000	2.0787283e-10	-96.822023
147100	2.0738872e-10	-96.832149
147200	2.0690624e-10	-96.842264
147300	2.0642539e-10	-96.852369
147400	2.0594616e-10	-96.862463
147500	2.0546854e-10	-96.872547
147600	2.0499252e-10	-96.88262
147700	2.045181e-10	-96.892682
147800	2.0404528e-10	-96.902735
147900	2.0357404e-10	-96.912776
148000	2.0310437e-10	-96.922807
148100	2.0263628e-10	-96.932828
148200	2.0216975e-10	-96.942838
148300	2.0170478e-10	-96.952838
148400	2.0124137e-10	-96.962827
148500	2.0077949e-10	-96.972806
148600	2.0031916e-10	-96.982775
148700	1.9986036e-10	-96.992733
148800	1.9940308e-10	-97.002681
148900	1.9894732e-10	-97.012619
149000	1.9849308e-10	-97.022546
149100	1.9804034e-10	-97.032463
149200	1.975891e-10	-97.04237
149300	1.9713935e-10	-97.052267
149400	1.9669109e-10	-97.062153
149500	1.9624431e-10	-97.072029
149600	1.9579901e-10	-97.081895
149700	1.9535518e-10	-97.091751
149800	1.9491281e-10	-97.101596
149900	1.9447189e-10	-97.111432
150000	1.9403243e-10	-97.121257
150100	1.9359441e-10	-97.131072
150200	1.9315783e-10	-97.140877
150300	1.9272268e-10	-97.150672
150400	1.9228895e-10	-97.160457
150500	1.9185665e-10	-97.170231
150600	1.9142576e-10	-97.179996
150700	1.9099629e-10	-97.189751
150800	1.9056821e-10	-97.199495
150900	1.9014153e-10	-97.20923
151000	1.8971624e-10	-97.218955
151100	1.8929234e-10	-97.22867
151200	1.8886982e-10	-97.238374
151300	1.8844867e-10	-97.248069
151400	1.8802889e-10	-97.257754
151500	1.8761048e-10	-97.267429
151600	1.8719342e-10	-97.277094
151700	1.8677771e-10	-97.28675
151800	1.8636335e-10	-97.296395
151900	1.8595033e-10	-97.306031
152000	1.8553864e-10	-97.315656
152100	1.8512828e-10	-97.325272
152200	1.8471925e-10	-97.334878
152300	1.8431154e-10	-97.344475
152400	1.8390514e-10	-97.354061
152500	1.8350005e-10	-97.363638
152600	1.8309626e-10	-97.373205
152700	1.8269376e-10	-97.382763
152800	1.8229257e-10	-97.39231
152900	1.8189265e-10	-97.401848
153000	1.8149402e-10	-97.411377
153100	1.8109667e-10	-97.420895
153200	1.8070058e-10	-97.430405
153300	1.8030576e-10	-97.439904
153400	1.7991221e-10	-97.449394
153500	1.795199e-10	-97.458874
153600	1.7912885e-10	-97.468345
153700	1.7873905e-10	-97.477806
153800	1.7835048e-10	-97.487257
153900	1.7796316e-10	-97.496699
154000	1.7757706e-10	-97.506131
154100	1.7719219e-10	-97.515554
154200	1.7680853e-10	-97.524968
154300	1.764261e-10	-97.534372
154400	1.7604487e-10	-97.543766
154500	1.7566485e-10	-97.553151
154600	1.7528604e-10	-97.562527
154700	1.7490841e-10	-97.571893
154800	1.7453198e-10	-97.58125
154900	1.7415674e-10	-97.590597
155000	1.7378268e-10	-97.599935
155100	1.734098e-10	-97.609264
155200	1.7303809e-10	-97.618583
155300	1.7266754e-10	-97.627893
155400	1.7229816e-10	-97.637193
155500	1.7192994e-10	-97.646485
155600	1.7156288e-10	-97.655767
155700	1.7119696e-10	-97.66504
155800	1.7083219e-10	-97.674303
155900	1.7046856e-10	-97.683557
156000	1.7010606e-10	-97.692802
156100	1.697447e-10	-97.702038
156200	1.6938446e-10	-97.711264
156300	1.6902534e-10	-97.720482
156400	1.6866734e-10	-97.72969
156500	1.6831046e-10	-97.738889
156600	1.6795469e-10	-97.748079
156700	1.6760002e-10	-97.757259
156800	1.6724645e-10	-97.766431
156900	1.6689397e-10	-97.775593
157000	1.6654259e-10	-97.784747
157100	1.661923e-10	-97.793891
157200	1.6584309e-10	-97.803026
157300	1.6549495e-10	-97.812152
157400	1.651479e-10	-97.82127
157500	1.6480191e-10	-97.830378
157600	1.6445699e-10	-97.839477
157700	1.6411313e-10	-97.848567
157800	1.6377033e-10	-97.857648
157900	1.6342859e-10	-97.86672
158000	1.6308789e-10	-97.875783
158100	1.6274824e-10	-97.884837
158200	1.6240963e-10	-97.893882
158300	1.6207206e-10	-97.902919
158400	1.6173552e-10	-97.911946
158500	1.6140001e-10	-97.920964
158600	1.6106553e-10	-97.929974
158700	1.6073206e-10	-97.938975
158800	1.6039962e-10	-97.947967
158900	1.6006819e-10	-97.95695
159000	1.5973777e-10	-97.965924
159100	1.5940835e-10	-97.974889
159200	1.5907994e-10	-97.983846
159300	1.5875252e-10	-97.992794
159400	1.584261e-10	-98.001733
159500	1.5810067e-10	-98.010663
159600	1.5777623e-10	-98.019584
159700	1.5745277e-10	-98.028497
159800	1.5713028e-10	-98.037401
159900	1.5680877e-10	-98.046296
160000	1.5648824e-10	-98.055183
160100	1.5616867e-10	-98.064061
160200	1.5585006e-10	-98.07293
160300	1.5553242e-10	-98.081791
160400	1.5521573e-10	-98.090643
160500	1.549e-10	-98.099486
160600	1.5458521e-10	-98.108321
160700	1.5427137e-10	-98.117147
160800	1.5395847e-10	-98.125964
160900	1.5364651e-10	-98.134773
161000	1.5333549e-10	-98.143573
161100	1.530254e-10	-98.152365
161200	1.5271623e-10	-98.161148
161300	1.5240799e-10	-98.169923
161400	1.5210067e-10	-98.178689
161500	1.5179427e-10	-98.187446
161600	1.5148878e-10	-98.196195
161700	1.511842e-10	-98.204936
161800	1.5088053e-10	-98.213668
161900	1.5057776e-10	-98.222392
162000	1.5027589e-10	-98.231107
162100	1.4997491e-10	-98.239814
162200	1.4967484e-10	-98.248512
162300	1.4937565e-10	-98.257202
162400	1.4907734e-10	-98.265884
162500	1.4877992e-10	-98.274557
162600	1.4848338e-10	-98.283221
162700	1.4818772e-10	-98.291878
162800	1.4789293e-10	-98.300526
162900	1.4759901e-10	-98.309166
163000	1.4730596e-10	-98.317797
163100	1.4701377e-10	-98.32642
163200	1.4672244e-10	-98.335035
163300	1.4643197e-10	-98.343641
163400	1.4614235e-10	-98.352239
163500	1.4585358e-10	-98.360829
163600	1.4556566e-10	-98.369411
163700	1.4527858e-10	-98.377984
163800	1.4499234e-10	-98.386549
163900	1.4470695e-10	-98.395106
164000	1.4442238e-10	-98.403655
164100	1.4413865e-10	-98.412195
164200	1.4385575e-10	-98.420728
164300	1.4357367e-10	-98.429252
164400	1.4329242e-10	-98.437768
164500	1.4301198e-10	-98.446276
164600	1.4273237e-10	-98.454775
164700	1.4245356e-10	-98.463267
164800	1.4217557e-10	-98.47175
164900	1.4189838e-10	-98.480226
165000	1.41622e-10	-98.488693
165100	1.4134641e-10	-98.497152
165200	1.4107163e-10	-98.505603
165300	1.4079764e-10	-98.514046
165400	1.4052445e-10	-98.522481
165500	1.4025204e-10	-98.530908
165600	1.3998042e-10	-98.539327
165700	1.3970959e-10	-98.547738
165800	1.3943954e-10	-98.556141
165900	1.3917026e-10	-98.564536
166000	1.3890176e-10	-98.572922
166100	1.3863403e-10	-98.581301
166200	1.3836708e-10	-98.589672
166300	1.3810088e-10	-98.598035
166400	1.3783546e-10	-98.60639
166500	1.3757079e-10	-98.614738
166600	1.3730688e-10	-98.623077
166700	1.3704373e-10	-98.631408
166800	1.3678133e-10	-98.639732
166900	1.3651968e-10	-98.648047
167000	1.3625878e-10	-98.656355
167100	1.3599863e-10	-98.664655
167200	1.3573921e-10	-98.672947
167300	1.3548054e-10	-98.681231
167400	1.352226e-10	-98.689507
167500	1.3496539e-10	-98.697776
167600	1.3470892e-10	-98.706036
167700	1.3445318e-10	-98.714289
167800	1.3419816e-10	-98.722534
167900	1.3394386e-10	-98.730772
168000	1.3369029e-10	-98.739001
168100	1.3343743e-10	-98.747223
168200	1.3318529e-10	-98.755437
168300	1.3293386e-10	-98.763644
168400	1.3268315e-10	-98.771842
168500	1.3243314e-10	-98.780033
168600	1.3218383e-10	-98.788217
168700	1.3193523e-10	-98.796392
168800	1.3168733e-10	-98.80456
168900	1.3144013e-10	-98.81272
169000	1.3119362e-10	-98.820873
169100	1.3094781e-10	-98.829018
169200	1.3070268e-10	-98.837155
169300	1.3045825e-10	-98.845285
169400	1.302145e-10	-98.853407
169500	1.2997143e-10	-98.861521
169600	1.2972904e-10	-98.869628
169700	1.2948733e-10	-98.877727
169800	1.292463e-10	-98.885819
169900	1.2900594e-10	-98.893903
170000	1.2876625e-10	-98.90198
170100	1.2852722e-10	-98.910049
170200	1.2828887e-10	-98.91811
170300	1.2805118e-10	-98.926164
170400	1.2781415e-10	-98.934211
170500	1.2757778e-10	-98.94225
170600	1.2734206e-10	-98.950281
170700	1.27107e-10	-98.958305
170800	1.268726e-10	-98.966322
170900	1.2663884e-10	-98.974331
171000	1.2640573e-10	-98.982333
171100	1.2617326e-10	-98.990327
171200	1.2594144e-10	-98.998313
171300	1.2571026e-10	-99.006293
171400	1.2547971e-10	-99.014265
171500	1.2524981e-10	-99.022229
171600	1.2502053e-10	-99.030187
171700	1.2479189e-10	-99.038136
171800	1.2456388e-10	-99.046079
171900	1.2433649e-10	-99.054014
172000	1.2410973e-10	-99.061942
172100	1.238836e-10	-99.069862
172200	1.2365808e-10	-99.077775
172300	1.2343318e-10	-99.085681
172400	1.232089e-10	-99.093579
172500	1.2298523e-10	-99.10147
172600	1.2276218e-10	-99.109354
172700	1.2253973e-10	-99.117231
172800	1.223179e-10	-99.1251
172900	1.2209666e-10	-99.132962
173000	1.2187604e-10	-99.140817
173100	1.2165601e-10	-99.148664
173200	1.2143658e-10	-99.156505
173300	1.2121775e-10	-99.164338
173400	1.2099952e-10	-99.172164
173500	1.2078188e-10	-99.179982
173600	1.2056483e-10	-99.187794
173700	1.2034836e-10	-99.195598
173800	1.2013249e-10	-99.203395
173900	1.199172e-10	-99.211185
174000	1.1970249e-10	-99.218968
174100	1.1948837e-10	-99.226744
174200	1.1927482e-10	-99.234512
174300	1.1906185e-10	-99.242274
174400	1.1884946e-10	-99.250028
174500	1.1863764e-10	-99.257775
174600	1.1842639e-10	-99.265515
174700	1.182157e-10	-99.273248
174800	1.1800559e-10	-99.280974
174900	1.1779604e-10	-99.288693
175000	1.1758705e-10	-99.296405
175100	1.1737863e-10	-99.30411
175200	1.1717076e-10	-99.311807
175300	1.1696346e-10	-99.319498
175400	1.167567e-10	-99.327182
175500	1.1655051e-10	-99.334858
175600	1.1634486e-10	-99.342528
175700	1.1613976e-10	-99.350191
175800	1.1593521e-10	-99.357846
175900	1.1573121e-10	-99.365495
176000	1.1552775e-10	-99.373137
176100	1.1532483e-10	-99.380772
176200	1.1512246e-10	-99.388399
176300	1.1492062e-10	-99.39602
176400	1.1471932e-10	-99.403634
176500	1.1451856e-10	-99.411241
176600	1.1431833e-10	-99.418841
176700	1.1411862e-10	-99.426435
176800	1.1391945e-10	-99.434021
176900	1.1372081e-10	-99.4416
177000	1.135227e-10	-99.449173
177100	1.133251e-10	-99.456739
177200	1.1312803e-10	-99.464298
177300	1.1293148e-10	-99.47185
177400	1.1273545e-10	-99.479395
177500	1.1253994e-10	-99.486933
177600	1.1234494e-10	-99.494465
177700	1.1215046e-10	-99.501989
177800	1.1195649e-10	-99.509507
177900	1.1176303e-10	-99.517018
178000	1.1157008e-10	-99.524523
178100	1.1137763e-10	-99.53202
178200	1.1118569e-10	-99.539511
178300	1.1099425e-10	-99.546995
178400	1.1080332e-10	-99.554472
178500	1.1061289e-10	-99.561943
178600	1.1042295e-10	-99.569407
178700	1.1023351e-10	-99.576864
178800	1.1004457e-10	-99.584314
178900	1.0985612e-10	-99.591758
179000	1.0966816e-10	-99.599195
179100	1.0948069e-10	-99.606625
179200	1.0929371e-10	-99.614048
179300	1.0910722e-10	-99.621465
179400	1.0892121e-10	-99.628875
179500	1.0873568e-10	-99.636279
179600	1.0855064e-10	-99.643676
179700	1.0836608e-10	-99.651066
179800	1.08182e-10	-99.65845
179900	1.079984e-10	-99.665827
180000	1.0781527e-10	-99.673197
180100	1.0763261e-10	-99.680561
180200	1.0745043e-10	-99.687918
180300	1.0726872e-10	-99.695269
180400	1.0708748e-10	-99.702613
180500	1.069067e-10	-99.709951
180600	1.067264e-10	-99.717282
180700	1.0654655e-10	-99.724606
180800	1.0636718e-10	-99.731924
180900	1.0618826e-10	-99.739235
181000	1.060098e-10	-99.74654
181100	1.058318e-10	-99.753838
181200	1.0565426e-10	-99.76113
181300	1.0547718e-10	-99.768415
181400	1.0530055e-10	-99.775694
181500	1.0512437e-10	-99.782966
181600	1.0494864e-10	-99.790232
181700	1.0477337e-10	-99.797491
181800	1.0459854e-10	-99.804744
181900	1.0442416e-10	-99.81199
182000	1.0425022e-10	-99.81923
182100	1.0407673e-10	-99.826464
182200	1.0390368e-10	-99.833691
182300	1.0373107e-10	-99.840911
182400	1.0355891e-10	-99.848125
182500	1.0338718e-10	-99.855333
182600	1.0321588e-10	-99.862535
182700	1.0304503e-10	-99.86973
182800	1.028746e-10	-99.876918
182900	1.0270461e-10	-99.884101
183000	1.0253505e-10	-99.891276
183100	1.0236592e-10	-99.898446
183200	1.0219722e-10	-99.905609
183300	1.0202894e-10	-99.912766
183400	1.018611e-10	-99.919917
183500	1.0169367e-10	-99.927061
183600	1.0152667e-10	-99.934199
183700	1.0136009e-10	-99.94133
183800	1.0119393e-10	-99.948455
183900	1.0102819e-10	-99.955574
184000	1.0086286e-10	-99.962687
184100	1.0069795e-10	-99.969794
184200	1.0053346e-10	-99.976894
184300	1.0036938e-10	-99.983988
184400	1.0020571e-10	-99.991075
184500	1.0004246e-10	-99.998157
184600	9.9879609e-11	-100.00523
184700	9.971717e-11	-100.0123
184800	9.9555137e-11	-100.01936
184900	9.9393511e-11	-100.02642
185000	9.9232288e-11	-100.03347
185100	9.9071468e-11	-100.04051
185200	9.8911051e-11	-100.04755
185300	9.8751033e-11	-100.05458
185400	9.8591415e-11	-100.06161
185500	9.8432194e-11	-100.06863
185600	9.827337e-11	-100.07564
185700	9.8114941e-11	-100.08265
185800	9.7956907e-11	-100.08965
185900	9.7799265e-11	-100.09664
186000	9.7642015e-11	-100.10363
186100	9.7485155e-11	-100.11062
186200	9.7328684e-11	-100.11759
186300	9.7172601e-11	-100.12456
186400	9.7016904e-11	-100.13153
186500	9.6861593e-11	-100.13848
186600	9.6706666e-11	-100.14544
186700	9.6552123e-11	-100.15238
186800	9.639796e-11	-100.15932
186900	9.6244179e-11	-100.16626
187000	9.6090776e-11	-100.17318
187100	9.5937752e-11	-100.1801
187200	9.5785105e-11	-100.18702
187300	9.5632833e-11	-100.19393
187400	9.5480937e-11	-100.20083
187500	9.5329413e-11	-100.20773
187600	9.5178262e-11	-100.21462
187700	9.5027482e-11	-100.22151
187800	9.4877071e-11	-100.22839
187900	9.472703e-11	-100.23526
188000	9.4577356e-11	-100.24213
188100	9.4428048e-11	-100.24899
188200	9.4279106e-11	-100.25585
188300	9.4130527e-11	-100.2627
188400	9.3982312e-11	-100.26954
188500	9.3834459e-11	-100.27638
188600	9.3686966e-11	-100.28321
188700	9.3539833e-11	-100.29003
188800	9.3393059e-11	-100.29685
188900	9.3246642e-11	-100.30367
189000	9.3100581e-11	-100.31048
189100	9.2954875e-11	-100.31728
189200	9.2809523e-11	-100.32407
189300	9.2664524e-11	-100.33086
189400	9.2519877e-11	-100.33765
189500	9.2375581e-11	-100.34443
189600	9.2231635e-11	-100.3512
189700	9.2088037e-11	-100.35797
189800	9.1944786e-11	-100.36473
189900	9.1801882e-11	-100.37148
190000	9.1659323e-11	-100.37823
190100	9.1517109e-11	-100.38498
190200	9.1375238e-11	-100.39171
190300	9.1233709e-11	-100.39845
190400	9.1092521e-11	-100.40517
190500	9.0951673e-11	-100.41189
190600	9.0811164e-11	-100.41861
190700	9.0670993e-11	-100.42532
190800	9.0531159e-11	-100.43202
190900	9.0391661e-11	-100.43872
191000	9.0252498e-11	-100.44541
191100	9.0113669e-11	-100.45209
191200	8.9975172e-11	-100.45877
191300	8.9837007e-11	-100.46545
191400	8.9699173e-11	-100.47212
191500	8.9561669e-11	-100.47878
191600	8.9424493e-11	-100.48544
191700	8.9287645e-11	-100.49209
191800	8.9151124e-11	-100.49873
191900	8.9014929e-11	-100.50537
192000	8.8879058e-11	-100.51201
192100	8.8743511e-11	-100.51863
192200	8.8608287e-11	-100.52526
192300	8.8473385e-11	-100.53187
192400	8.8338803e-11	-100.53848
192500	8.8204541e-11	-100.54509
192600	8.8070598e-11	-100.55169
192700	8.7936974e-11	-100.55828
192800	8.7803665e-11	-100.56487
192900	8.7670673e-11	-100.57146
193000	8.7537996e-11	-100.57803
193100	8.7405633e-11	-100.58461
193200	8.7273583e-11	-100.59117
193300	8.7141845e-11	-100.59773
193400	8.7010418e-11	-100.60429
193500	8.6879302e-11	-100.61084
193600	8.6748495e-11	-100.61738
193700	8.6617996e-11	-100.62392
193800	8.6487805e-11	-100.63045
193900	8.635792e-11	-100.63698
194000	8.6228341e-11	-100.6435
194100	8.6099066e-11	-100.65002
194200	8.5970095e-11	-100.65653
194300	8.5841428e-11	-100.66303
194400	8.5713062e-11	-100.66953
194500	8.5584997e-11	-100.67602
194600	8.5457232e-11	-100.68251
194700	8.5329766e-11	-100.68899
194800	8.5202599e-11	-100.69547
194900	8.5075729e-11	-100.70194
195000	8.4949156e-11	-100.70841
195100	8.4822878e-11	-100.71487
195200	8.4696896e-11	-100.72133
195300	8.4571207e-11	-100.72777
195400	8.4445811e-11	-100.73422
195500	8.4320707e-11	-100.74066
195600	8.4195895e-11	-100.74709
195700	8.4071372e-11	-100.75352
195800	8.394714e-11	-100.75994
195900	8.3823196e-11	-100.76636
196000	8.369954e-11	-100.77277
196100	8.3576171e-11	-100.77918
196200	8.3453088e-11	-100.78558
196300	8.333029e-11	-100.79197
196400	8.3207777e-11	-100.79836
196500	8.3085547e-11	-100.80475
196600	8.29636e-11	-100.81112
196700	8.2841935e-11	-100.8175
196800	8.272055e-11	-100.82387
196900	8.2599447e-11	-100.83023
197000	8.2478622e-11	-100.83659
197100	8.2358076e-11	-100.84294
197200	8.2237808e-11	-100.84928
197300	8.2117817e-11	-100.85563
197400	8.1998101e-11	-100.86196
197500	8.1878662e-11	-100.86829
197600	8.1759496e-11	-100.87462
197700	8.1640605e-11	-100.88094
197800	8.1521986e-11	-100.88725
197900	8.1403639e-11	-100.89356
198000	8.1285563e-11	-100.89987
198100	8.1167758e-11	-100.90616
198200	8.1050223e-11	-100.91246
198300	8.0932957e-11	-100.91875
198400	8.0815958e-11	-100.92503
198500	8.0699227e-11	-100.93131
198600	8.0582763e-11	-100.93758
198700	8.0466564e-11	-100.94385
198800	8.035063e-11	-100.95011
198900	8.0234961e-11	-100.95636
199000	8.0119554e-11	-100.96261
199100	8.0004411e-11	-100.96886
199200	7.9889529e-11	-100.9751
199300	7.9774909e-11	-100.98134
199400	7.9660549e-11	-100.98757
199500	7.9546448e-11	-100.99379
199600	7.9432607e-11	-101.00001
199700	7.9319023e-11	-101.00623
199800	7.9205697e-11	-101.01244
199900	7.9092628e-11	-101.01864
200000	7.8979814e-11	-101.02484
200100	7.8867255e-11	-101.03103
200200	7.8754951e-11	-101.03722
200300	7.8642901e-11	-101.0434
200400	7.8531103e-11	-101.04958
200500	7.8419558e-11	-101.05576
200600	7.8308264e-11	-101.06192
200700	7.8197221e-11	-101.06809
200800	7.8086428e-11	-101.07424
200900	7.7975884e-11	-101.0804
201000	7.7865588e-11	-101.08654
201100	7.7755541e-11	-101.09269
201200	7.764574e-11	-101.09882
201300	7.7536186e-11	-101.10496
201400	7.7426878e-11	-101.11108
201500	7.7317815e-11	-101.1172
201600	7.7208996e-11	-101.12332
201700	7.7100421e-11	-101.12943
201800	7.6992088e-11	-101.13554
201900	7.6883998e-11	-101.14164
202000	7.677615e-11	-101.14774
202100	7.6668542e-11	-101.15383
202200	7.6561174e-11	-101.15991
202300	7.6454046e-11	-101.166
202400	7.6347156e-11	-101.17207
202500	7.6240505e-11	-101.17814
202600	7.6134091e-11	-101.18421
202700	7.6027913e-11	-101.19027
202800	7.5921972e-11	-101.19633
202900	7.5816266e-11	-101.20238
203000	7.5710795e-11	-101.20842
203100	7.5605558e-11	-101.21446
203200	7.5500554e-11	-101.2205
203300	7.5395783e-11	-101.22653
203400	7.5291244e-11	-101.23256
203500	7.5186936e-11	-101.23858
203600	7.508286e-11	-101.24459
203700	7.4979013e-11	-101.2506
203800	7.4875395e-11	-101.25661
203900	7.4772007e-11	-101.26261
204000	7.4668846e-11	-101.26861
204100	7.4565913e-11	-101.2746
204200	7.4463207e-11	-101.28058
204300	7.4360727e-11	-101.28656
204400	7.4258473e-11	-101.29254
204500	7.4156443e-11	-101.29851
204600	7.4054638e-11	-101.30448
204700	7.3953057e-11	-101.31044
204800	7.3851698e-11	-101.3164
204900	7.3750562e-11	-101.32235
205000	7.3649648e-11	-101.32829
205100	7.3548955e-11	-101.33423
205200	7.3448482e-11	-101.34017
205300	7.334823e-11	-101.3461
205400	7.3248196e-11	-101.35203
205500	7.3148381e-11	-101.35795
205600	7.3048785e-11	-101.36387
205700	7.2949406e-11	-101.36978
205800	7.2850243e-11	-101.37569
205900	7.2751297e-11	-101.38159
206000	7.2652567e-11	-101.38749
206100	7.2554051e-11	-101.39338
206200	7.245575e-11	-101.39927
206300	7.2357663e-11	-101.40515
206400	7.2259789e-11	-101.41103
206500	7.2162128e-11	-101.41691
206600	7.2064679e-11	-101.42278
206700	7.1967441e-11	-101.42864
206800	7.1870414e-11	-101.4345
206900	7.1773598e-11	-101.44035
207000	7.1676991e-11	-101.4462
207100	7.1580593e-11	-101.45205
207200	7.1484404e-11	-101.45789
207300	7.1388422e-11	-101.46372
207400	7.1292649e-11	-101.46955
207500	7.1197082e-11	-101.47538
207600	7.1101721e-11	-101.4812
207700	7.1006566e-11	-101.48701
207800	7.0911616e-11	-101.49283
207900	7.081687e-11	-101.49863
208000	7.0722328e-11	-101.50443
208100	7.062799e-11	-101.51023
208200	7.0533855e-11	-101.51602
208300	7.0439922e-11	-101.52181
208400	7.0346191e-11	-101.52759
208500	7.0252661e-11	-101.53337
208600	7.0159331e-11	-101.53915
208700	7.0066202e-11	-101.54491
208800	6.9973272e-11	-101.55068
208900	6.9880541e-11	-101.55644
209000	6.9788008e-11	-101.56219
209100	6.9695674e-11	-101.56794
209200	6.9603536e-11	-101.57369
209300	6.9511596e-11	-101.57943
209400	6.9419852e-11	-101.58516
209500	6.9328303e-11	-101.59089
209600	6.923695e-11	-101.59662
209700	6.9145791e-11	-101.60234
209800	6.9054826e-11	-101.60806
209900	6.8964055e-11	-101.61377
210000	6.8873477e-11	-101.61948
210100	6.8783092e-11	-101.62518
210200	6.8692899e-11	-101.63088
210300	6.8602897e-11	-101.63658
210400	6.8513086e-11	-101.64226
210500	6.8423465e-11	-101.64795
210600	6.8334035e-11	-101.65363
210700	6.8244793e-11	-101.6593
210800	6.8155741e-11	-101.66498
210900	6.8066877e-11	-101.67064
211000	6.7978201e-11	-101.6763
211100	6.7889712e-11	-101.68196
211200	6.7801411e-11	-101.68761
211300	6.7713295e-11	-101.69326
211400	6.7625366e-11	-101.6989
211500	6.7537621e-11	-101.70454
211600	6.7450062e-11	-101.71018
211700	6.7362687e-11	-101.71581
211800	6.7275495e-11	-101.72143
211900	6.7188488e-11	-101.72705
212000	6.7101662e-11	-101.73267
212100	6.701502e-11	-101.73828
212200	6.6928559e-11	-101.74389
212300	6.684228e-11	-101.74949
212400	6.6756181e-11	-101.75509
212500	6.6670263e-11	-101.76068
212600	6.6584525e-11	-101.76627
212700	6.6498966e-11	-101.77185
212800	6.6413586e-11	-101.77743
212900	6.6328385e-11	-101.78301
213000	6.6243361e-11	-101.78858
213100	6.6158515e-11	-101.79414
213200	6.6073847e-11	-101.7997
213300	6.5989354e-11	-101.80526
213400	6.5905038e-11	-101.81081
213500	6.5820898e-11	-101.81636
213600	6.5736932e-11	-101.82191
213700	6.5653142e-11	-101.82744
213800	6.5569525e-11	-101.83298
213900	6.5486082e-11	-101.83851
214000	6.5402813e-11	-101.84404
214100	6.5319717e-11	-101.84956
214200	6.5236792e-11	-101.85507
214300	6.515404e-11	-101.86059
214400	6.5071459e-11	-101.86609
214500	6.498905e-11	-101.8716
214600	6.490681e-11	-101.8771
214700	6.4824741e-11	-101.88259
214800	6.4742842e-11	-101.88808
214900	6.4661111e-11	-101.89357
215000	6.457955e-11	-101.89905
215100	6.4498157e-11	-101.90453
215200	6.4416931e-11	-101.91
215300	6.4335873e-11	-101.91547
215400	6.4254982e-11	-101.92093
215500	6.4174258e-11	-101.92639
215600	6.4093699e-11	-101.93185
215700	6.4013307e-11	-101.9373
215800	6.3933079e-11	-101.94274
215900	6.3853016e-11	-101.94819
216000	6.3773118e-11	-101.95362
216100	6.3693383e-11	-101.95906
216200	6.3613812e-11	-101.96449
216300	6.3534404e-11	-101.96991
216400	6.3455159e-11	-101.97533
216500	6.3376076e-11	-101.98075
216600	6.3297154e-11	-101.98616
216700	6.3218394e-11	-101.99157
216800	6.3139795e-11	-101.99697
216900	6.3061357e-11	-102.00237
217000	6.2983078e-11	-102.00776
217100	6.2904959e-11	-102.01315
217200	6.2826999e-11	-102.01854
217300	6.2749199e-11	-102.02392
217400	6.2671556e-11	-102.0293
217500	6.2594072e-11	-102.03467
217600	6.2516745e-11	-102.04004
217700	6.2439575e-11	-102.0454
217800	6.2362562e-11	-102.05076
217900	6.2285706e-11	-102.05612
218000	6.2209005e-11	-102.06147
218100	6.213246e-11	-102.06681
218200	6.205607e-11	-102.07216
218300	6.1979835e-11	-102.0775
218400	6.1903754e-11	-102.08283
218500	6.1827827e-11	-102.08816
218600	6.1752054e-11	-102.09349
218700	6.1676434e-11	-102.09881
218800	6.1600966e-11	-102.10412
218900	6.1525651e-11	-102.10944
219000	6.1450488e-11	-102.11475
219100	6.1375476e-11	-102.12005
219200	6.1300616e-11	-102.12535
219300	6.1225906e-11	-102.13065
219400	6.1151347e-11	-102.13594
219500	6.1076937e-11	-102.14123
219600	6.1002677e-11	-102.14651
219700	6.0928567e-11	-102.15179
219800	6.0854605e-11	-102.15707
219900	6.0780792e-11	-102.16234
220000	6.0707127e-11	-102.1676
220100	6.0633609e-11	-102.17287
220200	6.0560239e-11	-102.17812
220300	6.0487016e-11	-102.18338
220400	6.0413939e-11	-102.18863
220500	6.0341009e-11	-102.19387
220600	6.0268224e-11	-102.19912
220700	6.0195585e-11	-102.20435
220800	6.0123091e-11	-102.20959
220900	6.0050741e-11	-102.21482
221000	5.9978536e-11	-102.22004
221100	5.9906475e-11	-102.22526
221200	5.9834557e-11	-102.23048
221300	5.9762782e-11	-102.23569
221400	5.9691151e-11	-102.2409
221500	5.9619662e-11	-102.2461
221600	5.9548315e-11	-102.25131
221700	5.9477109e-11	-102.2565
221800	5.9406046e-11	-102.26169
221900	5.9335123e-11	-102.26688
222000	5.926434e-11	-102.27207
222100	5.9193699e-11	-102.27725
222200	5.9123197e-11	-102.28242
222300	5.9052834e-11	-102.28759
222400	5.8982611e-11	-102.29276
222500	5.8912527e-11	-102.29792
222600	5.8842582e-11	-102.30308
222700	5.8772774e-11	-102.30824
222800	5.8703105e-11	-102.31339
222900	5.8633573e-11	-102.31854
223000	5.8564178e-11	-102.32368
223100	5.849492e-11	-102.32882
223200	5.8425798e-11	-102.33395
223300	5.8356812e-11	-102.33908
223400	5.8287963e-11	-102.34421
223500	5.8219248e-11	-102.34933
223600	5.8150669e-11	-102.35445
223700	5.8082224e-11	-102.35957
223800	5.8013914e-11	-102.36468
223900	5.7945738e-11	-102.36979
224000	5.7877696e-11	-102.37489
224100	5.7809787e-11	-102.37999
224200	5.7742011e-11	-102.38508
224300	5.7674368e-11	-102.39017
224400	5.7606857e-11	-102.39526
224500	5.7539478e-11	-102.40034
224600	5.7472231e-11	-102.40542
224700	5.7405115e-11	-102.41049
224800	5.7338131e-11	-102.41556
224900	5.7271277e-11	-102.42063
225000	5.7204554e-11	-102.42569
225100	5.713796e-11	-102.43075
225200	5.7071497e-11	-102.43581
225300	5.7005162e-11	-102.44086
225400	5.6938957e-11	-102.4459
225500	5.6872881e-11	-102.45095
225600	5.6806933e-11	-102.45599
225700	5.6741114e-11	-102.46102
225800	5.6675422e-11	-102.46605
225900	5.6609857e-11	-102.47108
226000	5.654442e-11	-102.4761
226100	5.647911e-11	-102.48112
226200	5.6413926e-11	-102.48614
226300	5.6348869e-11	-102.49115
226400	5.6283937e-11	-102.49616
226500	5.6219132e-11	-102.50116
226600	5.6154451e-11	-102.50616
226700	5.6089895e-11	-102.51115
226800	5.6025464e-11	-102.51615
226900	5.5961158e-11	-102.52113
227000	5.5896975e-11	-102.52612
227100	5.5832917e-11	-102.5311
227200	5.5768982e-11	-102.53607
227300	5.5705169e-11	-102.54105
227400	5.564148e-11	-102.54601
227500	5.5577914e-11	-102.55098
227600	5.5514469e-11	-102.55594
227700	5.5451147e-11	-102.56089
227800	5.5387946e-11	-102.56585
227900	5.5324866e-11	-102.5708
228000	5.5261908e-11	-102.57574
228100	5.519907e-11	-102.58068
228200	5.5136353e-11	-102.58562
228300	5.5073756e-11	-102.59055
228400	5.5011278e-11	-102.59548
228500	5.4948921e-11	-102.60041
228600	5.4886682e-11	-102.60533
228700	5.4824563e-11	-102.61025
228800	5.4762562e-11	-102.61516
228900	5.470068e-11	-102.62007
229000	5.4638916e-11	-102.62498
229100	5.4577269e-11	-102.62988
229200	5.451574e-11	-102.63478
229300	5.4454329e-11	-102.63968
229400	5.4393034e-11	-102.64457
229500	5.4331856e-11	-102.64945
229600	5.4270794e-11	-102.65434
229700	5.4209849e-11	-102.65922
229800	5.4149019e-11	-102.66409
229900	5.4088305e-11	-102.66897
230000	5.4027706e-11	-102.67383
230100	5.3967222e-11	-102.6787
230200	5.3906853e-11	-102.68356
230300	5.3846598e-11	-102.68842
230400	5.3786457e-11	-102.69327
230500	5.372643e-11	-102.69812
230600	5.3666517e-11	-102.70297
230700	5.3606717e-11	-102.70781
230800	5.354703e-11	-102.71265
230900	5.3487456e-11	-102.71748
231000	5.3427994e-11	-102.72231
231100	5.3368645e-11	-102.72714
231200	5.3309407e-11	-102.73196
231300	5.3250282e-11	-102.73678
231400	5.3191267e-11	-102.7416
231500	5.3132364e-11	-102.74641
231600	5.3073572e-11	-102.75122
231700	5.301489e-11	-102.75602
231800	5.2956318e-11	-102.76082
231900	5.2897857e-11	-102.76562
232000	5.2839505e-11	-102.77041
232100	5.2781263e-11	-102.7752
232200	5.2723131e-11	-102.77999
232300	5.2665107e-11	-102.78477
232400	5.2607192e-11	-102.78955
232500	5.2549385e-11	-102.79432
232600	5.2491687e-11	-102.79909
232700	5.2434097e-11	-102.80386
232800	5.2376614e-11	-102.80863
232900	5.2319239e-11	-102.81339
233000	5.2261971e-11	-102.81814
233100	5.220481e-11	-102.82289
233200	5.2147756e-11	-102.82764
233300	5.2090808e-11	-102.83239
233400	5.2033966e-11	-102.83713
233500	5.1977231e-11	-102.84187
233600	5.19206e-11	-102.8466
233700	5.1864076e-11	-102.85133
233800	5.1807656e-11	-102.85606
233900	5.1751342e-11	-102.86078
234000	5.1695132e-11	-102.8655
234100	5.1639026e-11	-102.87022
234200	5.1583025e-11	-102.87493
234300	5.1527127e-11	-102.87964
234400	5.1471334e-11	-102.88435
234500	5.1415643e-11	-102.88905
234600	5.1360056e-11	-102.89375
234700	5.1304572e-11	-102.89844
234800	5.124919e-11	-102.90313
234900	5.1193911e-11	-102.90782
235000	5.1138735e-11	-102.9125
235100	5.108366e-11	-102.91718
235200	5.1028686e-11	-102.92186
235300	5.0973815e-11	-102.92653
235400	5.0919044e-11	-102.9312
235500	5.0864375e-11	-102.93586
235600	5.0809806e-11	-102.94052
235700	5.0755338e-11	-102.94518
235800	5.070097e-11	-102.94984
235900	5.0646703e-11	-102.95449
236000	5.0592535e-11	-102.95914
236100	5.0538466e-11	-102.96378
236200	5.0484497e-11	-102.96842
236300	5.0430627e-11	-102.97306
236400	5.0376856e-11	-102.97769
236500	5.0323184e-11	-102.98232
236600	5.026961e-11	-102.98694
236700	5.0216134e-11	-102.99157
236800	5.0162756e-11	-102.99619
236900	5.0109476e-11	-103.0008
237000	5.0056294e-11	-103.00541
237100	5.0003208e-11	-103.01002
237200	4.995022e-11	-103.01463
237300	4.9897329e-11	-103.01923
237400	4.9844534e-11	-103.02382
237500	4.9791835e-11	-103.02842
237600	4.9739233e-11	-103.03301
237700	4.9686726e-11	-103.0376
237800	4.9634316e-11	-103.04218
237900	4.9582e-11	-103.04676
238000	4.952978e-11	-103.05134
238100	4.9477655e-11	-103.05591
238200	4.9425625e-11	-103.06048
238300	4.9373689e-11	-103.06504
238400	4.9321848e-11	-103.06961
238500	4.9270101e-11	-103.07417
238600	4.9218448e-11	-103.07872
238700	4.9166888e-11	-103.08327
238800	4.9115422e-11	-103.08782
238900	4.906405e-11	-103.09237
239000	4.901277e-11	-103.09691
239100	4.8961583e-11	-103.10145
239200	4.8910489e-11	-103.10598
239300	4.8859487e-11	-103.11051
239400	4.8808577e-11	-103.11504
239500	4.875776e-11	-103.11956
239600	4.8707034e-11	-103.12408
239700	4.86564e-11	-103.1286
239800	4.8605857e-11	-103.13311
239900	4.8555405e-11	-103.13762
240000	4.8505044e-11	-103.14213
240100	4.8454774e-11	-103.14663
240200	4.8404594e-11	-103.15113
240300	4.8354505e-11	-103.15563
240400	4.8304506e-11	-103.16012
240500	4.8254596e-11	-103.16461
240600	4.8204776e-11	-103.1691
240700	4.8155046e-11	-103.17358
240800	4.8105405e-11	-103.17806
240900	4.8055853e-11	-103.18254
241000	4.800639e-11	-103.18701
241100	4.7957016e-11	-103.19148
241200	4.790773e-11	-103.19594
241300	4.7858532e-11	-103.20041
241400	4.7809423e-11	-103.20487
241500	4.7760401e-11	-103.20932
241600	4.7711467e-11	-103.21377
241700	4.766262e-11	-103.21822
241800	4.761386e-11	-103.22267
241900	4.7565188e-11	-103.22711
242000	4.7516602e-11	-103.23155
242100	4.7468104e-11	-103.23598
242200	4.7419691e-11	-103.24041
242300	4.7371365e-11	-103.24484
242400	4.7323125e-11	-103.24927
242500	4.727497e-11	-103.25369
242600	4.7226902e-11	-103.25811
242700	4.7178919e-11	-103.26252
242800	4.7131021e-11	-103.26693
242900	4.7083208e-11	-103.27134
243000	4.703548e-11	-103.27574
243100	4.6987837e-11	-103.28015
243200	4.6940278e-11	-103.28454
243300	4.6892804e-11	-103.28894
243400	4.6845413e-11	-103.29333
243500	4.6798107e-11	-103.29772
243600	4.6750884e-11	-103.3021
243700	4.6703745e-11	-103.30648
243800	4.665669e-11	-103.31086
243900	4.6609717e-11	-103.31524
244000	4.6562828e-11	-103.31961
244100	4.6516021e-11	-103.32397
244200	4.6469297e-11	-103.32834
244300	4.6422655e-11	-103.3327
244400	4.6376096e-11	-103.33706
244500	4.6329618e-11	-103.34141
244600	4.6283223e-11	-103.34576
244700	4.6236909e-11	-103.35011
244800	4.6190677e-11	-103.35446
244900	4.6144526e-11	-103.3588
245000	4.6098456e-11	-103.36314
245100	4.6052467e-11	-103.36747
245200	4.6006559e-11	-103.3718
245300	4.5960731e-11	-103.37613
245400	4.5914984e-11	-103.38046
245500	4.5869317e-11	-103.38478
245600	4.5823731e-11	-103.3891
245700	4.5778224e-11	-103.39341
245800	4.5732796e-11	-103.39772
245900	4.5687449e-11	-103.40203
246000	4.564218e-11	-103.40634
246100	4.5596991e-11	-103.41064
246200	4.5551881e-11	-103.41494
246300	4.5506849e-11	-103.41923
246400	4.5461897e-11	-103.42352
246500	4.5417022e-11	-103.42781
246600	4.5372226e-11	-103.4321
246700	4.5327508e-11	-103.43638
246800	4.5282868e-11	-103.44066
246900	4.5238306e-11	-103.44494
247000	4.5193821e-11	-103.44921
247100	4.5149414e-11	-103.45348
247200	4.5105084e-11	-103.45775
247300	4.5060831e-11	-103.46201
247400	4.5016655e-11	-103.46627
247500	4.4972556e-11	-103.47052
247600	4.4928533e-11	-103.47478
247700	4.4884587e-11	-103.47903
247800	4.4840717e-11	-103.48327
247900	4.4796923e-11	-103.48752
248000	4.4753205e-11	-103.49176
248100	4.4709562e-11	-103.496
248200	4.4665995e-11	-103.50023
248300	4.4622504e-11	-103.50446
248400	4.4579088e-11	-103.50869
248500	4.4535746e-11	-103.51291
248600	4.449248e-11	-103.51713
248700	4.4449289e-11	-103.52135
248800	4.4406172e-11	-103.52557
248900	4.4363129e-11	-103.52978
249000	4.432016e-11	-103.53399
249100	4.4277266e-11	-103.53819
249200	4.4234446e-11	-103.54239
249300	4.4191699e-11	-103.54659
249400	4.4149026e-11	-103.55079
249500	4.4106426e-11	-103.55498
249600	4.40639e-11	-103.55917
249700	4.4021446e-11	-103.56336
249800	4.3979066e-11	-103.56754
249900	4.3936758e-11	-103.57172
250000	4.3894523e-11	-103.5759
250100	4.3852361e-11	-103.58007
250200	4.381027e-11	-103.58424
250300	4.3768252e-11	-103.58841
250400	4.3726306e-11	-103.59257
250500	4.3684432e-11	-103.59673
250600	4.3642629e-11	-103.60089
250700	4.3600898e-11	-103.60505
250800	4.3559238e-11	-103.6092
250900	4.351765e-11	-103.61335
251000	4.3476132e-11	-103.61749
251100	4.3434686e-11	-103.62163
251200	4.339331e-11	-103.62577
251300	4.3352005e-11	-103.62991
251400	4.331077e-11	-103.63404
251500	4.3269605e-11	-103.63817
251600	4.3228511e-11	-103.6423
251700	4.3187486e-11	-103.64642
251800	4.3146532e-11	-103.65054
251900	4.3105647e-11	-103.65466
252000	4.3064831e-11	-103.65877
252100	4.3024085e-11	-103.66288
252200	4.2983408e-11	-103.66699
252300	4.29428e-11	-103.6711
252400	4.2902262e-11	-103.6752
252500	4.2861791e-11	-103.6793
252600	4.282139e-11	-103.68339
252700	4.2781057e-11	-103.68748
252800	4.2740792e-11	-103.69157
252900	4.2700596e-11	-103.69566
253000	4.2660467e-11	-103.69974
253100	4.2620407e-11	-103.70382
253200	4.2580414e-11	-103.7079
253300	4.2540489e-11	-103.71198
253400	4.2500631e-11	-103.71605
253500	4.2460841e-11	-103.72011
253600	4.2421117e-11	-103.72418
253700	4.2381461e-11	-103.72824
253800	4.2341871e-11	-103.7323
253900	4.2302349e-11	-103.73636
254000	4.2262893e-11	-103.74041
254100	4.2223503e-11	-103.74446
254200	4.218418e-11	-103.7485
254300	4.2144922e-11	-103.75255
254400	4.2105731e-11	-103.75659
254500	4.2066606e-11	-103.76063
254600	4.2027546e-11	-103.76466
254700	4.1988552e-11	-103.76869
254800	4.1949624e-11	-103.77272
254900	4.1910761e-11	-103.77674
255000	4.1871963e-11	-103.78077
255100	4.183323e-11	-103.78479
255200	4.1794562e-11	-103.7888
255300	4.1755958e-11	-103.79282
255400	4.1717419e-11	-103.79683
255500	4.1678945e-11	-103.80083
255600	4.1640535e-11	-103.80484
255700	4.160219e-11	-103.80884
255800	4.1563908e-11	-103.81284
255900	4.152569e-11	-103.81683
256000	4.1487537e-11	-103.82082
256100	4.1449446e-11	-103.82481
256200	4.141142e-11	-103.8288
256300	4.1373456e-11	-103.83278
256400	4.1335556e-11	-103.83676
256500	4.129772e-11	-103.84074
256600	4.1259946e-11	-103.84471
256700	4.1222235e-11	-103.84868
256800	4.1184586e-11	-103.85265
256900	4.1147001e-11	-103.85662
257000	4.1109477e-11	-103.86058
257100	4.1072016e-11	-103.86454
257200	4.1034618e-11	-103.8685
257300	4.0997281e-11	-103.87245
257400	4.0960006e-11	-103.8764
257500	4.0922794e-11	-103.88035
257600	4.0885642e-11	-103.88429
257700	4.0848553e-11	-103.88823
257800	4.0811525e-11	-103.89217
257900	4.0774558e-11	-103.89611
258000	4.0737652e-11	-103.90004
258100	4.0700807e-11	-103.90397
258200	4.0664023e-11	-103.9079
258300	4.06273e-11	-103.91182
258400	4.0590638e-11	-103.91574
258500	4.0554036e-11	-103.91966
258600	4.0517494e-11	-103.92357
258700	4.0481013e-11	-103.92749
258800	4.0444592e-11	-103.9314
258900	4.0408231e-11	-103.9353
259000	4.037193e-11	-103.9392
259100	4.0335688e-11	-103.94311
259200	4.0299507e-11	-103.947
259300	4.0263384e-11	-103.9509
259400	4.0227321e-11	-103.95479
259500	4.0191318e-11	-103.95868
259600	4.0155373e-11	-103.96256
259700	4.0119488e-11	-103.96645
259800	4.0083662e-11	-103.97033
259900	4.0047894e-11	-103.9742
260000	4.0012185e-11	-103.97808
260100	3.9976534e-11	-103.98195
260200	3.9940942e-11	-103.98582
260300	3.9905408e-11	-103.98968
260400	3.9869932e-11	-103.99355
260500	3.9834515e-11	-103.9974
260600	3.9799155e-11	-104.00126
260700	3.9763853e-11	-104.00512
260800	3.9728609e-11	-104.00897
260900	3.9693422e-11	-104.01281
261000	3.9658293e-11	-104.01666
261100	3.9623221e-11	-104.0205
261200	3.9588207e-11	-104.02434
261300	3.9553249e-11	-104.02818
261400	3.9518348e-11	-104.03201
261500	3.9483505e-11	-104.03584
261600	3.9448718e-11	-104.03967
261700	3.9413987e-11	-104.0435
261800	3.9379313e-11	-104.04732
261900	3.9344696e-11	-104.05114
262000	3.9310135e-11	-104.05495
262100	3.927563e-11	-104.05877
262200	3.9241181e-11	-104.06258
262300	3.9206788e-11	-104.06639
262400	3.917245e-11	-104.07019
262500	3.9138169e-11	-104.07399
262600	3.9103943e-11	-104.07779
262700	3.9069772e-11	-104.08159
262800	3.9035657e-11	-104.08539
262900	3.9001597e-11	-104.08918
263000	3.8967592e-11	-104.09296
263100	3.8933643e-11	-104.09675
263200	3.8899748e-11	-104.10053
263300	3.8865908e-11	-104.10431
263400	3.8832122e-11	-104.10809
263500	3.8798391e-11	-104.11186
263600	3.8764715e-11	-104.11563
263700	3.8731093e-11	-104.1194
263800	3.8697525e-11	-104.12317
263900	3.8664011e-11	-104.12693
264000	3.8630552e-11	-104.13069
264100	3.8597146e-11	-104.13445
264200	3.8563794e-11	-104.1382
264300	3.8530496e-11	-104.14195
264400	3.8497251e-11	-104.1457
264500	3.846406e-11	-104.14945
264600	3.8430922e-11	-104.15319
264700	3.8397837e-11	-104.15693
264800	3.8364806e-11	-104.16067
264900	3.8331827e-11	-104.1644
265000	3.8298902e-11	-104.16814
265100	3.8266029e-11	-104.17187
265200	3.8233209e-11	-104.17559
265300	3.8200442e-11	-104.17932
265400	3.8167727e-11	-104.18304
265500	3.8135064e-11	-104.18676
265600	3.8102454e-11	-104.19047
265700	3.8069896e-11	-104.19418
265800	3.803739e-11	-104.19789
265900	3.8004936e-11	-104.2016
266000	3.7972533e-11	-104.2053
266100	3.7940183e-11	-104.20901
266200	3.7907884e-11	-104.2127
266300	3.7875637e-11	-104.2164
266400	3.7843441e-11	-104.22009
266500	3.7811297e-11	-104.22378
266600	3.7779204e-11	-104.22747
266700	3.7747162e-11	-104.23116
266800	3.7715171e-11	-104.23484
266900	3.768323e-11	-104.23852
267000	3.7651341e-11	-104.2422
267100	3.7619503e-11	-104.24587
267200	3.7587715e-11	-104.24954
267300	3.7555977e-11	-104.25321
267400	3.752429e-11	-104.25688
267500	3.7492654e-11	-104.26054
267600	3.7461067e-11	-104.2642
267700	3.7429531e-11	-104.26786
267800	3.7398045e-11	-104.27151
267900	3.7366608e-11	-104.27516
268000	3.7335222e-11	-104.27881
268100	3.7303885e-11	-104.28246
268200	3.7272597e-11	-104.2861
268300	3.724136e-11	-104.28974
268400	3.7210171e-11	-104.29338
268500	3.7179032e-11	-104.29702
268600	3.7147943e-11	-104.30065
268700	3.7116902e-11	-104.30428
268800	3.7085911e-11	-104.30791
268900	3.7054968e-11	-104.31154
269000	3.7024074e-11	-104.31516
269100	3.6993229e-11	-104.31878
269200	3.6962432e-11	-104.32239
269300	3.6931685e-11	-104.32601
269400	3.6900985e-11	-104.32962
269500	3.6870334e-11	-104.33323
269600	3.6839731e-11	-104.33684
269700	3.6809176e-11	-104.34044
269800	3.677867e-11	-104.34404
269900	3.6748211e-11	-104.34764
270000	3.67178e-11	-104.35123
270100	3.6687437e-11	-104.35483
270200	3.6657122e-11	-104.35842
270300	3.6626854e-11	-104.362
270400	3.6596634e-11	-104.36559
270500	3.6566461e-11	-104.36917
270600	3.6536335e-11	-104.37275
270700	3.6506257e-11	-104.37633
270800	3.6476226e-11	-104.3799
270900	3.6446242e-11	-104.38347
271000	3.6416304e-11	-104.38704
271100	3.6386414e-11	-104.39061
271200	3.635657e-11	-104.39417
271300	3.6326773e-11	-104.39773
271400	3.6297023e-11	-104.40129
271500	3.6267319e-11	-104.40485
271600	3.6237661e-11	-104.4084
271700	3.620805e-11	-104.41195
271800	3.6178485e-11	-104.4155
271900	3.6148966e-11	-104.41904
272000	3.6119493e-11	-104.42258
272100	3.6090066e-11	-104.42612
272200	3.6060685e-11	-104.42966
272300	3.603135e-11	-104.43319
272400	3.600206e-11	-104.43673
272500	3.5972816e-11	-104.44026
272600	3.5943617e-11	-104.44378
272700	3.5914464e-11	-104.44731
272800	3.5885356e-11	-104.45083
272900	3.5856293e-11	-104.45435
273000	3.5827275e-11	-104.45786
273100	3.5798303e-11	-104.46138
273200	3.5769375e-11	-104.46489
273300	3.5740492e-11	-104.46839
273400	3.5711654e-11	-104.4719
273500	3.5682861e-11	-104.4754
273600	3.5654112e-11	-104.4789
273700	3.5625408e-11	-104.4824
273800	3.5596748e-11	-104.4859
273900	3.5568133e-11	-104.48939
274000	3.5539562e-11	-104.49288
274100	3.5511035e-11	-104.49637
274200	3.5482552e-11	-104.49985
274300	3.5454113e-11	-104.50333
274400	3.5425718e-11	-104.50681
274500	3.5397367e-11	-104.51029
274600	3.5369059e-11	-104.51376
274700	3.5340796e-11	-104.51724
274800	3.5312575e-11	-104.52071
274900	3.5284399e-11	-104.52417
275000	3.5256266e-11	-104.52764
275100	3.5228176e-11	-104.5311
275200	3.5200129e-11	-104.53456
275300	3.5172125e-11	-104.53801
275400	3.5144165e-11	-104.54147
275500	3.5116247e-11	-104.54492
275600	3.5088373e-11	-104.54837
275700	3.5060541e-11	-104.55181
275800	3.5032752e-11	-104.55526
275900	3.5005006e-11	-104.5587
276000	3.4977302e-11	-104.56214
276100	3.4949641e-11	-104.56557
276200	3.4922022e-11	-104.56901
276300	3.4894446e-11	-104.57244
276400	3.4866911e-11	-104.57587
276500	3.4839419e-11	-104.57929
276600	3.4811969e-11	-104.58271
276700	3.4784561e-11	-104.58613
276800	3.4757195e-11	-104.58955
276900	3.4729871e-11	-104.59297
277000	3.4702589e-11	-104.59638
277100	3.4675348e-11	-104.59979
277200	3.4648149e-11	-104.6032
277300	3.4620991e-11	-104.60661
277400	3.4593875e-11	-104.61001
277500	3.45668e-11	-104.61341
277600	3.4539767e-11	-104.61681
277700	3.4512775e-11	-104.6202
277800	3.4485823e-11	-104.62359
277900	3.4458913e-11	-104.62698
278000	3.4432044e-11	-104.63037
278100	3.4405216e-11	-104.63376
278200	3.4378429e-11	-104.63714
278300	3.4351682e-11	-104.64052
278400	3.4324976e-11	-104.6439
278500	3.4298311e-11	-104.64727
278600	3.4271686e-11	-104.65065
278700	3.4245102e-11	-104.65402
278800	3.4218558e-11	-104.65738
278900	3.4192054e-11	-104.66075
279000	3.416559e-11	-104.66411
279100	3.4139167e-11	-104.66747
279200	3.4112784e-11	-104.67083
279300	3.408644e-11	-104.67418
279400	3.4060137e-11	-104.67754
279500	3.4033873e-11	-104.68089
279600	3.4007649e-11	-104.68423
279700	3.3981465e-11	-104.68758
279800	3.395532e-11	-104.69092
279900	3.3929215e-11	-104.69426
280000	3.390315e-11	-104.6976
280100	3.3877123e-11	-104.70093
280200	3.3851137e-11	-104.70427
280300	3.3825189e-11	-104.7076
280400	3.379928e-11	-104.71093
280500	3.3773411e-11	-104.71425
280600	3.374758e-11	-104.71757
280700	3.3721789e-11	-104.72089
280800	3.3696036e-11	-104.72421
280900	3.3670322e-11	-104.72753
281000	3.3644647e-11	-104.73084
281100	3.3619011e-11	-104.73415
281200	3.3593413e-11	-104.73746
281300	3.3567853e-11	-104.74076
281400	3.3542332e-11	-104.74407
281500	3.351685e-11	-104.74737
281600	3.3491405e-11	-104.75067
281700	3.3465999e-11	-104.75396
281800	3.3440631e-11	-104.75726
281900	3.3415301e-11	-104.76055
282000	3.3390009e-11	-104.76383
282100	3.3364755e-11	-104.76712
282200	3.3339539e-11	-104.7704
282300	3.3314361e-11	-104.77369
282400	3.328922e-11	-104.77696
282500	3.3264117e-11	-104.78024
282600	3.3239052e-11	-104.78351
282700	3.3214024e-11	-104.78679
282800	3.3189033e-11	-104.79005
282900	3.316408e-11	-104.79332
283000	3.3139165e-11	-104.79658
283100	3.3114286e-11	-104.79985
283200	3.3089445e-11	-104.80311
283300	3.306464e-11	-104.80636
283400	3.3039873e-11	-104.80962
283500	3.3015143e-11	-104.81287
283600	3.2990449e-11	-104.81612
283700	3.2965792e-11	-104.81936
283800	3.2941173e-11	-104.82261
283900	3.2916589e-11	-104.82585
284000	3.2892043e-11	-104.82909
284100	3.2867533e-11	-104.83233
284200	3.2843059e-11	-104.83556
284300	3.2818622e-11	-104.8388
284400	3.2794221e-11	-104.84203
284500	3.2769856e-11	-104.84525
284600	3.2745528e-11	-104.84848
284700	3.2721236e-11	-104.8517
284800	3.269698e-11	-104.85492
284900	3.2672759e-11	-104.85814
285000	3.2648575e-11	-104.86136
285100	3.2624427e-11	-104.86457
285200	3.2600314e-11	-104.86778
285300	3.2576238e-11	-104.87099
285400	3.2552197e-11	-104.8742
285500	3.2528191e-11	-104.8774
285600	3.2504221e-11	-104.8806
285700	3.2480287e-11	-104.8838
285800	3.2456388e-11	-104.887
285900	3.2432524e-11	-104.89019
286000	3.2408696e-11	-104.89338
286100	3.2384902e-11	-104.89657
286200	3.2361144e-11	-104.89976
286300	3.2337421e-11	-104.90295
286400	3.2313733e-11	-104.90613
286500	3.2290081e-11	-104.90931
286600	3.2266462e-11	-104.91249
286700	3.2242879e-11	-104.91566
286800	3.2219331e-11	-104.91883
286900	3.2195817e-11	-104.92201
287000	3.2172338e-11	-104.92517
287100	3.2148894e-11	-104.92834
287200	3.2125484e-11	-104.9315
287300	3.2102108e-11	-104.93466
287400	3.2078767e-11	-104.93782
287500	3.205546e-11	-104.94098
287600	3.2032188e-11	-104.94413
287700	3.2008949e-11	-104.94729
287800	3.1985745e-11	-104.95044
287900	3.1962575e-11	-104.95358
288000	3.1939439e-11	-104.95673
288100	3.1916337e-11	-104.95987
288200	3.1893269e-11	-104.96301
288300	3.1870234e-11	-104.96615
288400	3.1847234e-11	-104.96928
288500	3.1824267e-11	-104.97242
288600	3.1801334e-11	-104.97555
288700	3.1778434e-11	-104.97868
288800	3.1755568e-11	-104.9818
288900	3.1732735e-11	-104.98492
289000	3.1709936e-11	-104.98805
289100	3.168717e-11	-104.99117
289200	3.1664438e-11	-104.99428
289300	3.1641738e-11	-104.9974
289400	3.1619072e-11	-105.00051
289500	3.1596439e-11	-105.00362
289600	3.1573839e-11	-105.00673
289700	3.1551272e-11	-105.00983
289800	3.1528738e-11	-105.01293
289900	3.1506237e-11	-105.01603
290000	3.1483769e-11	-105.01913
290100	3.1461333e-11	-105.02223
290200	3.143893e-11	-105.02532
290300	3.141656e-11	-105.02841
290400	3.1394222e-11	-105.0315
290500	3.1371917e-11	-105.03459
290600	3.1349644e-11	-105.03767
290700	3.1327404e-11	-105.04076
290800	3.1305196e-11	-105.04384
290900	3.128302e-11	-105.04691
291000	3.1260876e-11	-105.04999
291100	3.1238765e-11	-105.05306
291200	3.1216686e-11	-105.05613
291300	3.1194639e-11	-105.0592
291400	3.1172624e-11	-105.06227
291500	3.115064e-11	-105.06533
291600	3.1128689e-11	-105.06839
291700	3.110677e-11	-105.07145
291800	3.1084882e-11	-105.07451
291900	3.1063026e-11	-105.07756
292000	3.1041201e-11	-105.08061
292100	3.1019409e-11	-105.08366
292200	3.0997648e-11	-105.08671
292300	3.0975918e-11	-105.08976
292400	3.095422e-11	-105.0928
292500	3.0932553e-11	-105.09584
292600	3.0910917e-11	-105.09888
292700	3.0889313e-11	-105.10192
292800	3.086774e-11	-105.10495
292900	3.0846198e-11	-105.10798
293000	3.0824687e-11	-105.11101
293100	3.0803207e-11	-105.11404
293200	3.0781758e-11	-105.11707
293300	3.0760341e-11	-105.12009
293400	3.0738954e-11	-105.12311
293500	3.0717597e-11	-105.12613
293600	3.0696272e-11	-105.12914
293700	3.0674977e-11	-105.13216
293800	3.0653713e-11	-105.13517
293900	3.063248e-11	-105.13818
294000	3.0611277e-11	-105.14119
294100	3.0590105e-11	-105.14419
294200	3.0568963e-11	-105.14719
294300	3.0547851e-11	-105.15019
294400	3.052677e-11	-105.15319
294500	3.0505719e-11	-105.15619
294600	3.0484699e-11	-105.15918
294700	3.0463708e-11	-105.16217
294800	3.0442748e-11	-105.16516
294900	3.0421818e-11	-105.16815
295000	3.0400918e-11	-105.17113
295100	3.0380047e-11	-105.17412
295200	3.0359207e-11	-105.1771
295300	3.0338397e-11	-105.18007
295400	3.0317616e-11	-105.18305
295500	3.0296865e-11	-105.18602
295600	3.0276144e-11	-105.18899
295700	3.0255452e-11	-105.19196
295800	3.023479e-11	-105.19493
295900	3.0214158e-11	-105.1979
296000	3.0193555e-11	-105.20086
296100	3.0172982e-11	-105.20382
296200	3.0152438e-11	-105.20678
296300	3.0131923e-11	-105.20973
296400	3.0111437e-11	-105.21269
296500	3.0090981e-11	-105.21564
296600	3.0070554e-11	-105.21859
296700	3.0050157e-11	-105.22153
296800	3.0029788e-11	-105.22448
296900	3.0009448e-11	-105.22742
297000	2.9989137e-11	-105.23036
297100	2.9968856e-11	-105.2333
297200	2.9948603e-11	-105.23623
297300	2.9928379e-11	-105.23917
297400	2.9908184e-11	-105.2421
297500	2.9888017e-11	-105.24503
297600	2.9867879e-11	-105.24796
297700	2.984777e-11	-105.25088
297800	2.9827689e-11	-105.2538
297900	2.9807637e-11	-105.25672
298000	2.9787614e-11	-105.25964
298100	2.9767619e-11	-105.26256
298200	2.9747652e-11	-105.26547
298300	2.9727714e-11	-105.26838
298400	2.9707804e-11	-105.27129
298500	2.9687922e-11	-105.2742
298600	2.9668068e-11	-105.27711
298700	2.9648243e-11	-105.28001
298800	2.9628445e-11	-105.28291
298900	2.9608676e-11	-105.28581
299000	2.9588935e-11	-105.28871
299100	2.9569221e-11	-105.2916
299200	2.9549536e-11	-105.29449
299300	2.9529878e-11	-105.29738
299400	2.9510248e-11	-105.30027
299500	2.9490646e-11	-105.30316
299600	2.9471072e-11	-105.30604
299700	2.9451525e-11	-105.30892
299800	2.9432006e-11	-105.3118
299900	2.9412515e-11	-105.31468
300000	2.9393051e-11	-105.31755
300100	2.9373614e-11	-105.32043
300200	2.9354205e-11	-105.3233
300300	2.9334824e-11	-105.32617
300400	2.9315469e-11	-105.32903
300500	2.9296142e-11	-105.3319
300600	2.9276843e-11	-105.33476
300700	2.925757e-11	-105.33762
300800	2.9238325e-11	-105.34048
300900	2.9219106e-11	-105.34333
301000	2.9199915e-11	-105.34618
301100	2.9180751e-11	-105.34904
301200	2.9161613e-11	-105.35188
301300	2.9142503e-11	-105.35473
301400	2.912342e-11	-105.35758
301500	2.9104363e-11	-105.36042
301600	2.9085333e-11	-105.36326
301700	2.906633e-11	-105.3661
301800	2.9047353e-11	-105.36893
301900	2.9028404e-11	-105.37177
302000	2.900948e-11	-105.3746
302100	2.8990584e-11	-105.37743
302200	2.8971714e-11	-105.38026
302300	2.895287e-11	-105.38308
302400	2.8934053e-11	-105.38591
302500	2.8915262e-11	-105.38873
302600	2.8896497e-11	-105.39155
302700	2.8877759e-11	-105.39437
302800	2.8859047e-11	-105.39718
302900	2.8840361e-11	-105.39999
303000	2.8821702e-11	-105.4028
303100	2.8803068e-11	-105.40561
303200	2.8784461e-11	-105.40842
303300	2.8765879e-11	-105.41122
303400	2.8747324e-11	-105.41403
303500	2.8728794e-11	-105.41683
303600	2.871029e-11	-105.41962
303700	2.8691813e-11	-105.42242
303800	2.8673361e-11	-105.42521
303900	2.8654934e-11	-105.42801
304000	2.8636534e-11	-105.4308
304100	2.8618159e-11	-105.43358
304200	2.859981e-11	-105.43637
304300	2.8581486e-11	-105.43915
304400	2.8563188e-11	-105.44193
304500	2.8544915e-11	-105.44471
304600	2.8526668e-11	-105.44749
304700	2.8508446e-11	-105.45026
304800	2.849025e-11	-105.45304
304900	2.8472079e-11	-105.45581
305000	2.8453933e-11	-105.45858
305100	2.8435813e-11	-105.46134
305200	2.8417717e-11	-105.46411
305300	2.8399647e-11	-105.46687
305400	2.8381602e-11	-105.46963
305500	2.8363582e-11	-105.47239
305600	2.8345587e-11	-105.47515
305700	2.8327618e-11	-105.4779
305800	2.8309673e-11	-105.48065
305900	2.8291753e-11	-105.4834
306000	2.8273857e-11	-105.48615
306100	2.8255987e-11	-105.4889
306200	2.8238141e-11	-105.49164
306300	2.8220321e-11	-105.49438
306400	2.8202524e-11	-105.49712
306500	2.8184753e-11	-105.49986
306600	2.8167006e-11	-105.50259
306700	2.8149284e-11	-105.50533
306800	2.8131586e-11	-105.50806
306900	2.8113913e-11	-105.51079
307000	2.8096264e-11	-105.51351
307100	2.807864e-11	-105.51624
307200	2.806104e-11	-105.51896
307300	2.8043464e-11	-105.52168
307400	2.8025913e-11	-105.5244
307500	2.8008386e-11	-105.52712
307600	2.7990883e-11	-105.52983
307700	2.7973404e-11	-105.53255
307800	2.795595e-11	-105.53526
307900	2.7938519e-11	-105.53797
308000	2.7921113e-11	-105.54067
308100	2.7903731e-11	-105.54338
308200	2.7886372e-11	-105.54608
308300	2.7869038e-11	-105.54878
308400	2.7851727e-11	-105.55148
308500	2.783444e-11	-105.55418
308600	2.7817178e-11	-105.55687
308700	2.7799938e-11	-105.55956
308800	2.7782723e-11	-105.56225
308900	2.7765531e-11	-105.56494
309000	2.7748363e-11	-105.56763
309100	2.7731219e-11	-105.57031
309200	2.7714098e-11	-105.57299
309300	2.7697001e-11	-105.57567
309400	2.7679927e-11	-105.57835
309500	2.7662877e-11	-105.58103
309600	2.764585e-11	-105.5837
309700	2.7628847e-11	-105.58637
309800	2.7611867e-11	-105.58904
309900	2.759491e-11	-105.59171
310000	2.7577976e-11	-105.59438
310100	2.7561066e-11	-105.59704
310200	2.7544179e-11	-105.5997
310300	2.7527315e-11	-105.60236
310400	2.7510475e-11	-105.60502
310500	2.7493657e-11	-105.60767
310600	2.7476862e-11	-105.61033
310700	2.7460091e-11	-105.61298
310800	2.7443342e-11	-105.61563
310900	2.7426616e-11	-105.61828
311000	2.7409914e-11	-105.62092
311100	2.7393234e-11	-105.62357
311200	2.7376577e-11	-105.62621
311300	2.7359942e-11	-105.62885
311400	2.7343331e-11	-105.63149
311500	2.7326742e-11	-105.63412
311600	2.7310176e-11	-105.63676
311700	2.7293632e-11	-105.63939
311800	2.7277111e-11	-105.64202
311900	2.7260613e-11	-105.64464
312000	2.7244137e-11	-105.64727
312100	2.7227684e-11	-105.64989
312200	2.7211253e-11	-105.65251
312300	2.7194845e-11	-105.65513
312400	2.7178458e-11	-105.65775
312500	2.7162095e-11	-105.66037
312600	2.7145753e-11	-105.66298
312700	2.7129434e-11	-105.66559
312800	2.7113137e-11	-105.6682
312900	2.7096863e-11	-105.67081
313000	2.708061e-11	-105.67342
313100	2.706438e-11	-105.67602
313200	2.7048172e-11	-105.67862
313300	2.7031986e-11	-105.68122
313400	2.7015821e-11	-105.68382
313500	2.6999679e-11	-105.68641
313600	2.6983559e-11	-105.68901
313700	2.6967461e-11	-105.6916
313800	2.6951384e-11	-105.69419
313900	2.693533e-11	-105.69678
314000	2.6919297e-11	-105.69936
314100	2.6903286e-11	-105.70195
314200	2.6887297e-11	-105.70453
314300	2.687133e-11	-105.70711
314400	2.6855384e-11	-105.70969
314500	2.683946e-11	-105.71226
314600	2.6823557e-11	-105.71484
314700	2.6807676e-11	-105.71741
314800	2.6791817e-11	-105.71998
314900	2.6775979e-11	-105.72255
315000	2.6760162e-11	-105.72511
315100	2.6744367e-11	-105.72768
315200	2.6728594e-11	-105.73024
315300	2.6712841e-11	-105.7328
315400	2.669711e-11	-105.73536
315500	2.6681401e-11	-105.73791
315600	2.6665712e-11	-105.74047
315700	2.6650045e-11	-105.74302
315800	2.6634399e-11	-105.74557
315900	2.6618775e-11	-105.74812
316000	2.6603171e-11	-105.75067
316100	2.6587588e-11	-105.75321
316200	2.6572027e-11	-105.75575
316300	2.6556486e-11	-105.75829
316400	2.6540967e-11	-105.76083
316500	2.6525469e-11	-105.76337
316600	2.6509991e-11	-105.7659
316700	2.6494534e-11	-105.76844
316800	2.6479099e-11	-105.77097
316900	2.6463684e-11	-105.7735
317000	2.6448289e-11	-105.77602
317100	2.6432916e-11	-105.77855
317200	2.6417563e-11	-105.78107
317300	2.6402231e-11	-105.78359
317400	2.638692e-11	-105.78611
317500	2.6371629e-11	-105.78863
317600	2.6356359e-11	-105.79115
317700	2.634111e-11	-105.79366
317800	2.6325881e-11	-105.79617
317900	2.6310673e-11	-105.79868
318000	2.6295485e-11	-105.80119
318100	2.6280317e-11	-105.80369
318200	2.626517e-11	-105.8062
318300	2.6250043e-11	-105.8087
318400	2.6234937e-11	-105.8112
318500	2.6219851e-11	-105.8137
318600	2.6204785e-11	-105.81619
318700	2.6189739e-11	-105.81869
318800	2.6174714e-11	-105.82118
318900	2.6159709e-11	-105.82367
319000	2.6144724e-11	-105.82616
319100	2.6129759e-11	-105.82865
319200	2.6114814e-11	-105.83113
319300	2.6099889e-11	-105.83361
319400	2.6084985e-11	-105.83609
319500	2.60701e-11	-105.83857
319600	2.6055235e-11	-105.84105
319700	2.604039e-11	-105.84353
319800	2.6025565e-11	-105.846
319900	2.601076e-11	-105.84847
320000	2.5995975e-11	-105.85094
320100	2.598121e-11	-105.85341
320200	2.5966464e-11	-105.85587
320300	2.5951738e-11	-105.85834
320400	2.5937032e-11	-105.8608
320500	2.5922346e-11	-105.86326
320600	2.5907679e-11	-105.86571
320700	2.5893032e-11	-105.86817
320800	2.5878404e-11	-105.87063
320900	2.5863796e-11	-105.87308
321000	2.5849208e-11	-105.87553
321100	2.5834639e-11	-105.87798
321200	2.5820089e-11	-105.88042
321300	2.5805559e-11	-105.88287
321400	2.5791048e-11	-105.88531
321500	2.5776557e-11	-105.88775
321600	2.5762085e-11	-105.89019
321700	2.5747633e-11	-105.89263
321800	2.5733199e-11	-105.89506
321900	2.5718785e-11	-105.8975
322000	2.5704391e-11	-105.89993
322100	2.5690015e-11	-105.90236
322200	2.5675659e-11	-105.90478
322300	2.5661321e-11	-105.90721
322400	2.5647003e-11	-105.90963
322500	2.5632704e-11	-105.91206
322600	2.5618424e-11	-105.91448
322700	2.5604163e-11	-105.91689
322800	2.5589921e-11	-105.91931
322900	2.5575698e-11	-105.92173
323000	2.5561494e-11	-105.92414
323100	2.5547309e-11	-105.92655
323200	2.5533143e-11	-105.92896
323300	2.5518995e-11	-105.93136
323400	2.5504867e-11	-105.93377
323500	2.5490757e-11	-105.93617
323600	2.5476666e-11	-105.93857
323700	2.5462593e-11	-105.94097
323800	2.544854e-11	-105.94337
323900	2.5434505e-11	-105.94577
324000	2.5420489e-11	-105.94816
324100	2.5406491e-11	-105.95055
324200	2.5392512e-11	-105.95294
324300	2.5378551e-11	-105.95533
324400	2.536461e-11	-105.95772
324500	2.5350686e-11	-105.9601
324600	2.5336781e-11	-105.96249
324700	2.5322895e-11	-105.96487
324800	2.5309027e-11	-105.96725
324900	2.5295177e-11	-105.96962
325000	2.5281346e-11	-105.972
325100	2.5267533e-11	-105.97437
325200	2.5253738e-11	-105.97674
325300	2.5239962e-11	-105.97911
325400	2.5226203e-11	-105.98148
325500	2.5212464e-11	-105.98385
325600	2.5198742e-11	-105.98621
325700	2.5185038e-11	-105.98857
325800	2.5171353e-11	-105.99093
325900	2.5157686e-11	-105.99329
326000	2.5144037e-11	-105.99565
326100	2.5130406e-11	-105.99801
326200	2.5116793e-11	-106.00036
326300	2.5103198e-11	-106.00271
326400	2.5089621e-11	-106.00506
326500	2.5076061e-11	-106.00741
326600	2.506252e-11	-106.00975
326700	2.5048997e-11	-106.0121
326800	2.5035492e-11	-106.01444
326900	2.5022004e-11	-106.01678
327000	2.5008534e-11	-106.01912
327100	2.4995082e-11	-106.02145
327200	2.4981648e-11	-106.02379
327300	2.4968232e-11	-106.02612
327400	2.4954833e-11	-106.02845
327500	2.4941452e-11	-106.03078
327600	2.4928089e-11	-106.03311
327700	2.4914743e-11	-106.03544
327800	2.4901415e-11	-106.03776
327900	2.4888105e-11	-106.04008
328000	2.4874812e-11	-106.0424
328100	2.4861536e-11	-106.04472
328200	2.4848278e-11	-106.04704
328300	2.4835038e-11	-106.04935
328400	2.4821815e-11	-106.05166
328500	2.4808609e-11	-106.05398
328600	2.4795421e-11	-106.05629
328700	2.478225e-11	-106.05859
328800	2.4769097e-11	-106.0609
328900	2.475596e-11	-106.0632
329000	2.4742842e-11	-106.0655
329100	2.472974e-11	-106.0678
329200	2.4716656e-11	-106.0701
329300	2.4703589e-11	-106.0724
329400	2.4690539e-11	-106.07469
329500	2.4677506e-11	-106.07699
329600	2.466449e-11	-106.07928
329700	2.4651492e-11	-106.08157
329800	2.463851e-11	-106.08386
329900	2.4625546e-11	-106.08614
330000	2.4612599e-11	-106.08843
330100	2.4599668e-11	-106.09071
330200	2.4586755e-11	-106.09299
330300	2.4573859e-11	-106.09527
330400	2.4560979e-11	-106.09754
330500	2.4548117e-11	-106.09982
330600	2.4535271e-11	-106.10209
330700	2.4522442e-11	-106.10436
330800	2.450963e-11	-106.10663
330900	2.4496835e-11	-106.1089
331000	2.4484057e-11	-106.11117
331100	2.4471295e-11	-106.11343
331200	2.445855e-11	-106.11569
331300	2.4445822e-11	-106.11795
331400	2.4433111e-11	-106.12021
331500	2.4420416e-11	-106.12247
331600	2.4407738e-11	-106.12472
331700	2.4395077e-11	-106.12698
331800	2.4382432e-11	-106.12923
331900	2.4369803e-11	-106.13148
332000	2.4357191e-11	-106.13373
332100	2.4344596e-11	-106.13597
332200	2.4332017e-11	-106.13822
332300	2.4319455e-11	-106.14046
332400	2.4306909e-11	-106.1427
332500	2.429438e-11	-106.14494
332600	2.4281867e-11	-106.14718
332700	2.426937e-11	-106.14941
332800	2.425689e-11	-106.15165
332900	2.4244426e-11	-106.15388
333000	2.4231978e-11	-106.15611
333100	2.4219547e-11	-106.15834
333200	2.4207131e-11	-106.16057
333300	2.4194732e-11	-106.16279
333400	2.418235e-11	-106.16502
333500	2.4169983e-11	-106.16724
333600	2.4157633e-11	-106.16946
333700	2.4145298e-11	-106.17167
333800	2.413298e-11	-106.17389
333900	2.4120678e-11	-106.1761
334000	2.4108392e-11	-106.17832
334100	2.4096122e-11	-106.18053
334200	2.4083868e-11	-106.18274
334300	2.407163e-11	-106.18494
334400	2.4059408e-11	-106.18715
334500	2.4047202e-11	-106.18935
334600	2.4035012e-11	-106.19156
334700	2.4022838e-11	-106.19376
334800	2.401068e-11	-106.19596
334900	2.3998537e-11	-106.19815
335000	2.3986411e-11	-106.20035
335100	2.39743e-11	-106.20254
335200	2.3962205e-11	-106.20473
335300	2.3950125e-11	-106.20692
335400	2.3938062e-11	-106.20911
335500	2.3926014e-11	-106.2113
335600	2.3913982e-11	-106.21348
335700	2.3901966e-11	-106.21566
335800	2.3889965e-11	-106.21784
335900	2.387798e-11	-106.22002
336000	2.386601e-11	-106.2222
336100	2.3854056e-11	-106.22438
336200	2.3842118e-11	-106.22655
336300	2.3830195e-11	-106.22872
336400	2.3818287e-11	-106.23089
336500	2.3806396e-11	-106.23306
336600	2.3794519e-11	-106.23523
336700	2.3782658e-11	-106.2374
336800	2.3770813e-11	-106.23956
336900	2.3758983e-11	-106.24172
337000	2.3747168e-11	-106.24388
337100	2.3735369e-11	-106.24604
337200	2.3723585e-11	-106.2482
337300	2.3711816e-11	-106.25035
337400	2.3700062e-11	-106.25251
337500	2.3688324e-11	-106.25466
337600	2.3676601e-11	-106.25681
337700	2.3664894e-11	-106.25895
337800	2.3653201e-11	-106.2611
337900	2.3641524e-11	-106.26325
338000	2.3629862e-11	-106.26539
338100	2.3618215e-11	-106.26753
338200	2.3606583e-11	-106.26967
338300	2.3594966e-11	-106.27181
338400	2.3583365e-11	-106.27394
338500	2.3571778e-11	-106.27608
338600	2.3560207e-11	-106.27821
338700	2.354865e-11	-106.28034
338800	2.3537109e-11	-106.28247
338900	2.3525582e-11	-106.2846
339000	2.351407e-11	-106.28672
339100	2.3502574e-11	-106.28885
339200	2.3491092e-11	-106.29097
339300	2.3479625e-11	-106.29309
339400	2.3468173e-11	-106.29521
339500	2.3456736e-11	-106.29732
339600	2.3445313e-11	-106.29944
339700	2.3433906e-11	-106.30155
339800	2.3422513e-11	-106.30367
339900	2.3411135e-11	-106.30578
340000	2.3399772e-11	-106.30788
340100	2.3388423e-11	-106.30999
340200	2.3377089e-11	-106.3121
340300	2.336577e-11	-106.3142
340400	2.3354465e-11	-106.3163
340500	2.3343175e-11	-106.3184
340600	2.33319e-11	-106.3205
340700	2.3320639e-11	-106.3226
340800	2.3309393e-11	-106.32469
340900	2.3298162e-11	-106.32678
341000	2.3286945e-11	-106.32887
341100	2.3275742e-11	-106.33096
341200	2.3264554e-11	-106.33305
341300	2.3253381e-11	-106.33514
341400	2.3242221e-11	-106.33722
341500	2.3231077e-11	-106.33931
341600	2.3219947e-11	-106.34139
341700	2.3208831e-11	-106.34347
341800	2.3197729e-11	-106.34555
341900	2.3186642e-11	-106.34762
342000	2.3175569e-11	-106.3497
342100	2.3164511e-11	-106.35177
342200	2.3153466e-11	-106.35384
342300	2.3142437e-11	-106.35591
342400	2.3131421e-11	-106.35798
342500	2.3120419e-11	-106.36004
342600	2.3109432e-11	-106.36211
342700	2.3098459e-11	-106.36417
342800	2.30875e-11	-106.36623
342900	2.3076555e-11	-106.36829
343000	2.3065625e-11	-106.37035
343100	2.3054708e-11	-106.3724
343200	2.3043806e-11	-106.37446
343300	2.3032918e-11	-106.37651
343400	2.3022043e-11	-106.37856
343500	2.3011183e-11	-106.38061
343600	2.3000337e-11	-106.38266
343700	2.2989505e-11	-106.3847
343800	2.2978686e-11	-106.38675
343900	2.2967882e-11	-106.38879
344000	2.2957092e-11	-106.39083
344100	2.2946315e-11	-106.39287
344200	2.2935553e-11	-106.39491
344300	2.2924804e-11	-106.39694
344400	2.2914069e-11	-106.39898
344500	2.2903348e-11	-106.40101
344600	2.2892641e-11	-106.40304
344700	2.2881948e-11	-106.40507
344800	2.2871268e-11	-106.4071
344900	2.2860603e-11	-106.40912
345000	2.2849951e-11	-106.41115
345100	2.2839312e-11	-106.41317
345200	2.2828688e-11	-106.41519
345300	2.2818077e-11	-106.41721
345400	2.280748e-11	-106.41923
345500	2.2796896e-11	-106.42124
345600	2.2786326e-11	-106.42326
345700	2.277577e-11	-106.42527
345800	2.2765227e-11	-106.42728
345900	2.2754698e-11	-106.42929
346000	2.2744182e-11	-106.4313
346100	2.273368e-11	-106.4333
346200	2.2723192e-11	-106.43531
346300	2.2712717e-11	-106.43731
346400	2.2702255e-11	-106.43931
346500	2.2691807e-11	-106.44131
346600	2.2681372e-11	-106.44331
346700	2.2670951e-11	-106.4453
346800	2.2660543e-11	-106.4473
346900	2.2650149e-11	-106.44929
347000	2.2639768e-11	-106.45128
347100	2.26294e-11	-106.45327
347200	2.2619046e-11	-106.45526
347300	2.2608705e-11	-106.45724
347400	2.2598377e-11	-106.45923
347500	2.2588063e-11	-106.46121
347600	2.2577762e-11	-106.46319
347700	2.2567474e-11	-106.46517
347800	2.2557199e-11	-106.46715
347900	2.2546938e-11	-106.46912
348000	2.2536689e-11	-106.4711
348100	2.2526454e-11	-106.47307
348200	2.2516232e-11	-106.47504
348300	2.2506024e-11	-106.47701
348400	2.2495828e-11	-106.47898
348500	2.2485645e-11	-106.48095
348600	2.2475476e-11	-106.48291
348700	2.246532e-11	-106.48487
348800	2.2455176e-11	-106.48684
348900	2.2445046e-11	-106.4888
349000	2.2434929e-11	-106.49075
349100	2.2424824e-11	-106.49271
349200	2.2414733e-11	-106.49466
349300	2.2404655e-11	-106.49662
349400	2.2394589e-11	-106.49857
349500	2.2384537e-11	-106.50052
349600	2.2374497e-11	-106.50247
349700	2.2364471e-11	-106.50441
349800	2.2354457e-11	-106.50636
349900	2.2344456e-11	-106.5083
350000	2.2334468e-11	-106.51024
350100	2.2324492e-11	-106.51218
350200	2.231453e-11	-106.51412
350300	2.230458e-11	-106.51606
350400	2.2294644e-11	-106.51799
350500	2.2284719e-11	-106.51993
350600	2.2274808e-11	-106.52186
350700	2.2264909e-11	-106.52379
350800	2.2255023e-11	-106.52572
350900	2.224515e-11	-106.52765
351000	2.223529e-11	-106.52957
351100	2.2225442e-11	-106.5315
351200	2.2215606e-11	-106.53342
351300	2.2205784e-11	-106.53534
351400	2.2195974e-11	-106.53726
351500	2.2186176e-11	-106.53918
351600	2.2176391e-11	-106.54109
351700	2.2166619e-11	-106.54301
351800	2.2156859e-11	-106.54492
351900	2.2147112e-11	-106.54683
352000	2.2137377e-11	-106.54874
352100	2.2127655e-11	-106.55065
352200	2.2117945e-11	-106.55255
352300	2.2108247e-11	-106.55446
352400	2.2098563e-11	-106.55636
352500	2.208889e-11	-106.55826
352600	2.207923e-11	-106.56016
352700	2.2069582e-11	-106.56206
352800	2.2059947e-11	-106.56396
352900	2.2050324e-11	-106.56585
353000	2.2040713e-11	-106.56774
353100	2.2031115e-11	-106.56964
353200	2.2021529e-11	-106.57153
353300	2.2011955e-11	-106.57341
353400	2.2002394e-11	-106.5753
353500	2.1992845e-11	-106.57719
353600	2.1983308e-11	-106.57907
353700	2.1973783e-11	-106.58095
353800	2.196427e-11	-106.58283
353900	2.195477e-11	-106.58471
354000	2.1945282e-11	-106.58659
354100	2.1935806e-11	-106.58846
354200	2.1926342e-11	-106.59034
354300	2.1916891e-11	-106.59221
354400	2.1907451e-11	-106.59408
354500	2.1898023e-11	-106.59595
354600	2.1888608e-11	-106.59782
354700	2.1879205e-11	-106.59968
354800	2.1869814e-11	-106.60155
354900	2.1860434e-11	-106.60341
355000	2.1851067e-11	-106.60527
355100	2.1841712e-11	-106.60713
355200	2.1832369e-11	-106.60899
355300	2.1823037e-11	-106.61085
355400	2.1813718e-11	-106.6127
355500	2.1804411e-11	-106.61456
355600	2.1795115e-11	-106.61641
355700	2.1785832e-11	-106.61826
355800	2.177656e-11	-106.62011
355900	2.1767301e-11	-106.62195
356000	2.1758053e-11	-106.6238
356100	2.1748817e-11	-106.62564
356200	2.1739593e-11	-106.62749
356300	2.173038e-11	-106.62933
356400	2.172118e-11	-106.63117
356500	2.1711991e-11	-106.633
356600	2.1702814e-11	-106.63484
356700	2.1693649e-11	-106.63667
356800	2.1684495e-11	-106.63851
356900	2.1675354e-11	-106.64034
357000	2.1666223e-11	-106.64217
357100	2.1657105e-11	-106.644
357200	2.1647998e-11	-106.64582
357300	2.1638904e-11	-106.64765
357400	2.162982e-11	-106.64947
357500	2.1620748e-11	-106.65129
357600	2.1611688e-11	-106.65311
357700	2.160264e-11	-106.65493
357800	2.1593603e-11	-106.65675
357900	2.1584578e-11	-106.65856
358000	2.1575564e-11	-106.66038
358100	2.1566562e-11	-106.66219
358200	2.1557571e-11	-106.664
358300	2.1548592e-11	-106.66581
358400	2.1539624e-11	-106.66762
358500	2.1530668e-11	-106.66942
358600	2.1521724e-11	-106.67123
358700	2.151279e-11	-106.67303
358800	2.1503869e-11	-106.67483
358900	2.1494958e-11	-106.67663
359000	2.1486059e-11	-106.67843
359100	2.1477172e-11	-106.68023
359200	2.1468296e-11	-106.68202
359300	2.1459431e-11	-106.68382
359400	2.1450578e-11	-106.68561
359500	2.1441735e-11	-106.6874
359600	2.1432905e-11	-106.68919
359700	2.1424085e-11	-106.69098
359800	2.1415277e-11	-106.69276
359900	2.140648e-11	-106.69455
360000	2.1397695e-11	-106.69633
360100	2.1388921e-11	-106.69811
360200	2.1380157e-11	-106.69989
360300	2.1371406e-11	-106.70167
360400	2.1362665e-11	-106.70345
360500	2.1353936e-11	-106.70522
360600	2.1345217e-11	-106.70699
360700	2.133651e-11	-106.70877
360800	2.1327814e-11	-106.71054
360900	2.131913e-11	-106.71231
361000	2.1310456e-11	-106.71407
361100	2.1301794e-11	-106.71584
361200	2.1293142e-11	-106.7176
361300	2.1284502e-11	-106.71937
361400	2.1275873e-11	-106.72113
361500	2.1267254e-11	-106.72289
361600	2.1258647e-11	-106.72464
361700	2.1250051e-11	-106.7264
361800	2.1241466e-11	-106.72816
361900	2.1232892e-11	-106.72991
362000	2.1224329e-11	-106.73166
362100	2.1215777e-11	-106.73341
362200	2.1207236e-11	-106.73516
362300	2.1198705e-11	-106.73691
362400	2.1190186e-11	-106.73865
362500	2.1181678e-11	-106.7404
362600	2.117318e-11	-106.74214
362700	2.1164694e-11	-106.74388
362800	2.1156218e-11	-106.74562
362900	2.1147753e-11	-106.74736
363000	2.1139299e-11	-106.74909
363100	2.1130856e-11	-106.75083
363200	2.1122424e-11	-106.75256
363300	2.1114003e-11	-106.75429
363400	2.1105592e-11	-106.75602
363500	2.1097192e-11	-106.75775
363600	2.1088803e-11	-106.75948
363700	2.1080424e-11	-106.76121
363800	2.1072057e-11	-106.76293
363900	2.10637e-11	-106.76465
364000	2.1055354e-11	-106.76637
364100	2.1047018e-11	-106.76809
364200	2.1038694e-11	-106.76981
364300	2.103038e-11	-106.77153
364400	2.1022076e-11	-106.77324
364500	2.1013783e-11	-106.77496
364600	2.1005501e-11	-106.77667
364700	2.099723e-11	-106.77838
364800	2.0988969e-11	-106.78009
364900	2.0980719e-11	-106.7818
365000	2.0972479e-11	-106.7835
365100	2.096425e-11	-106.78521
365200	2.0956031e-11	-106.78691
365300	2.0947823e-11	-106.78861
365400	2.0939626e-11	-106.79031
365500	2.0931439e-11	-106.79201
365600	2.0923262e-11	-106.79371
365700	2.0915097e-11	-106.7954
365800	2.0906941e-11	-106.7971
365900	2.0898796e-11	-106.79879
366000	2.0890662e-11	-106.80048
366100	2.0882538e-11	-106.80217
366200	2.0874424e-11	-106.80386
366300	2.0866321e-11	-106.80554
366400	2.0858228e-11	-106.80723
366500	2.0850145e-11	-106.80891
366600	2.0842073e-11	-106.81059
366700	2.0834012e-11	-106.81227
366800	2.082596e-11	-106.81395
366900	2.0817919e-11	-106.81563
367000	2.0809889e-11	-106.8173
367100	2.0801868e-11	-106.81898
367200	2.0793858e-11	-106.82065
367300	2.0785859e-11	-106.82232
367400	2.0777869e-11	-106.82399
367500	2.076989e-11	-106.82566
367600	2.0761921e-11	-106.82732
367700	2.0753962e-11	-106.82899
367800	2.0746014e-11	-106.83065
367900	2.0738076e-11	-106.83232
368000	2.0730148e-11	-106.83398
368100	2.072223e-11	-106.83564
368200	2.0714322e-11	-106.83729
368300	2.0706425e-11	-106.83895
368400	2.0698537e-11	-106.8406
368500	2.069066e-11	-106.84226
368600	2.0682793e-11	-106.84391
368700	2.0674936e-11	-106.84556
368800	2.0667089e-11	-106.84721
368900	2.0659253e-11	-106.84885
369000	2.0651426e-11	-106.8505
369100	2.064361e-11	-106.85214
369200	2.0635803e-11	-106.85379
369300	2.0628007e-11	-106.85543
369400	2.062022e-11	-106.85707
369500	2.0612444e-11	-106.85871
369600	2.0604677e-11	-106.86034
369700	2.0596921e-11	-106.86198
369800	2.0589175e-11	-106.86361
369900	2.0581438e-11	-106.86524
370000	2.0573712e-11	-106.86687
370100	2.0565995e-11	-106.8685
370200	2.0558289e-11	-106.87013
370300	2.0550592e-11	-106.87176
370400	2.0542905e-11	-106.87338
370500	2.0535228e-11	-106.875
370600	2.0527561e-11	-106.87663
370700	2.0519904e-11	-106.87825
370800	2.0512257e-11	-106.87987
370900	2.050462e-11	-106.88148
371000	2.0496992e-11	-106.8831
371100	2.0489375e-11	-106.88471
371200	2.0481767e-11	-106.88633
371300	2.0474169e-11	-106.88794
371400	2.0466581e-11	-106.88955
371500	2.0459002e-11	-106.89116
371600	2.0451433e-11	-106.89276
371700	2.0443875e-11	-106.89437
371800	2.0436325e-11	-106.89597
371900	2.0428786e-11	-106.89757
372000	2.0421256e-11	-106.89918
372100	2.0413736e-11	-106.90077
372200	2.0406226e-11	-106.90237
372300	2.0398726e-11	-106.90397
372400	2.0391235e-11	-106.90556
372500	2.0383753e-11	-106.90716
372600	2.0376282e-11	-106.90875
372700	2.036882e-11	-106.91034
372800	2.0361368e-11	-106.91193
372900	2.0353925e-11	-106.91352
373000	2.0346492e-11	-106.9151
373100	2.0339069e-11	-106.91669
373200	2.0331655e-11	-106.91827
373300	2.0324251e-11	-106.91985
373400	2.0316856e-11	-106.92144
373500	2.0309471e-11	-106.92301
373600	2.0302095e-11	-106.92459
373700	2.0294729e-11	-106.92617
373800	2.0287373e-11	-106.92774
373900	2.0280026e-11	-106.92932
374000	2.0272688e-11	-106.93089
374100	2.026536e-11	-106.93246
374200	2.0258042e-11	-106.93403
374300	2.0250733e-11	-106.93559
374400	2.0243433e-11	-106.93716
374500	2.0236143e-11	-106.93872
374600	2.0228862e-11	-106.94029
374700	2.0221591e-11	-106.94185
374800	2.0214329e-11	-106.94341
374900	2.0207076e-11	-106.94497
375000	2.0199833e-11	-106.94652
375100	2.01926e-11	-106.94808
375200	2.0185375e-11	-106.94963
375300	2.017816e-11	-106.95118
375400	2.0170955e-11	-106.95274
375500	2.0163758e-11	-106.95429
375600	2.0156571e-11	-106.95583
375700	2.0149394e-11	-106.95738
375800	2.0142226e-11	-106.95893
375900	2.0135066e-11	-106.96047
376000	2.0127917e-11	-106.96201
376100	2.0120776e-11	-106.96355
376200	2.0113645e-11	-106.96509
376300	2.0106523e-11	-106.96663
376400	2.009941e-11	-106.96817
376500	2.0092307e-11	-106.9697
376600	2.0085213e-11	-106.97124
376700	2.0078128e-11	-106.97277
376800	2.0071052e-11	-106.9743
376900	2.0063985e-11	-106.97583
377000	2.0056928e-11	-106.97736
377100	2.0049879e-11	-106.97888
377200	2.004284e-11	-106.98041
377300	2.003581e-11	-106.98193
377400	2.0028789e-11	-106.98345
377500	2.0021777e-11	-106.98497
377600	2.0014775e-11	-106.98649
377700	2.0007781e-11	-106.98801
377800	2.0000797e-11	-106.98953
377900	1.9993821e-11	-106.99104
378000	1.9986855e-11	-106.99256
378100	1.9979898e-11	-106.99407
378200	1.997295e-11	-106.99558
378300	1.9966011e-11	-106.99709
378400	1.995908e-11	-106.99859
378500	1.9952159e-11	-107.0001
378600	1.9945247e-11	-107.00161
378700	1.9938344e-11	-107.00311
378800	1.993145e-11	-107.00461
378900	1.9924565e-11	-107.00611
379000	1.9917689e-11	-107.00761
379100	1.9910822e-11	-107.00911
379200	1.9903964e-11	-107.0106
379300	1.9897114e-11	-107.0121
379400	1.9890274e-11	-107.01359
379500	1.9883443e-11	-107.01508
379600	1.987662e-11	-107.01657
379700	1.9869807e-11	-107.01806
379800	1.9863002e-11	-107.01955
379900	1.9856206e-11	-107.02104
380000	1.9849419e-11	-107.02252
380100	1.9842641e-11	-107.02401
380200	1.9835872e-11	-107.02549
380300	1.9829111e-11	-107.02697
380400	1.982236e-11	-107.02845
380500	1.9815617e-11	-107.02992
380600	1.9808883e-11	-107.0314
380700	1.9802158e-11	-107.03287
380800	1.9795442e-11	-107.03435
380900	1.9788734e-11	-107.03582
381000	1.9782035e-11	-107.03729
381100	1.9775345e-11	-107.03876
381200	1.9768664e-11	-107.04023
381300	1.9761992e-11	-107.04169
381400	1.9755328e-11	-107.04316
381500	1.9748673e-11	-107.04462
381600	1.9742026e-11	-107.04608
381700	1.9735389e-11	-107.04754
381800	1.972876e-11	-107.049
381900	1.9722139e-11	-107.05046
382000	1.9715528e-11	-107.05192
382100	1.9708925e-11	-107.05337
382200	1.9702331e-11	-107.05482
382300	1.9695745e-11	-107.05628
382400	1.9689168e-11	-107.05773
382500	1.96826e-11	-107.05918
382600	1.967604e-11	-107.06062
382700	1.9669489e-11	-107.06207
382800	1.9662946e-11	-107.06351
382900	1.9656412e-11	-107.06496
383000	1.9649887e-11	-107.0664
383100	1.964337e-11	-107.06784
383200	1.9636862e-11	-107.06928
383300	1.9630362e-11	-107.07072
383400	1.9623871e-11	-107.07215
383500	1.9617388e-11	-107.07359
383600	1.9610914e-11	-107.07502
383700	1.9604449e-11	-107.07645
383800	1.9597991e-11	-107.07788
383900	1.9591543e-11	-107.07931
384000	1.9585103e-11	-107.08074
384100	1.9578671e-11	-107.08217
384200	1.9572248e-11	-107.08359
384300	1.9565833e-11	-107.08502
384400	1.9559427e-11	-107.08644
384500	1.9553029e-11	-107.08786
384600	1.954664e-11	-107.08928
384700	1.9540259e-11	-107.0907
384800	1.9533886e-11	-107.09211
384900	1.9527522e-11	-107.09353
385000	1.9521166e-11	-107.09494
385100	1.9514819e-11	-107.09635
385200	1.950848e-11	-107.09777
385300	1.9502149e-11	-107.09918
385400	1.9495827e-11	-107.10058
385500	1.9489513e-11	-107.10199
385600	1.9483208e-11	-107.1034
385700	1.947691e-11	-107.1048
385800	1.9470621e-11	-107.1062
385900	1.9464341e-11	-107.1076
386000	1.9458068e-11	-107.109
386100	1.9451804e-11	-107.1104
386200	1.9445549e-11	-107.1118
386300	1.9439301e-11	-107.11319
386400	1.9433062e-11	-107.11459
386500	1.9426831e-11	-107.11598
386600	1.9420608e-11	-107.11737
386700	1.9414394e-11	-107.11876
386800	1.9408188e-11	-107.12015
386900	1.940199e-11	-107.12154
387000	1.93958e-11	-107.12292
387100	1.9389618e-11	-107.12431
387200	1.9383445e-11	-107.12569
387300	1.937728e-11	-107.12707
387400	1.9371123e-11	-107.12845
387500	1.9364974e-11	-107.12983
387600	1.9358833e-11	-107.13121
387700	1.9352701e-11	-107.13258
387800	1.9346577e-11	-107.13396
387900	1.934046e-11	-107.13533
388000	1.9334352e-11	-107.1367
388100	1.9328252e-11	-107.13807
388200	1.932216e-11	-107.13944
388300	1.9316077e-11	-107.14081
388400	1.9310001e-11	-107.14218
388500	1.9303933e-11	-107.14354
388600	1.9297874e-11	-107.14491
388700	1.9291822e-11	-107.14627
388800	1.9285779e-11	-107.14763
388900	1.9279743e-11	-107.14899
389000	1.9273716e-11	-107.15035
389100	1.9267697e-11	-107.1517
389200	1.9261686e-11	-107.15306
389300	1.9255682e-11	-107.15441
389400	1.9249687e-11	-107.15576
389500	1.92437e-11	-107.15711
389600	1.9237721e-11	-107.15846
389700	1.9231749e-11	-107.15981
389800	1.9225786e-11	-107.16116
389900	1.9219831e-11	-107.1625
390000	1.9213883e-11	-107.16385
390100	1.9207944e-11	-107.16519
390200	1.9202013e-11	-107.16653
390300	1.9196089e-11	-107.16787
390400	1.9190173e-11	-107.16921
390500	1.9184266e-11	-107.17055
390600	1.9178366e-11	-107.17188
390700	1.9172474e-11	-107.17322
390800	1.916659e-11	-107.17455
390900	1.9160714e-11	-107.17588
391000	1.9154846e-11	-107.17721
391100	1.9148985e-11	-107.17854
391200	1.9143133e-11	-107.17987
391300	1.9137288e-11	-107.1812
391400	1.9131451e-11	-107.18252
391500	1.9125622e-11	-107.18384
391600	1.9119801e-11	-107.18517
391700	1.9113988e-11	-107.18649
391800	1.9108182e-11	-107.18781
391900	1.9102384e-11	-107.18912
392000	1.9096595e-11	-107.19044
392100	1.9090812e-11	-107.19176
392200	1.9085038e-11	-107.19307
392300	1.9079271e-11	-107.19438
392400	1.9073512e-11	-107.19569
392500	1.9067761e-11	-107.197
392600	1.9062018e-11	-107.19831
392700	1.9056282e-11	-107.19962
392800	1.9050555e-11	-107.20092
392900	1.9044834e-11	-107.20223
393000	1.9039122e-11	-107.20353
393100	1.9033417e-11	-107.20483
393200	1.902772e-11	-107.20613
393300	1.9022031e-11	-107.20743
393400	1.9016349e-11	-107.20873
393500	1.9010675e-11	-107.21002
393600	1.9005009e-11	-107.21132
393700	1.899935e-11	-107.21261
393800	1.8993699e-11	-107.2139
393900	1.8988056e-11	-107.2152
394000	1.898242e-11	-107.21648
394100	1.8976792e-11	-107.21777
394200	1.8971171e-11	-107.21906
394300	1.8965558e-11	-107.22034
394400	1.8959953e-11	-107.22163
394500	1.8954355e-11	-107.22291
394600	1.8948765e-11	-107.22419
394700	1.8943183e-11	-107.22547
394800	1.8937608e-11	-107.22675
394900	1.893204e-11	-107.22803
395000	1.892648e-11	-107.2293
395100	1.8920928e-11	-107.23058
395200	1.8915383e-11	-107.23185
395300	1.8909846e-11	-107.23312
395400	1.8904316e-11	-107.23439
395500	1.8898794e-11	-107.23566
395600	1.889328e-11	-107.23693
395700	1.8887773e-11	-107.23819
395800	1.8882273e-11	-107.23946
395900	1.8876781e-11	-107.24072
396000	1.8871296e-11	-107.24198
396100	1.8865819e-11	-107.24324
396200	1.8860349e-11	-107.2445
396300	1.8854887e-11	-107.24576
396400	1.8849432e-11	-107.24702
396500	1.8843985e-11	-107.24827
396600	1.8838545e-11	-107.24953
396700	1.8833112e-11	-107.25078
396800	1.8827687e-11	-107.25203
396900	1.8822269e-11	-107.25328
397000	1.8816859e-11	-107.25453
397100	1.8811456e-11	-107.25578
397200	1.8806061e-11	-107.25702
397300	1.8800673e-11	-107.25827
397400	1.8795292e-11	-107.25951
397500	1.8789919e-11	-107.26075
397600	1.8784553e-11	-107.26199
397700	1.8779194e-11	-107.26323
397800	1.8773843e-11	-107.26447
397900	1.8768499e-11	-107.2657
398000	1.8763162e-11	-107.26694
398100	1.8757833e-11	-107.26817
398200	1.8752511e-11	-107.26941
398300	1.8747197e-11	-107.27064
398400	1.8741889e-11	-107.27187
398500	1.8736589e-11	-107.27309
398600	1.8731296e-11	-107.27432
398700	1.8726011e-11	-107.27555
398800	1.8720733e-11	-107.27677
398900	1.8715462e-11	-107.27799
399000	1.8710198e-11	-107.27922
399100	1.8704942e-11	-107.28044
399200	1.8699693e-11	-107.28166
399300	1.8694451e-11	-107.28287
399400	1.8689216e-11	-107.28409
399500	1.8683989e-11	-107.2853
399600	1.8678769e-11	-107.28652
399700	1.8673556e-11	-107.28773
399800	1.866835e-11	-107.28894
399900	1.8663151e-11	-107.29015
400000	1.865796e-11	-107.29136
400100	1.8652776e-11	-107.29257
400200	1.8647599e-11	-107.29377
400300	1.8642429e-11	-107.29498
400400	1.8637266e-11	-107.29618
400500	1.863211e-11	-107.29738
400600	1.8626962e-11	-107.29858
400700	1.8621821e-11	-107.29978
400800	1.8616687e-11	-107.30098
400900	1.861156e-11	-107.30217
401000	1.860644e-11	-107.30337
401100	1.8601327e-11	-107.30456
401200	1.8596221e-11	-107.30575
401300	1.8591123e-11	-107.30694
401400	1.8586032e-11	-107.30813
401500	1.8580947e-11	-107.30932
401600	1.857587e-11	-107.31051
401700	1.85708e-11	-107.31169
401800	1.8565737e-11	-107.31288
401900	1.8560681e-11	-107.31406
402000	1.8555632e-11	-107.31524
402100	1.855059e-11	-107.31642
402200	1.8545555e-11	-107.3176
402300	1.8540527e-11	-107.31878
402400	1.8535506e-11	-107.31996
402500	1.8530492e-11	-107.32113
402600	1.8525485e-11	-107.3223
402700	1.8520486e-11	-107.32348
402800	1.8515493e-11	-107.32465
402900	1.8510507e-11	-107.32582
403000	1.8505528e-11	-107.32699
403100	1.8500556e-11	-107.32815
403200	1.8495591e-11	-107.32932
403300	1.8490634e-11	-107.33048
403400	1.8485683e-11	-107.33165
403500	1.8480739e-11	-107.33281
403600	1.8475802e-11	-107.33397
403700	1.8470872e-11	-107.33513
403800	1.8465948e-11	-107.33628
403900	1.8461032e-11	-107.33744
404000	1.8456123e-11	-107.3386
404100	1.845122e-11	-107.33975
404200	1.8446325e-11	-107.3409
404300	1.8441436e-11	-107.34205
404400	1.8436555e-11	-107.3432
404500	1.843168e-11	-107.34435
404600	1.8426812e-11	-107.3455
404700	1.8421951e-11	-107.34664
404800	1.8417097e-11	-107.34779
404900	1.841225e-11	-107.34893
405000	1.8407409e-11	-107.35007
405100	1.8402576e-11	-107.35121
405200	1.8397749e-11	-107.35235
405300	1.8392929e-11	-107.35349
405400	1.8388116e-11	-107.35463
405500	1.838331e-11	-107.35576
405600	1.837851e-11	-107.3569
405700	1.8373718e-11	-107.35803
405800	1.8368932e-11	-107.35916
405900	1.8364153e-11	-107.36029
406000	1.8359381e-11	-107.36142
406100	1.8354615e-11	-107.36255
406200	1.8349857e-11	-107.36367
406300	1.8345105e-11	-107.3648
406400	1.834036e-11	-107.36592
406500	1.8335622e-11	-107.36704
406600	1.833089e-11	-107.36816
406700	1.8326165e-11	-107.36928
406800	1.8321447e-11	-107.3704
406900	1.8316736e-11	-107.37152
407000	1.8312031e-11	-107.37263
407100	1.8307333e-11	-107.37375
407200	1.8302642e-11	-107.37486
407300	1.8297958e-11	-107.37597
407400	1.829328e-11	-107.37708
407500	1.8288609e-11	-107.37819
407600	1.8283945e-11	-107.3793
407700	1.8279287e-11	-107.38041
407800	1.8274636e-11	-107.38151
407900	1.8269992e-11	-107.38262
408000	1.8265354e-11	-107.38372
408100	1.8260723e-11	-107.38482
408200	1.8256099e-11	-107.38592
408300	1.8251482e-11	-107.38702
408400	1.8246871e-11	-107.38812
408500	1.8242266e-11	-107.38921
408600	1.8237669e-11	-107.39031
408700	1.8233078e-11	-107.3914
408800	1.8228493e-11	-107.39249
408900	1.8223915e-11	-107.39358
409000	1.8219344e-11	-107.39467
409100	1.8214779e-11	-107.39576
409200	1.8210221e-11	-107.39685
409300	1.820567e-11	-107.39793
409400	1.8201125e-11	-107.39902
409500	1.8196587e-11	-107.4001
409600	1.8192055e-11	-107.40118
409700	1.818753e-11	-107.40226
409800	1.8183012e-11	-107.40334
409900	1.81785e-11	-107.40442
410000	1.8173994e-11	-107.4055
410100	1.8169495e-11	-107.40657
410200	1.8165003e-11	-107.40765
410300	1.8160517e-11	-107.40872
410400	1.8156038e-11	-107.40979
410500	1.8151565e-11	-107.41086
410600	1.8147099e-11	-107.41193
410700	1.8142639e-11	-107.413
410800	1.8138186e-11	-107.41406
410900	1.813374e-11	-107.41513
411000	1.8129299e-11	-107.41619
411100	1.8124866e-11	-107.41725
411200	1.8120438e-11	-107.41831
411300	1.8116018e-11	-107.41937
411400	1.8111603e-11	-107.42043
411500	1.8107196e-11	-107.42149
411600	1.8102794e-11	-107.42254
411700	1.8098399e-11	-107.4236
411800	1.8094011e-11	-107.42465
411900	1.8089629e-11	-107.4257
412000	1.8085253e-11	-107.42675
412100	1.8080884e-11	-107.4278
412200	1.8076521e-11	-107.42885
412300	1.8072165e-11	-107.4299
412400	1.8067815e-11	-107.43094
412500	1.8063472e-11	-107.43199
412600	1.8059135e-11	-107.43303
412700	1.8054804e-11	-107.43407
412800	1.805048e-11	-107.43511
412900	1.8046162e-11	-107.43615
413000	1.804185e-11	-107.43719
413100	1.8037545e-11	-107.43823
413200	1.8033247e-11	-107.43926
413300	1.8028954e-11	-107.44029
413400	1.8024668e-11	-107.44133
413500	1.8020389e-11	-107.44236
413600	1.8016115e-11	-107.44339
413700	1.8011848e-11	-107.44442
413800	1.8007588e-11	-107.44544
413900	1.8003333e-11	-107.44647
414000	1.7999085e-11	-107.4475
414100	1.7994844e-11	-107.44852
414200	1.7990608e-11	-107.44954
414300	1.7986379e-11	-107.45056
414400	1.7982157e-11	-107.45158
414500	1.797794e-11	-107.4526
414600	1.797373e-11	-107.45362
414700	1.7969526e-11	-107.45463
414800	1.7965329e-11	-107.45565
414900	1.7961137e-11	-107.45666
415000	1.7956952e-11	-107.45767
415100	1.7952774e-11	-107.45868
415200	1.7948601e-11	-107.45969
415300	1.7944435e-11	-107.4607
415400	1.7940275e-11	-107.46171
415500	1.7936121e-11	-107.46271
415600	1.7931974e-11	-107.46372
415700	1.7927833e-11	-107.46472
415800	1.7923698e-11	-107.46572
415900	1.7919569e-11	-107.46672
416000	1.7915446e-11	-107.46772
416100	1.791133e-11	-107.46872
416200	1.790722e-11	-107.46972
416300	1.7903116e-11	-107.47071
416400	1.7899018e-11	-107.47171
416500	1.7894927e-11	-107.4727
416600	1.7890842e-11	-107.47369
416700	1.7886762e-11	-107.47468
416800	1.788269e-11	-107.47567
416900	1.7878623e-11	-107.47666
417000	1.7874562e-11	-107.47765
417100	1.7870508e-11	-107.47863
417200	1.7866459e-11	-107.47962
417300	1.7862417e-11	-107.4806
417400	1.7858381e-11	-107.48158
417500	1.7854351e-11	-107.48256
417600	1.7850328e-11	-107.48354
417700	1.784631e-11	-107.48452
417800	1.7842299e-11	-107.48549
417900	1.7838293e-11	-107.48647
418000	1.7834294e-11	-107.48744
418100	1.7830301e-11	-107.48841
418200	1.7826314e-11	-107.48938
418300	1.7822333e-11	-107.49035
418400	1.7818358e-11	-107.49132
418500	1.781439e-11	-107.49229
418600	1.7810427e-11	-107.49326
418700	1.7806471e-11	-107.49422
418800	1.780252e-11	-107.49519
418900	1.7798576e-11	-107.49615
419000	1.7794638e-11	-107.49711
419100	1.7790705e-11	-107.49807
419200	1.7786779e-11	-107.49903
419300	1.7782859e-11	-107.49998
419400	1.7778945e-11	-107.50094
419500	1.7775037e-11	-107.50189
419600	1.7771135e-11	-107.50285
419700	1.7767239e-11	-107.5038
419800	1.7763349e-11	-107.50475
419900	1.7759465e-11	-107.5057
420000	1.7755587e-11	-107.50665
420100	1.7751716e-11	-107.5076
420200	1.774785e-11	-107.50854
420300	1.774399e-11	-107.50949
420400	1.7740136e-11	-107.51043
420500	1.7736288e-11	-107.51137
420600	1.7732446e-11	-107.51231
420700	1.772861e-11	-107.51325
420800	1.7724781e-11	-107.51419
420900	1.7720957e-11	-107.51513
421000	1.7717139e-11	-107.51606
421100	1.7713327e-11	-107.517
421200	1.7709521e-11	-107.51793
421300	1.7705721e-11	-107.51886
421400	1.7701927e-11	-107.51979
421500	1.7698138e-11	-107.52072
421600	1.7694356e-11	-107.52165
421700	1.769058e-11	-107.52258
421800	1.768681e-11	-107.52351
421900	1.7683045e-11	-107.52443
422000	1.7679287e-11	-107.52535
422100	1.7675534e-11	-107.52627
422200	1.7671787e-11	-107.5272
422300	1.7668047e-11	-107.52811
422400	1.7664312e-11	-107.52903
422500	1.7660583e-11	-107.52995
422600	1.765686e-11	-107.53087
422700	1.7653143e-11	-107.53178
422800	1.7649431e-11	-107.53269
422900	1.7645726e-11	-107.5336
423000	1.7642027e-11	-107.53452
423100	1.7638333e-11	-107.53542
423200	1.7634645e-11	-107.53633
423300	1.7630963e-11	-107.53724
423400	1.7627287e-11	-107.53815
423500	1.7623617e-11	-107.53905
423600	1.7619953e-11	-107.53995
423700	1.7616294e-11	-107.54085
423800	1.7612642e-11	-107.54176
423900	1.7608995e-11	-107.54265
424000	1.7605354e-11	-107.54355
424100	1.7601719e-11	-107.54445
424200	1.7598089e-11	-107.54534
424300	1.7594466e-11	-107.54624
424400	1.7590848e-11	-107.54713
424500	1.7587236e-11	-107.54802
424600	1.758363e-11	-107.54891
424700	1.758003e-11	-107.5498
424800	1.7576436e-11	-107.55069
424900	1.7572847e-11	-107.55158
425000	1.7569264e-11	-107.55246
425100	1.7565687e-11	-107.55335
425200	1.7562116e-11	-107.55423
425300	1.755855e-11	-107.55511
425400	1.755499e-11	-107.55599
425500	1.7551436e-11	-107.55687
425600	1.7547888e-11	-107.55775
425700	1.7544346e-11	-107.55863
425800	1.7540809e-11	-107.5595
425900	1.7537278e-11	-107.56038
426000	1.7533753e-11	-107.56125
426100	1.7530233e-11	-107.56212
426200	1.7526719e-11	-107.56299
426300	1.7523211e-11	-107.56386
426400	1.7519709e-11	-107.56473
426500	1.7516212e-11	-107.5656
426600	1.7512721e-11	-107.56646
426700	1.7509236e-11	-107.56733
426800	1.7505757e-11	-107.56819
426900	1.7502283e-11	-107.56905
427000	1.7498815e-11	-107.56991
427100	1.7495353e-11	-107.57077
427200	1.7491896e-11	-107.57163
427300	1.7488445e-11	-107.57249
427400	1.7485e-11	-107.57334
427500	1.748156e-11	-107.5742
427600	1.7478126e-11	-107.57505
427700	1.7474698e-11	-107.5759
427800	1.7471276e-11	-107.57675
427900	1.7467859e-11	-107.5776
428000	1.7464447e-11	-107.57845
428100	1.7461042e-11	-107.5793
428200	1.7457642e-11	-107.58014
428300	1.7454247e-11	-107.58099
428400	1.7450859e-11	-107.58183
428500	1.7447476e-11	-107.58267
428600	1.7444098e-11	-107.58351
428700	1.7440727e-11	-107.58435
428800	1.7437361e-11	-107.58519
428900	1.7434e-11	-107.58603
429000	1.7430645e-11	-107.58687
429100	1.7427296e-11	-107.5877
429200	1.7423952e-11	-107.58853
429300	1.7420614e-11	-107.58937
429400	1.7417282e-11	-107.5902
429500	1.7413955e-11	-107.59103
429600	1.7410634e-11	-107.59185
429700	1.7407318e-11	-107.59268
429800	1.7404008e-11	-107.59351
429900	1.7400703e-11	-107.59433
430000	1.7397404e-11	-107.59516
430100	1.7394111e-11	-107.59598
430200	1.7390823e-11	-107.5968
430300	1.7387541e-11	-107.59762
430400	1.7384264e-11	-107.59844
430500	1.7380993e-11	-107.59925
430600	1.7377728e-11	-107.60007
430700	1.7374468e-11	-107.60088
430800	1.7371213e-11	-107.6017
430900	1.7367964e-11	-107.60251
431000	1.7364721e-11	-107.60332
431100	1.7361483e-11	-107.60413
431200	1.7358251e-11	-107.60494
431300	1.7355024e-11	-107.60575
431400	1.7351803e-11	-107.60655
431500	1.7348587e-11	-107.60736
431600	1.7345377e-11	-107.60816
431700	1.7342172e-11	-107.60897
431800	1.7338973e-11	-107.60977
431900	1.7335779e-11	-107.61057
432000	1.7332591e-11	-107.61137
432100	1.7329408e-11	-107.61216
432200	1.7326231e-11	-107.61296
432300	1.7323059e-11	-107.61375
432400	1.7319893e-11	-107.61455
432500	1.7316732e-11	-107.61534
432600	1.7313577e-11	-107.61613
432700	1.7310427e-11	-107.61692
432800	1.7307283e-11	-107.61771
432900	1.7304144e-11	-107.6185
433000	1.7301011e-11	-107.61929
433100	1.7297883e-11	-107.62007
433200	1.729476e-11	-107.62085
433300	1.7291643e-11	-107.62164
433400	1.7288531e-11	-107.62242
433500	1.7285425e-11	-107.6232
433600	1.7282324e-11	-107.62398
433700	1.7279229e-11	-107.62476
433800	1.7276139e-11	-107.62553
433900	1.7273055e-11	-107.62631
434000	1.7269976e-11	-107.62708
434100	1.7266902e-11	-107.62786
434200	1.7263834e-11	-107.62863
434300	1.7260771e-11	-107.6294
434400	1.7257714e-11	-107.63017
434500	1.7254662e-11	-107.63094
434600	1.7251615e-11	-107.6317
434700	1.7248574e-11	-107.63247
434800	1.7245538e-11	-107.63323
434900	1.7242508e-11	-107.634
435000	1.7239483e-11	-107.63476
435100	1.7236464e-11	-107.63552
435200	1.7233449e-11	-107.63628
435300	1.723044e-11	-107.63704
435400	1.7227437e-11	-107.63779
435500	1.7224439e-11	-107.63855
435600	1.7221446e-11	-107.6393
435700	1.7218459e-11	-107.64006
435800	1.7215477e-11	-107.64081
435900	1.72125e-11	-107.64156
436000	1.7209529e-11	-107.64231
436100	1.7206563e-11	-107.64306
436200	1.7203602e-11	-107.64381
436300	1.7200647e-11	-107.64455
436400	1.7197697e-11	-107.6453
436500	1.7194752e-11	-107.64604
436600	1.7191813e-11	-107.64678
436700	1.7188879e-11	-107.64752
436800	1.7185951e-11	-107.64826
436900	1.7183027e-11	-107.649
437000	1.7180109e-11	-107.64974
437100	1.7177197e-11	-107.65048
437200	1.7174289e-11	-107.65121
437300	1.7171387e-11	-107.65195
437400	1.716849e-11	-107.65268
437500	1.7165599e-11	-107.65341
437600	1.7162713e-11	-107.65414
437700	1.7159832e-11	-107.65487
437800	1.7156956e-11	-107.6556
437900	1.7154086e-11	-107.65632
438000	1.7151221e-11	-107.65705
438100	1.7148361e-11	-107.65777
438200	1.7145507e-11	-107.6585
438300	1.7142658e-11	-107.65922
438400	1.7139814e-11	-107.65994
438500	1.7136975e-11	-107.66066
438600	1.7134142e-11	-107.66138
438700	1.7131314e-11	-107.66209
438800	1.7128491e-11	-107.66281
438900	1.7125673e-11	-107.66352
439000	1.7122861e-11	-107.66424
439100	1.7120053e-11	-107.66495
439200	1.7117252e-11	-107.66566
439300	1.7114455e-11	-107.66637
439400	1.7111663e-11	-107.66708
439500	1.7108877e-11	-107.66778
439600	1.7106096e-11	-107.66849
439700	1.7103321e-11	-107.6692
439800	1.710055e-11	-107.6699
439900	1.7097785e-11	-107.6706
440000	1.7095025e-11	-107.6713
440100	1.709227e-11	-107.672
440200	1.708952e-11	-107.6727
440300	1.7086776e-11	-107.6734
440400	1.7084036e-11	-107.6741
440500	1.7081302e-11	-107.67479
440600	1.7078573e-11	-107.67548
440700	1.707585e-11	-107.67618
440800	1.7073131e-11	-107.67687
440900	1.7070418e-11	-107.67756
441000	1.706771e-11	-107.67825
441100	1.7065007e-11	-107.67894
441200	1.7062309e-11	-107.67962
441300	1.7059617e-11	-107.68031
441400	1.7056929e-11	-107.68099
441500	1.7054247e-11	-107.68167
441600	1.705157e-11	-107.68236
441700	1.7048898e-11	-107.68304
441800	1.7046231e-11	-107.68372
441900	1.704357e-11	-107.68439
442000	1.7040913e-11	-107.68507
442100	1.7038262e-11	-107.68575
442200	1.7035616e-11	-107.68642
442300	1.7032975e-11	-107.68709
442400	1.7030339e-11	-107.68777
442500	1.7027708e-11	-107.68844
442600	1.7025082e-11	-107.68911
442700	1.7022462e-11	-107.68978
442800	1.7019847e-11	-107.69044
442900	1.7017236e-11	-107.69111
443000	1.7014631e-11	-107.69177
443100	1.7012031e-11	-107.69244
443200	1.7009436e-11	-107.6931
443300	1.7006847e-11	-107.69376
443400	1.7004262e-11	-107.69442
443500	1.7001682e-11	-107.69508
443600	1.6999108e-11	-107.69574
443700	1.6996539e-11	-107.6964
443800	1.6993974e-11	-107.69705
443900	1.6991415e-11	-107.6977
444000	1.6988861e-11	-107.69836
444100	1.6986312e-11	-107.69901
444200	1.6983768e-11	-107.69966
444300	1.6981229e-11	-107.70031
444400	1.6978696e-11	-107.70096
444500	1.6976167e-11	-107.7016
444600	1.6973643e-11	-107.70225
444700	1.6971125e-11	-107.70289
444800	1.6968611e-11	-107.70354
444900	1.6966103e-11	-107.70418
445000	1.69636e-11	-107.70482
445100	1.6961101e-11	-107.70546
445200	1.6958608e-11	-107.7061
445300	1.695612e-11	-107.70674
445400	1.6953637e-11	-107.70737
445500	1.6951159e-11	-107.70801
445600	1.6948686e-11	-107.70864
445700	1.6946218e-11	-107.70927
445800	1.6943755e-11	-107.7099
445900	1.6941297e-11	-107.71053
446000	1.6938844e-11	-107.71116
446100	1.6936396e-11	-107.71179
446200	1.6933953e-11	-107.71242
446300	1.6931515e-11	-107.71304
446400	1.6929082e-11	-107.71367
446500	1.6926655e-11	-107.71429
446600	1.6924232e-11	-107.71491
446700	1.6921814e-11	-107.71553
446800	1.6919401e-11	-107.71615
446900	1.6916994e-11	-107.71677
447000	1.6914591e-11	-107.71739
447100	1.6912193e-11	-107.718
447200	1.69098e-11	-107.71862
447300	1.6907413e-11	-107.71923
447400	1.690503e-11	-107.71984
447500	1.6902652e-11	-107.72045
447600	1.6900279e-11	-107.72106
447700	1.6897912e-11	-107.72167
447800	1.6895549e-11	-107.72228
447900	1.6893191e-11	-107.72288
448000	1.6890838e-11	-107.72349
448100	1.688849e-11	-107.72409
448200	1.6886147e-11	-107.72469
448300	1.6883809e-11	-107.7253
448400	1.6881476e-11	-107.7259
448500	1.6879148e-11	-107.72649
448600	1.6876825e-11	-107.72709
448700	1.6874507e-11	-107.72769
448800	1.6872194e-11	-107.72828
448900	1.6869886e-11	-107.72888
449000	1.6867583e-11	-107.72947
449100	1.6865284e-11	-107.73006
449200	1.6862991e-11	-107.73065
449300	1.6860703e-11	-107.73124
449400	1.6858419e-11	-107.73183
449500	1.6856141e-11	-107.73242
449600	1.6853867e-11	-107.733
449700	1.6851598e-11	-107.73359
449800	1.6849334e-11	-107.73417
449900	1.6847076e-11	-107.73475
450000	1.6844822e-11	-107.73534
450100	1.6842573e-11	-107.73592
450200	1.6840329e-11	-107.73649
450300	1.683809e-11	-107.73707
450400	1.6835855e-11	-107.73765
450500	1.6833626e-11	-107.73822
450600	1.6831402e-11	-107.7388
450700	1.6829182e-11	-107.73937
450800	1.6826967e-11	-107.73994
450900	1.6824758e-11	-107.74051
451000	1.6822553e-11	-107.74108
451100	1.6820353e-11	-107.74165
451200	1.6818158e-11	-107.74222
451300	1.6815968e-11	-107.74278
451400	1.6813782e-11	-107.74335
451500	1.6811602e-11	-107.74391
451600	1.6809427e-11	-107.74447
451700	1.6807256e-11	-107.74503
451800	1.680509e-11	-107.74559
451900	1.6802929e-11	-107.74615
452000	1.6800773e-11	-107.74671
452100	1.6798622e-11	-107.74726
452200	1.6796476e-11	-107.74782
452300	1.6794335e-11	-107.74837
452400	1.6792198e-11	-107.74892
452500	1.6790066e-11	-107.74948
452600	1.6787939e-11	-107.75003
452700	1.6785818e-11	-107.75058
452800	1.67837e-11	-107.75112
452900	1.6781588e-11	-107.75167
453000	1.6779481e-11	-107.75221
453100	1.6777378e-11	-107.75276
453200	1.677528e-11	-107.7533
453300	1.6773188e-11	-107.75384
453400	1.6771099e-11	-107.75438
453500	1.6769016e-11	-107.75492
453600	1.6766938e-11	-107.75546
453700	1.6764864e-11	-107.756
453800	1.6762796e-11	-107.75654
453900	1.6760732e-11	-107.75707
454000	1.6758673e-11	-107.7576
454100	1.6756618e-11	-107.75814
454200	1.6754569e-11	-107.75867
454300	1.6752524e-11	-107.7592
454400	1.6750484e-11	-107.75973
454500	1.6748449e-11	-107.76025
454600	1.6746419e-11	-107.76078
454700	1.6744394e-11	-107.76131
454800	1.6742373e-11	-107.76183
454900	1.6740357e-11	-107.76235
455000	1.6738346e-11	-107.76287
455100	1.673634e-11	-107.7634
455200	1.6734339e-11	-107.76391
455300	1.6732342e-11	-107.76443
455400	1.673035e-11	-107.76495
455500	1.6728363e-11	-107.76547
455600	1.6726381e-11	-107.76598
455700	1.6724404e-11	-107.76649
455800	1.6722431e-11	-107.76701
455900	1.6720463e-11	-107.76752
456000	1.67185e-11	-107.76803
456100	1.6716542e-11	-107.76854
456200	1.6714588e-11	-107.76904
456300	1.6712639e-11	-107.76955
456400	1.6710695e-11	-107.77005
456500	1.6708756e-11	-107.77056
456600	1.6706822e-11	-107.77106
456700	1.6704892e-11	-107.77156
456800	1.6702967e-11	-107.77206
456900	1.6701047e-11	-107.77256
457000	1.6699131e-11	-107.77306
457100	1.6697221e-11	-107.77356
457200	1.6695315e-11	-107.77405
457300	1.6693413e-11	-107.77455
457400	1.6691517e-11	-107.77504
457500	1.6689625e-11	-107.77553
457600	1.6687738e-11	-107.77603
457700	1.6685856e-11	-107.77652
457800	1.6683978e-11	-107.777
457900	1.6682106e-11	-107.77749
458000	1.6680238e-11	-107.77798
458100	1.6678374e-11	-107.77846
458200	1.6676516e-11	-107.77895
458300	1.6674662e-11	-107.77943
458400	1.6672813e-11	-107.77991
458500	1.6670968e-11	-107.78039
458600	1.6669129e-11	-107.78087
458700	1.6667294e-11	-107.78135
458800	1.6665464e-11	-107.78183
458900	1.6663638e-11	-107.7823
459000	1.6661817e-11	-107.78278
459100	1.6660001e-11	-107.78325
459200	1.665819e-11	-107.78372
459300	1.6656383e-11	-107.78419
459400	1.6654581e-11	-107.78466
459500	1.6652784e-11	-107.78513
459600	1.6650991e-11	-107.7856
459700	1.6649203e-11	-107.78607
459800	1.664742e-11	-107.78653
459900	1.6645642e-11	-107.78699
460000	1.6643868e-11	-107.78746
460100	1.6642099e-11	-107.78792
460200	1.6640334e-11	-107.78838
460300	1.6638574e-11	-107.78884
460400	1.6636819e-11	-107.7893
460500	1.6635069e-11	-107.78975
460600	1.6633323e-11	-107.79021
460700	1.6631582e-11	-107.79066
460800	1.6629846e-11	-107.79112
460900	1.6628114e-11	-107.79157
461000	1.6626387e-11	-107.79202
461100	1.6624665e-11	-107.79247
461200	1.6622947e-11	-107.79292
461300	1.6621234e-11	-107.79337
461400	1.6619526e-11	-107.79381
461500	1.6617822e-11	-107.79426
461600	1.6616123e-11	-107.7947
461700	1.6614429e-11	-107.79515
461800	1.6612739e-11	-107.79559
461900	1.6611054e-11	-107.79603
462000	1.6609374e-11	-107.79647
462100	1.6607698e-11	-107.79691
462200	1.6606027e-11	-107.79734
462300	1.660436e-11	-107.79778
462400	1.6602699e-11	-107.79821
462500	1.6601042e-11	-107.79865
462600	1.6599389e-11	-107.79908
462700	1.6597741e-11	-107.79951
462800	1.6596098e-11	-107.79994
462900	1.6594459e-11	-107.80037
463000	1.6592825e-11	-107.8008
463100	1.6591196e-11	-107.80122
463200	1.6589571e-11	-107.80165
463300	1.6587951e-11	-107.80207
463400	1.6586336e-11	-107.8025
463500	1.6584725e-11	-107.80292
463600	1.6583119e-11	-107.80334
463700	1.6581517e-11	-107.80376
463800	1.657992e-11	-107.80418
463900	1.6578328e-11	-107.80459
464000	1.657674e-11	-107.80501
464100	1.6575157e-11	-107.80542
464200	1.6573579e-11	-107.80584
464300	1.6572005e-11	-107.80625
464400	1.6570435e-11	-107.80666
464500	1.6568871e-11	-107.80707
464600	1.6567311e-11	-107.80748
464700	1.6565755e-11	-107.80789
464800	1.6564204e-11	-107.80829
464900	1.6562658e-11	-107.8087
465000	1.6561116e-11	-107.8091
465100	1.6559579e-11	-107.80951
465200	1.6558047e-11	-107.80991
465300	1.6556519e-11	-107.81031
465400	1.6554996e-11	-107.81071
465500	1.6553477e-11	-107.81111
465600	1.6551963e-11	-107.8115
465700	1.6550453e-11	-107.8119
465800	1.6548948e-11	-107.8123
465900	1.6547448e-11	-107.81269
466000	1.6545952e-11	-107.81308
466100	1.6544461e-11	-107.81347
466200	1.6542974e-11	-107.81386
466300	1.6541492e-11	-107.81425
466400	1.6540015e-11	-107.81464
466500	1.6538542e-11	-107.81503
466600	1.6537074e-11	-107.81541
466700	1.653561e-11	-107.8158
466800	1.6534151e-11	-107.81618
466900	1.6532696e-11	-107.81656
467000	1.6531246e-11	-107.81694
467100	1.6529801e-11	-107.81732
467200	1.652836e-11	-107.8177
467300	1.6526923e-11	-107.81808
467400	1.6525491e-11	-107.81846
467500	1.6524064e-11	-107.81883
467600	1.6522641e-11	-107.81921
467700	1.6521223e-11	-107.81958
467800	1.651981e-11	-107.81995
467900	1.6518401e-11	-107.82032
468000	1.6516996e-11	-107.82069
468100	1.6515596e-11	-107.82106
468200	1.6514201e-11	-107.82142
468300	1.651281e-11	-107.82179
468400	1.6511424e-11	-107.82215
468500	1.6510042e-11	-107.82252
468600	1.6508665e-11	-107.82288
468700	1.6507292e-11	-107.82324
468800	1.6505924e-11	-107.8236
468900	1.650456e-11	-107.82396
469000	1.6503201e-11	-107.82432
469100	1.6501846e-11	-107.82467
469200	1.6500496e-11	-107.82503
469300	1.6499151e-11	-107.82538
469400	1.649781e-11	-107.82574
469500	1.6496473e-11	-107.82609
469600	1.6495141e-11	-107.82644
469700	1.6493814e-11	-107.82679
469800	1.6492491e-11	-107.82714
469900	1.6491173e-11	-107.82748
470000	1.6489859e-11	-107.82783
470100	1.648855e-11	-107.82818
470200	1.6487245e-11	-107.82852
470300	1.6485944e-11	-107.82886
470400	1.6484649e-11	-107.8292
470500	1.6483357e-11	-107.82954
470600	1.648207e-11	-107.82988
470700	1.6480788e-11	-107.83022
470800	1.647951e-11	-107.83056
470900	1.6478237e-11	-107.83089
471000	1.6476968e-11	-107.83123
471100	1.6475704e-11	-107.83156
471200	1.6474444e-11	-107.83189
471300	1.6473189e-11	-107.83222
471400	1.6471938e-11	-107.83255
471500	1.6470692e-11	-107.83288
471600	1.646945e-11	-107.83321
471700	1.6468213e-11	-107.83354
471800	1.646698e-11	-107.83386
471900	1.6465752e-11	-107.83418
472000	1.6464528e-11	-107.83451
472100	1.6463309e-11	-107.83483
472200	1.6462094e-11	-107.83515
472300	1.6460884e-11	-107.83547
472400	1.6459678e-11	-107.83579
472500	1.6458477e-11	-107.8361
472600	1.645728e-11	-107.83642
472700	1.6456087e-11	-107.83673
472800	1.6454899e-11	-107.83705
472900	1.6453716e-11	-107.83736
473000	1.6452537e-11	-107.83767
473100	1.6451362e-11	-107.83798
473200	1.6450192e-11	-107.83829
473300	1.6449027e-11	-107.8386
473400	1.6447866e-11	-107.8389
473500	1.6446709e-11	-107.83921
473600	1.6445557e-11	-107.83951
473700	1.6444409e-11	-107.83982
473800	1.6443266e-11	-107.84012
473900	1.6442127e-11	-107.84042
474000	1.6440993e-11	-107.84072
474100	1.6439863e-11	-107.84102
474200	1.6438738e-11	-107.84132
474300	1.6437617e-11	-107.84161
474400	1.64365e-11	-107.84191
474500	1.6435388e-11	-107.8422
474600	1.6434281e-11	-107.84249
474700	1.6433178e-11	-107.84278
474800	1.6432079e-11	-107.84307
474900	1.6430985e-11	-107.84336
475000	1.6429895e-11	-107.84365
475100	1.642881e-11	-107.84394
475200	1.6427729e-11	-107.84422
475300	1.6426653e-11	-107.84451
475400	1.6425581e-11	-107.84479
475500	1.6424513e-11	-107.84507
475600	1.642345e-11	-107.84536
475700	1.6422392e-11	-107.84564
475800	1.6421338e-11	-107.84591
475900	1.6420288e-11	-107.84619
476000	1.6419243e-11	-107.84647
476100	1.6418202e-11	-107.84674
476200	1.6417165e-11	-107.84702
476300	1.6416133e-11	-107.84729
476400	1.6415106e-11	-107.84756
476500	1.6414083e-11	-107.84783
476600	1.6413064e-11	-107.8481
476700	1.641205e-11	-107.84837
476800	1.641104e-11	-107.84864
476900	1.6410035e-11	-107.84891
477000	1.6409034e-11	-107.84917
477100	1.6408037e-11	-107.84943
477200	1.6407045e-11	-107.8497
477300	1.6406057e-11	-107.84996
477400	1.6405074e-11	-107.85022
477500	1.6404095e-11	-107.85048
477600	1.6403121e-11	-107.85074
477700	1.6402151e-11	-107.85099
477800	1.6401185e-11	-107.85125
477900	1.6400224e-11	-107.8515
478000	1.6399267e-11	-107.85176
478100	1.6398315e-11	-107.85201
478200	1.6397367e-11	-107.85226
478300	1.6396424e-11	-107.85251
478400	1.6395485e-11	-107.85276
478500	1.639455e-11	-107.85301
478600	1.639362e-11	-107.85325
478700	1.6392694e-11	-107.8535
478800	1.6391772e-11	-107.85374
478900	1.6390855e-11	-107.85398
479000	1.6389943e-11	-107.85423
479100	1.6389035e-11	-107.85447
479200	1.6388131e-11	-107.85471
479300	1.6387231e-11	-107.85494
479400	1.6386336e-11	-107.85518
479500	1.6385446e-11	-107.85542
479600	1.6384559e-11	-107.85565
479700	1.6383678e-11	-107.85589
479800	1.63828e-11	-107.85612
479900	1.6381927e-11	-107.85635
480000	1.6381059e-11	-107.85658
480100	1.6380194e-11	-107.85681
480200	1.6379335e-11	-107.85704
480300	1.6378479e-11	-107.85726
480400	1.6377628e-11	-107.85749
480500	1.6376781e-11	-107.85771
480600	1.6375939e-11	-107.85794
480700	1.6375101e-11	-107.85816
480800	1.6374268e-11	-107.85838
480900	1.6373439e-11	-107.8586
481000	1.6372614e-11	-107.85882
481100	1.6371794e-11	-107.85904
481200	1.6370978e-11	-107.85925
481300	1.6370166e-11	-107.85947
481400	1.6369359e-11	-107.85968
481500	1.6368556e-11	-107.8599
481600	1.6367758e-11	-107.86011
481700	1.6366964e-11	-107.86032
481800	1.6366174e-11	-107.86053
481900	1.6365389e-11	-107.86074
482000	1.6364608e-11	-107.86094
482100	1.6363832e-11	-107.86115
482200	1.6363059e-11	-107.86135
482300	1.6362292e-11	-107.86156
482400	1.6361528e-11	-107.86176
482500	1.6360769e-11	-107.86196
482600	1.6360015e-11	-107.86216
482700	1.6359264e-11	-107.86236
482800	1.6358519e-11	-107.86256
482900	1.6357777e-11	-107.86276
483000	1.635704e-11	-107.86295
483100	1.6356307e-11	-107.86315
483200	1.6355579e-11	-107.86334
483300	1.6354855e-11	-107.86353
483400	1.6354135e-11	-107.86372
483500	1.635342e-11	-107.86391
483600	1.6352709e-11	-107.8641
483700	1.6352002e-11	-107.86429
483800	1.63513e-11	-107.86448
483900	1.6350602e-11	-107.86466
484000	1.6349909e-11	-107.86485
484100	1.6349219e-11	-107.86503
484200	1.6348535e-11	-107.86521
484300	1.6347854e-11	-107.86539
484400	1.6347178e-11	-107.86557
484500	1.6346507e-11	-107.86575
484600	1.6345839e-11	-107.86593
484700	1.6345176e-11	-107.8661
484800	1.6344518e-11	-107.86628
484900	1.6343863e-11	-107.86645
485000	1.6343213e-11	-107.86663
485100	1.6342568e-11	-107.8668
485200	1.6341927e-11	-107.86697
485300	1.634129e-11	-107.86714
485400	1.6340657e-11	-107.8673
485500	1.6340029e-11	-107.86747
485600	1.6339405e-11	-107.86764
485700	1.6338786e-11	-107.8678
485800	1.6338171e-11	-107.86797
485900	1.633756e-11	-107.86813
486000	1.6336954e-11	-107.86829
486100	1.6336352e-11	-107.86845
486200	1.6335754e-11	-107.86861
486300	1.6335161e-11	-107.86877
486400	1.6334571e-11	-107.86892
486500	1.6333987e-11	-107.86908
486600	1.6333406e-11	-107.86923
486700	1.633283e-11	-107.86939
486800	1.6332259e-11	-107.86954
486900	1.6331692e-11	-107.86969
487000	1.6331129e-11	-107.86984
487100	1.633057e-11	-107.86999
487200	1.6330016e-11	-107.87013
487300	1.6329466e-11	-107.87028
487400	1.632892e-11	-107.87043
487500	1.6328379e-11	-107.87057
487600	1.6327842e-11	-107.87071
487700	1.6327309e-11	-107.87085
487800	1.6326781e-11	-107.87099
487900	1.6326257e-11	-107.87113
488000	1.6325738e-11	-107.87127
488100	1.6325222e-11	-107.87141
488200	1.6324711e-11	-107.87154
488300	1.6324205e-11	-107.87168
488400	1.6323702e-11	-107.87181
488500	1.6323205e-11	-107.87195
488600	1.6322711e-11	-107.87208
488700	1.6322222e-11	-107.87221
488800	1.6321737e-11	-107.87234
488900	1.6321256e-11	-107.87246
489000	1.632078e-11	-107.87259
489100	1.6320308e-11	-107.87272
489200	1.631984e-11	-107.87284
489300	1.6319377e-11	-107.87296
489400	1.6318918e-11	-107.87309
489500	1.6318464e-11	-107.87321
489600	1.6318013e-11	-107.87333
489700	1.6317567e-11	-107.87345
489800	1.6317126e-11	-107.87356
489900	1.6316688e-11	-107.87368
490000	1.6316255e-11	-107.8738
490100	1.6315827e-11	-107.87391
490200	1.6315402e-11	-107.87402
490300	1.6314982e-11	-107.87413
490400	1.6314567e-11	-107.87424
490500	1.6314155e-11	-107.87435
490600	1.6313748e-11	-107.87446
490700	1.6313345e-11	-107.87457
490800	1.6312947e-11	-107.87468
490900	1.6312553e-11	-107.87478
491000	1.6312163e-11	-107.87488
491100	1.6311778e-11	-107.87499
491200	1.6311396e-11	-107.87509
491300	1.631102e-11	-107.87519
491400	1.6310647e-11	-107.87529
491500	1.6310279e-11	-107.87539
491600	1.6309915e-11	-107.87548
491700	1.6309555e-11	-107.87558
491800	1.63092e-11	-107.87567
491900	1.6308849e-11	-107.87577
492000	1.6308503e-11	-107.87586
492100	1.630816e-11	-107.87595
492200	1.6307822e-11	-107.87604
492300	1.6307489e-11	-107.87613
492400	1.6307159e-11	-107.87622
492500	1.6306834e-11	-107.8763
492600	1.6306514e-11	-107.87639
492700	1.6306197e-11	-107.87647
492800	1.6305885e-11	-107.87656
492900	1.6305577e-11	-107.87664
493000	1.6305274e-11	-107.87672
493100	1.6304975e-11	-107.8768
493200	1.630468e-11	-107.87688
493300	1.630439e-11	-107.87695
493400	1.6304103e-11	-107.87703
493500	1.6303821e-11	-107.87711
493600	1.6303544e-11	-107.87718
493700	1.6303271e-11	-107.87725
493800	1.6303002e-11	-107.87732
493900	1.6302737e-11	-107.87739
494000	1.6302477e-11	-107.87746
494100	1.630222e-11	-107.87753
494200	1.6301969e-11	-107.8776
494300	1.6301721e-11	-107.87767
494400	1.6301478e-11	-107.87773
494500	1.6301239e-11	-107.87779
494600	1.6301005e-11	-107.87786
494700	1.6300775e-11	-107.87792
494800	1.6300549e-11	-107.87798
494900	1.6300327e-11	-107.87804
495000	1.630011e-11	-107.87809
495100	1.6299897e-11	-107.87815
495200	1.6299688e-11	-107.87821
495300	1.6299484e-11	-107.87826
495400	1.6299284e-11	-107.87831
495500	1.6299088e-11	-107.87837
495600	1.6298897e-11	-107.87842
495700	1.629871e-11	-107.87847
495800	1.6298527e-11	-107.87852
495900	1.6298348e-11	-107.87856
496000	1.6298174e-11	-107.87861
496100	1.6298004e-11	-107.87866
496200	1.6297838e-11	-107.8787
496300	1.6297677e-11	-107.87874
496400	1.629752e-11	-107.87878
496500	1.6297367e-11	-107.87883
496600	1.6297219e-11	-107.87886
496700	1.6297075e-11	-107.8789
496800	1.6296935e-11	-107.87894
496900	1.62968e-11	-107.87898
497000	1.6296668e-11	-107.87901
497100	1.6296542e-11	-107.87905
497200	1.6296419e-11	-107.87908
497300	1.6296301e-11	-107.87911
497400	1.6296187e-11	-107.87914
497500	1.6296077e-11	-107.87917
497600	1.6295972e-11	-107.8792
497700	1.6295871e-11	-107.87922
497800	1.6295774e-11	-107.87925
497900	1.6295681e-11	-107.87927
498000	1.6295593e-11	-107.8793
498100	1.6295509e-11	-107.87932
498200	1.629543e-11	-107.87934
498300	1.6295354e-11	-107.87936
498400	1.6295284e-11	-107.87938
498500	1.6295217e-11	-107.8794
498600	1.6295155e-11	-107.87942
498700	1.6295096e-11	-107.87943
498800	1.6295043e-11	-107.87944
498900	1.6294993e-11	-107.87946
499000	1.6294948e-11	-107.87947
499100	1.6294907e-11	-107.87948
499200	1.6294871e-11	-107.87949
499300	1.6294838e-11	-107.8795
499400	1.629481e-11	-107.87951
499500	1.6294787e-11	-107.87951
499600	1.6294767e-11	-107.87952
499700	1.6294752e-11	-107.87952
499800	1.6294742e-11	-107.87953
499900	1.6294735e-11	-107.87953
500000	1.6294733e-11	-107.87953
500100	1.6294735e-11	-107.87953
500200	1.6294742e-11	-107.87953
500300	1.6294752e-11	-107.87952
500400	1.6294767e-11	-107.87952
500500	1.6294787e-11	-107.87951
500600	1.629481e-11	-107.87951
500700	1.6294838e-11	-107.8795
500800	1.6294871e-11	-107.87949
500900	1.6294907e-11	-107.87948
501000	1.6294948e-11	-107.87947
501100	1.6294993e-11	-107.87946
501200	1.6295043e-11	-107.87944
501300	1.6295096e-11	-107.87943
501400	1.6295155e-11	-107.87942
501500	1.6295217e-11	-107.8794
501600	1.6295284e-11	-107.87938
501700	1.6295354e-11	-107.87936
501800	1.629543e-11	-107.87934
501900	1.6295509e-11	-107.87932
502000	1.6295593e-11	-107.8793
502100	1.6295681e-11	-107.87927
502200	1.6295774e-11	-107.87925
502300	1.6295871e-11	-107.87922
502400	1.6295972e-11	-107.8792
502500	1.6296077e-11	-107.87917
502600	1.6296187e-11	-107.87914
502700	1.6296301e-11	-107.87911
502800	1.6296419e-11	-107.87908
502900	1.6296542e-11	-107.87905
503000	1.6296668e-11	-107.87901
503100	1.62968e-11	-107.87898
503200	1.6296935e-11	-107.87894
503300	1.6297075e-11	-107.8789
503400	1.6297219e-11	-107.87886
503500	1.6297367e-11	-107.87883
503600	1.629752e-11	-107.87878
503700	1.6297677e-11	-107.87874
503800	1.6297838e-11	-107.8787
503900	1.6298004e-11	-107.87866
504000	1.6298174e-11	-107.87861
504100	1.6298348e-11	-107.87856
504200	1.6298527e-11	-107.87852
504300	1.629871e-11	-107.87847
504400	1.6298897e-11	-107.87842
504500	1.6299088e-11	-107.87837
504600	1.6299284e-11	-107.87831
504700	1.6299484e-11	-107.87826
504800	1.6299688e-11	-107.87821
504900	1.6299897e-11	-107.87815
505000	1.630011e-11	-107.87809
505100	1.6300327e-11	-107.87804
505200	1.6300549e-11	-107.87798
505300	1.6300775e-11	-107.87792
505400	1.6301005e-11	-107.87786
505500	1.6301239e-11	-107.87779
505600	1.6301478e-11	-107.87773
505700	1.6301721e-11	-107.87767
505800	1.6301969e-11	-107.8776
505900	1.630222e-11	-107.87753
506000	1.6302477e-11	-107.87746
506100	1.6302737e-11	-107.87739
506200	1.6303002e-11	-107.87732
506300	1.6303271e-11	-107.87725
506400	1.6303544e-11	-107.87718
506500	1.6303821e-11	-107.87711
506600	1.6304103e-11	-107.87703
506700	1.630439e-11	-107.87695
506800	1.630468e-11	-107.87688
506900	1.6304975e-11	-107.8768
507000	1.6305274e-11	-107.87672
507100	1.6305577e-11	-107.87664
507200	1.6305885e-11	-107.87656
507300	1.6306197e-11	-107.87647
507400	1.6306514e-11	-107.87639
507500	1.6306834e-11	-107.8763
507600	1.6307159e-11	-107.87622
507700	1.6307489e-11	-107.87613
507800	1.6307822e-11	-107.87604
507900	1.630816e-11	-107.87595
508000	1.6308503e-11	-107.87586
508100	1.6308849e-11	-107.87577
508200	1.63092e-11	-107.87567
508300	1.6309555e-11	-107.87558
508400	1.6309915e-11	-107.87548
508500	1.6310279e-11	-107.87539
508600	1.6310647e-11	-107.87529
508700	1.631102e-11	-107.87519
508800	1.6311396e-11	-107.87509
508900	1.6311778e-11	-107.87499
509000	1.6312163e-11	-107.87488
509100	1.6312553e-11	-107.87478
509200	1.6312947e-11	-107.87468
509300	1.6313345e-11	-107.87457
509400	1.6313748e-11	-107.87446
509500	1.6314155e-11	-107.87435
509600	1.6314567e-11	-107.87424
509700	1.6314982e-11	-107.87413
509800	1.6315402e-11	-107.87402
509900	1.6315827e-11	-107.87391
510000	1.6316255e-11	-107.8738
510100	1.6316688e-11	-107.87368
510200	1.6317126e-11	-107.87356
510300	1.6317567e-11	-107.87345
510400	1.6318013e-11	-107.87333
510500	1.6318464e-11	-107.87321
510600	1.6318918e-11	-107.87309
510700	1.6319377e-11	-107.87296
510800	1.631984e-11	-107.87284
510900	1.6320308e-11	-107.87272
511000	1.632078e-11	-107.87259
511100	1.6321256e-11	-107.87246
511200	1.6321737e-11	-107.87234
511300	1.6322222e-11	-107.87221
511400	1.6322711e-11	-107.87208
511500	1.6323205e-11	-107.87195
511600	1.6323702e-11	-107.87181
511700	1.6324205e-11	-107.87168
511800	1.6324711e-11	-107.87154
511900	1.6325222e-11	-107.87141
512000	1.6325738e-11	-107.87127
512100	1.6326257e-11	-107.87113
512200	1.6326781e-11	-107.87099
512300	1.6327309e-11	-107.87085
512400	1.6327842e-11	-107.87071
512500	1.6328379e-11	-107.87057
512600	1.632892e-11	-107.87043
512700	1.6329466e-11	-107.87028
512800	1.6330016e-11	-107.87013
512900	1.633057e-11	-107.86999
513000	1.6331129e-11	-107.86984
513100	1.6331692e-11	-107.86969
513200	1.6332259e-11	-107.86954
513300	1.633283e-11	-107.86939
513400	1.6333406e-11	-107.86923
513500	1.6333987e-11	-107.86908
513600	1.6334571e-11	-107.86892
513700	1.6335161e-11	-107.86877
513800	1.6335754e-11	-107.86861
513900	1.6336352e-11	-107.86845
514000	1.6336954e-11	-107.86829
514100	1.633756e-11	-107.86813
514200	1.6338171e-11	-107.86797
514300	1.6338786e-11	-107.8678
514400	1.6339405e-11	-107.86764
514500	1.6340029e-11	-107.86747
514600	1.6340657e-11	-107.8673
514700	1.634129e-11	-107.86714
514800	1.6341927e-11	-107.86697
514900	1.6342568e-11	-107.8668
515000	1.6343213e-11	-107.86663
515100	1.6343863e-11	-107.86645
515200	1.6344518e-11	-107.86628
515300	1.6345176e-11	-107.8661
515400	1.6345839e-11	-107.86593
515500	1.6346507e-11	-107.86575
515600	1.6347178e-11	-107.86557
515700	1.6347854e-11	-107.86539
515800	1.6348535e-11	-107.86521
515900	1.6349219e-11	-107.86503
516000	1.6349909e-11	-107.86485
516100	1.6350602e-11	-107.86466
516200	1.63513e-11	-107.86448
516300	1.6352002e-11	-107.86429
516400	1.6352709e-11	-107.8641
516500	1.635342e-11	-107.86391
516600	1.6354135e-11	-107.86372
516700	1.6354855e-11	-107.86353
516800	1.6355579e-11	-107.86334
516900	1.6356307e-11	-107.86315
517000	1.635704e-11	-107.86295
517100	1.6357777e-11	-107.86276
517200	1.6358519e-11	-107.86256
517300	1.6359264e-11	-107.86236
517400	1.6360015e-11	-107.86216
517500	1.6360769e-11	-107.86196
517600	1.6361528e-11	-107.86176
517700	1.6362292e-11	-107.86156
517800	1.6363059e-11	-107.86135
517900	1.6363832e-11	-107.86115
518000	1.6364608e-11	-107.86094
518100	1.6365389e-11	-107.86074
518200	1.6366174e-11	-107.86053
518300	1.6366964e-11	-107.86032
518400	1.6367758e-11	-107.86011
518500	1.6368556e-11	-107.8599
518600	1.6369359e-11	-107.85968
518700	1.6370166e-11	-107.85947
518800	1.6370978e-11	-107.85925
518900	1.6371794e-11	-107.85904
519000	1.6372614e-11	-107.85882
519100	1.6373439e-11	-107.8586
519200	1.6374268e-11	-107.85838
519300	1.6375101e-11	-107.85816
519400	1.6375939e-11	-107.85794
519500	1.6376781e-11	-107.85771
519600	1.6377628e-11	-107.85749
519700	1.6378479e-11	-107.85726
519800	1.6379335e-11	-107.85704
519900	1.6380194e-11	-107.85681
520000	1.6381059e-11	-107.85658
520100	1.6381927e-11	-107.85635
520200	1.63828e-11	-107.85612
520300	1.6383678e-11	-107.85589
520400	1.6384559e-11	-107.85565
520500	1.6385446e-11	-107.85542
520600	1.6386336e-11	-107.85518
520700	1.6387231e-11	-107.85494
520800	1.6388131e-11	-107.85471
520900	1.6389035e-11	-107.85447
521000	1.6389943e-11	-107.85423
521100	1.6390855e-11	-107.85398
521200	1.6391772e-11	-107.85374
521300	1.6392694e-11	-107.8535
521400	1.639362e-11	-107.85325
521500	1.639455e-11	-107.85301
521600	1.6395485e-11	-107.85276
521700	1.6396424e-11	-107.85251
521800	1.6397367e-11	-107.85226
521900	1.6398315e-11	-107.85201
522000	1.6399267e-11	-107.85176
522100	1.6400224e-11	-107.8515
522200	1.6401185e-11	-107.85125
522300	1.6402151e-11	-107.85099
522400	1.6403121e-11	-107.85074
522500	1.6404095e-11	-107.85048
522600	1.6405074e-11	-107.85022
522700	1.6406057e-11	-107.84996
522800	1.6407045e-11	-107.8497
522900	1.6408037e-11	-107.84943
523000	1.6409034e-11	-107.84917
523100	1.6410035e-11	-107.84891
523200	1.641104e-11	-107.84864
523300	1.641205e-11	-107.84837
523400	1.6413064e-11	-107.8481
523500	1.6414083e-11	-107.84783
523600	1.6415106e-11	-107.84756
523700	1.6416133e-11	-107.84729
523800	1.6417165e-11	-107.84702
523900	1.6418202e-11	-107.84674
524000	1.6419243e-11	-107.84647
524100	1.6420288e-11	-107.84619
524200	1.6421338e-11	-107.84591
524300	1.6422392e-11	-107.84564
524400	1.642345e-11	-107.84536
524500	1.6424513e-11	-107.84507
524600	1.6425581e-11	-107.84479
524700	1.6426653e-11	-107.84451
524800	1.6427729e-11	-107.84422
524900	1.642881e-11	-107.84394
525000	1.6429895e-11	-107.84365
525100	1.6430985e-11	-107.84336
525200	1.6432079e-11	-107.84307
525300	1.6433178e-11	-107.84278
525400	1.6434281e-11	-107.84249
525500	1.6435388e-11	-107.8422
525600	1.64365e-11	-107.84191
525700	1.6437617e-11	-107.84161
525800	1.6438738e-11	-107.84132
525900	1.6439863e-11	-107.84102
526000	1.6440993e-11	-107.84072
526100	1.6442127e-11	-107.84042
526200	1.6443266e-11	-107.84012
526300	1.6444409e-11	-107.83982
526400	1.6445557e-11	-107.83951
526500	1.6446709e-11	-107.83921
526600	1.6447866e-11	-107.8389
526700	1.6449027e-11	-107.8386
526800	1.6450192e-11	-107.83829
526900	1.6451362e-11	-107.83798
527000	1.6452537e-11	-107.83767
527100	1.6453716e-11	-107.83736
527200	1.6454899e-11	-107.83705
527300	1.6456087e-11	-107.83673
527400	1.645728e-11	-107.83642
527500	1.6458477e-11	-107.8361
527600	1.6459678e-11	-107.83579
527700	1.6460884e-11	-107.83547
527800	1.6462094e-11	-107.83515
527900	1.6463309e-11	-107.83483
528000	1.6464528e-11	-107.83451
528100	1.6465752e-11	-107.83418
528200	1.646698e-11	-107.83386
528300	1.6468213e-11	-107.83354
528400	1.646945e-11	-107.83321
528500	1.6470692e-11	-107.83288
528600	1.6471938e-11	-107.83255
528700	1.6473189e-11	-107.83222
528800	1.6474444e-11	-107.83189
528900	1.6475704e-11	-107.83156
529000	1.6476968e-11	-107.83123
529100	1.6478237e-11	-107.83089
529200	1.647951e-11	-107.83056
529300	1.6480788e-11	-107.83022
529400	1.648207e-11	-107.82988
529500	1.6483357e-11	-107.82954
529600	1.6484649e-11	-107.8292
529700	1.6485944e-11	-107.82886
529800	1.6487245e-11	-107.82852
529900	1.648855e-11	-107.82818
530000	1.6489859e-11	-107.82783
530100	1.6491173e-11	-107.82748
530200	1.6492491e-11	-107.82714
530300	1.6493814e-11	-107.82679
530400	1.6495141e-11	-107.82644
530500	1.6496473e-11	-107.82609
530600	1.649781e-11	-107.82574
530700	1.6499151e-11	-107.82538
530800	1.6500496e-11	-107.82503
530900	1.6501846e-11	-107.82467
531000	1.6503201e-11	-107.82432
531100	1.650456e-11	-107.82396
531200	1.6505924e-11	-107.8236
531300	1.6507292e-11	-107.82324
531400	1.6508665e-11	-107.82288
531500	1.6510042e-11	-107.82252
531600	1.6511424e-11	-107.82215
531700	1.651281e-11	-107.82179
531800	1.6514201e-11	-107.82142
531900	1.6515596e-11	-107.82106
532000	1.6516996e-11	-107.82069
532100	1.6518401e-11	-107.82032
532200	1.651981e-11	-107.81995
532300	1.6521223e-11	-107.81958
532400	1.6522641e-11	-107.81921
532500	1.6524064e-11	-107.81883
532600	1.6525491e-11	-107.81846
532700	1.6526923e-11	-107.81808
532800	1.652836e-11	-107.8177
532900	1.6529801e-11	-107.81732
533000	1.6531246e-11	-107.81694
533100	1.6532696e-11	-107.81656
533200	1.6534151e-11	-107.81618
533300	1.653561e-11	-107.8158
533400	1.6537074e-11	-107.81541
533500	1.6538542e-11	-107.81503
533600	1.6540015e-11	-107.81464
533700	1.6541492e-11	-107.81425
533800	1.6542974e-11	-107.81386
533900	1.6544461e-11	-107.81347
534000	1.6545952e-11	-107.81308
534100	1.6547448e-11	-107.81269
534200	1.6548948e-11	-107.8123
534300	1.6550453e-11	-107.8119
534400	1.6551963e-11	-107.8115
534500	1.6553477e-11	-107.81111
534600	1.6554996e-11	-107.81071
534700	1.6556519e-11	-107.81031
534800	1.6558047e-11	-107.80991
534900	1.6559579e-11	-107.80951
535000	1.6561116e-11	-107.8091
535100	1.6562658e-11	-107.8087
535200	1.6564204e-11	-107.80829
535300	1.6565755e-11	-107.80789
535400	1.6567311e-11	-107.80748
535500	1.6568871e-11	-107.80707
535600	1.6570435e-11	-107.80666
535700	1.6572005e-11	-107.80625
535800	1.6573579e-11	-107.80584
535900	1.6575157e-11	-107.80542
536000	1.657674e-11	-107.80501
536100	1.6578328e-11	-107.80459
536200	1.657992e-11	-107.80418
536300	1.6581517e-11	-107.80376
536400	1.6583119e-11	-107.80334
536500	1.6584725e-11	-107.80292
536600	1.6586336e-11	-107.8025
536700	1.6587951e-11	-107.80207
536800	1.6589571e-11	-107.80165
536900	1.6591196e-11	-107.80122
537000	1.6592825e-11	-107.8008
537100	1.6594459e-11	-107.80037
537200	1.6596098e-11	-107.79994
537300	1.6597741e-11	-107.79951
537400	1.6599389e-11	-107.79908
537500	1.6601042e-11	-107.79865
537600	1.6602699e-11	-107.79821
537700	1.660436e-11	-107.79778
537800	1.6606027e-11	-107.79734
537900	1.6607698e-11	-107.79691
538000	1.6609374e-11	-107.79647
538100	1.6611054e-11	-107.79603
538200	1.6612739e-11	-107.79559
538300	1.6614429e-11	-107.79515
538400	1.6616123e-11	-107.7947
538500	1.6617822e-11	-107.79426
538600	1.6619526e-11	-107.79381
538700	1.6621234e-11	-107.79337
538800	1.6622947e-11	-107.79292
538900	1.6624665e-11	-107.79247
539000	1.6626387e-11	-107.79202
539100	1.6628114e-11	-107.79157
539200	1.6629846e-11	-107.79112
539300	1.6631582e-11	-107.79066
539400	1.6633323e-11	-107.79021
539500	1.6635069e-11	-107.78975
539600	1.6636819e-11	-107.7893
539700	1.6638574e-11	-107.78884
539800	1.6640334e-11	-107.78838
539900	1.6642099e-11	-107.78792
540000	1.6643868e-11	-107.78746
540100	1.6645642e-11	-107.78699
540200	1.664742e-11	-107.78653
540300	1.6649203e-11	-107.78607
540400	1.6650991e-11	-107.7856
540500	1.6652784e-11	-107.78513
540600	1.6654581e-11	-107.78466
540700	1.6656383e-11	-107.78419
540800	1.665819e-11	-107.78372
540900	1.6660001e-11	-107.78325
541000	1.6661817e-11	-107.78278
541100	1.6663638e-11	-107.7823
541200	1.6665464e-11	-107.78183
541300	1.6667294e-11	-107.78135
541400	1.6669129e-11	-107.78087
541500	1.6670968e-11	-107.78039
541600	1.6672813e-11	-107.77991
541700	1.6674662e-11	-107.77943
541800	1.6676516e-11	-107.77895
541900	1.6678374e-11	-107.77846
542000	1.6680238e-11	-107.77798
542100	1.6682106e-11	-107.77749
542200	1.6683978e-11	-107.777
542300	1.6685856e-11	-107.77652
542400	1.6687738e-11	-107.77603
542500	1.6689625e-11	-107.77553
542600	1.6691517e-11	-107.77504
542700	1.6693413e-11	-107.77455
542800	1.6695315e-11	-107.77405
542900	1.6697221e-11	-107.77356
543000	1.6699131e-11	-107.77306
543100	1.6701047e-11	-107.77256
543200	1.6702967e-11	-107.77206
543300	1.6704892e-11	-107.77156
543400	1.6706822e-11	-107.77106
543500	1.6708756e-11	-107.77056
543600	1.6710695e-11	-107.77005
543700	1.6712639e-11	-107.76955
543800	1.6714588e-11	-107.76904
543900	1.6716542e-11	-107.76854
544000	1.67185e-11	-107.76803
544100	1.6720463e-11	-107.76752
544200	1.6722431e-11	-107.76701
544300	1.6724404e-11	-107.76649
544400	1.6726381e-11	-107.76598
544500	1.6728363e-11	-107.76547
544600	1.673035e-11	-107.76495
544700	1.6732342e-11	-107.76443
544800	1.6734339e-11	-107.76391
544900	1.673634e-11	-107.7634
545000	1.6738346e-11	-107.76287
545100	1.6740357e-11	-107.76235
545200	1.6742373e-11	-107.76183
545300	1.6744394e-11	-107.76131
545400	1.6746419e-11	-107.76078
545500	1.6748449e-11	-107.76025
545600	1.6750484e-11	-107.75973
545700	1.6752524e-11	-107.7592
545800	1.6754569e-11	-107.75867
545900	1.6756618e-11	-107.75814
546000	1.6758673e-11	-107.7576
546100	1.6760732e-11	-107.75707
546200	1.6762796e-11	-107.75654
546300	1.6764864e-11	-107.756
546400	1.6766938e-11	-107.75546
546500	1.6769016e-11	-107.75492
546600	1.6771099e-11	-107.75438
546700	1.6773188e-11	-107.75384
546800	1.677528e-11	-107.7533
546900	1.6777378e-11	-107.75276
547000	1.6779481e-11	-107.75221
547100	1.6781588e-11	-107.75167
547200	1.67837e-11	-107.75112
547300	1.6785818e-11	-107.75058
547400	1.6787939e-11	-107.75003
547500	1.6790066e-11	-107.74948
547600	1.6792198e-11	-107.74892
547700	1.6794335e-11	-107.74837
547800	1.6796476e-11	-107.74782
547900	1.6798622e-11	-107.74726
548000	1.6800773e-11	-107.74671
548100	1.6802929e-11	-107.74615
548200	1.680509e-11	-107.74559
548300	1.6807256e-11	-107.74503
548400	1.6809427e-11	-107.74447
548500	1.6811602e-11	-107.74391
548600	1.6813782e-11	-107.74335
548700	1.6815968e-11	-107.74278
548800	1.6818158e-11	-107.74222
548900	1.6820353e-11	-107.74165
549000	1.6822553e-11	-107.74108
549100	1.6824758e-11	-107.74051
549200	1.6826967e-11	-107.73994
549300	1.6829182e-11	-107.73937
549400	1.6831402e-11	-107.7388
549500	1.6833626e-11	-107.73822
549600	1.6835855e-11	-107.73765
549700	1.683809e-11	-107.73707
549800	1.6840329e-11	-107.73649
549900	1.6842573e-11	-107.73592
550000	1.6844822e-11	-107.73534
550100	1.6847076e-11	-107.73475
550200	1.6849334e-11	-107.73417
550300	1.6851598e-11	-107.73359
550400	1.6853867e-11	-107.733
550500	1.6856141e-11	-107.73242
550600	1.6858419e-11	-107.73183
550700	1.6860703e-11	-107.73124
550800	1.6862991e-11	-107.73065
550900	1.6865284e-11	-107.73006
551000	1.6867583e-11	-107.72947
551100	1.6869886e-11	-107.72888
551200	1.6872194e-11	-107.72828
551300	1.6874507e-11	-107.72769
551400	1.6876825e-11	-107.72709
551500	1.6879148e-11	-107.72649
551600	1.6881476e-11	-107.7259
551700	1.6883809e-11	-107.7253
551800	1.6886147e-11	-107.72469
551900	1.688849e-11	-107.72409
552000	1.6890838e-11	-107.72349
552100	1.6893191e-11	-107.72288
552200	1.6895549e-11	-107.72228
552300	1.6897912e-11	-107.72167
552400	1.6900279e-11	-107.72106
552500	1.6902652e-11	-107.72045
552600	1.690503e-11	-107.71984
552700	1.6907413e-11	-107.71923
552800	1.69098e-11	-107.71862
552900	1.6912193e-11	-107.718
553000	1.6914591e-11	-107.71739
553100	1.6916994e-11	-107.71677
553200	1.6919401e-11	-107.71615
553300	1.6921814e-11	-107.71553
553400	1.6924232e-11	-107.71491
553500	1.6926655e-11	-107.71429
553600	1.6929082e-11	-107.71367
553700	1.6931515e-11	-107.71304
553800	1.6933953e-11	-107.71242
553900	1.6936396e-11	-107.71179
554000	1.6938844e-11	-107.71116
554100	1.6941297e-11	-107.71053
554200	1.6943755e-11	-107.7099
554300	1.6946218e-11	-107.70927
554400	1.6948686e-11	-107.70864
554500	1.6951159e-11	-107.70801
554600	1.6953637e-11	-107.70737
554700	1.695612e-11	-107.70674
554800	1.6958608e-11	-107.7061
554900	1.6961101e-11	-107.70546
555000	1.69636e-11	-107.70482
555100	1.6966103e-11	-107.70418
555200	1.6968611e-11	-107.70354
555300	1.6971125e-11	-107.70289
555400	1.6973643e-11	-107.70225
555500	1.6976167e-11	-107.7016
555600	1.6978696e-11	-107.70096
555700	1.6981229e-11	-107.70031
555800	1.6983768e-11	-107.69966
555900	1.6986312e-11	-107.69901
556000	1.6988861e-11	-107.69836
556100	1.6991415e-11	-107.6977
556200	1.6993974e-11	-107.69705
556300	1.6996539e-11	-107.6964
556400	1.6999108e-11	-107.69574
556500	1.7001682e-11	-107.69508
556600	1.7004262e-11	-107.69442
556700	1.7006847e-11	-107.69376
556800	1.7009436e-11	-107.6931
556900	1.7012031e-11	-107.69244
557000	1.7014631e-11	-107.69177
557100	1.7017236e-11	-107.69111
557200	1.7019847e-11	-107.69044
557300	1.7022462e-11	-107.68978
557400	1.7025082e-11	-107.68911
557500	1.7027708e-11	-107.68844
557600	1.7030339e-11	-107.68777
557700	1.7032975e-11	-107.68709
557800	1.7035616e-11	-107.68642
557900	1.7038262e-11	-107.68575
558000	1.7040913e-11	-107.68507
558100	1.704357e-11	-107.68439
558200	1.7046231e-11	-107.68372
558300	1.7048898e-11	-107.68304
558400	1.705157e-11	-107.68236
558500	1.7054247e-11	-107.68167
558600	1.7056929e-11	-107.68099
558700	1.7059617e-11	-107.68031
558800	1.7062309e-11	-107.67962
558900	1.7065007e-11	-107.67894
559000	1.706771e-11	-107.67825
559100	1.7070418e-11	-107.67756
559200	1.7073131e-11	-107.67687
559300	1.707585e-11	-107.67618
559400	1.7078573e-11	-107.67548
559500	1.7081302e-11	-107.67479
559600	1.7084036e-11	-107.6741
559700	1.7086776e-11	-107.6734
559800	1.708952e-11	-107.6727
559900	1.709227e-11	-107.672
560000	1.7095025e-11	-107.6713
560100	1.7097785e-11	-107.6706
560200	1.710055e-11	-107.6699
560300	1.7103321e-11	-107.6692
560400	1.7106096e-11	-107.66849
560500	1.7108877e-11	-107.66778
560600	1.7111663e-11	-107.66708
560700	1.7114455e-11	-107.66637
560800	1.7117252e-11	-107.66566
560900	1.7120053e-11	-107.66495
561000	1.7122861e-11	-107.66424
561100	1.7125673e-11	-107.66352
561200	1.7128491e-11	-107.66281
561300	1.7131314e-11	-107.66209
561400	1.7134142e-11	-107.66138
561500	1.7136975e-11	-107.66066
561600	1.7139814e-11	-107.65994
561700	1.7142658e-11	-107.65922
561800	1.7145507e-11	-107.6585
561900	1.7148361e-11	-107.65777
562000	1.7151221e-11	-107.65705
562100	1.7154086e-11	-107.65632
562200	1.7156956e-11	-107.6556
562300	1.7159832e-11	-107.65487
562400	1.7162713e-11	-107.65414
562500	1.7165599e-11	-107.65341
562600	1.716849e-11	-107.65268
562700	1.7171387e-11	-107.65195
562800	1.7174289e-11	-107.65121
562900	1.7177197e-11	-107.65048
563000	1.7180109e-11	-107.64974
563100	1.7183027e-11	-107.649
563200	1.7185951e-11	-107.64826
563300	1.7188879e-11	-107.64752
563400	1.7191813e-11	-107.64678
563500	1.7194752e-11	-107.64604
563600	1.7197697e-11	-107.6453
563700	1.7200647e-11	-107.64455
563800	1.7203602e-11	-107.64381
563900	1.7206563e-11	-107.64306
564000	1.7209529e-11	-107.64231
564100	1.72125e-11	-107.64156
564200	1.7215477e-11	-107.64081
564300	1.7218459e-11	-107.64006
564400	1.7221446e-11	-107.6393
564500	1.7224439e-11	-107.63855
564600	1.7227437e-11	-107.63779
564700	1.723044e-11	-107.63704
564800	1.7233449e-11	-107.63628
564900	1.7236464e-11	-107.63552
565000	1.7239483e-11	-107.63476
565100	1.7242508e-11	-107.634
565200	1.7245538e-11	-107.63323
565300	1.7248574e-11	-107.63247
565400	1.7251615e-11	-107.6317
565500	1.7254662e-11	-107.63094
565600	1.7257714e-11	-107.63017
565700	1.7260771e-11	-107.6294
565800	1.7263834e-11	-107.62863
565900	1.7266902e-11	-107.62786
566000	1.7269976e-11	-107.62708
566100	1.7273055e-11	-107.62631
566200	1.7276139e-11	-107.62553
566300	1.7279229e-11	-107.62476
566400	1.7282324e-11	-107.62398
566500	1.7285425e-11	-107.6232
566600	1.7288531e-11	-107.62242
566700	1.7291643e-11	-107.62164
566800	1.729476e-11	-107.62085
566900	1.7297883e-11	-107.62007
567000	1.7301011e-11	-107.61929
567100	1.7304144e-11	-107.6185
567200	1.7307283e-11	-107.61771
567300	1.7310427e-11	-107.61692
567400	1.7313577e-11	-107.61613
567500	1.7316732e-11	-107.61534
567600	1.7319893e-11	-107.61455
567700	1.7323059e-11	-107.61375
567800	1.7326231e-11	-107.61296
567900	1.7329408e-11	-107.61216
568000	1.7332591e-11	-107.61137
568100	1.7335779e-11	-107.61057
568200	1.7338973e-11	-107.60977
568300	1.7342172e-11	-107.60897
568400	1.7345377e-11	-107.60816
568500	1.7348587e-11	-107.60736
568600	1.7351803e-11	-107.60655
568700	1.7355024e-11	-107.60575
568800	1.7358251e-11	-107.60494
568900	1.7361483e-11	-107.60413
569000	1.7364721e-11	-107.60332
569100	1.7367964e-11	-107.60251
569200	1.7371213e-11	-107.6017
569300	1.7374468e-11	-107.60088
569400	1.7377728e-11	-107.60007
569500	1.7380993e-11	-107.59925
569600	1.7384264e-11	-107.59844
569700	1.7387541e-11	-107.59762
569800	1.7390823e-11	-107.5968
569900	1.7394111e-11	-107.59598
570000	1.7397404e-11	-107.59516
570100	1.7400703e-11	-107.59433
570200	1.7404008e-11	-107.59351
570300	1.7407318e-11	-107.59268
570400	1.7410634e-11	-107.59185
570500	1.7413955e-11	-107.59103
570600	1.7417282e-11	-107.5902
570700	1.7420614e-11	-107.58937
570800	1.7423952e-11	-107.58853
570900	1.7427296e-11	-107.5877
571000	1.7430645e-11	-107.58687
571100	1.7434e-11	-107.58603
571200	1.7437361e-11	-107.58519
571300	1.7440727e-11	-107.58435
571400	1.7444098e-11	-107.58351
571500	1.7447476e-11	-107.58267
571600	1.7450859e-11	-107.58183
571700	1.7454247e-11	-107.58099
571800	1.7457642e-11	-107.58014
571900	1.7461042e-11	-107.5793
572000	1.7464447e-11	-107.57845
572100	1.7467859e-11	-107.5776
572200	1.7471276e-11	-107.57675
572300	1.7474698e-11	-107.5759
572400	1.7478126e-11	-107.57505
572500	1.748156e-11	-107.5742
572600	1.7485e-11	-107.57334
572700	1.7488445e-11	-107.57249
572800	1.7491896e-11	-107.57163
572900	1.7495353e-11	-107.57077
573000	1.7498815e-11	-107.56991
573100	1.7502283e-11	-107.56905
573200	1.7505757e-11	-107.56819
573300	1.7509236e-11	-107.56733
573400	1.7512721e-11	-107.56646
573500	1.7516212e-11	-107.5656
573600	1.7519709e-11	-107.56473
573700	1.7523211e-11	-107.56386
573800	1.7526719e-11	-107.56299
573900	1.7530233e-11	-107.56212
574000	1.7533753e-11	-107.56125
574100	1.7537278e-11	-107.56038
574200	1.7540809e-11	-107.5595
574300	1.7544346e-11	-107.55863
574400	1.7547888e-11	-107.55775
574500	1.7551436e-11	-107.55687
574600	1.755499e-11	-107.55599
574700	1.755855e-11	-107.55511
574800	1.7562116e-11	-107.55423
574900	1.7565687e-11	-107.55335
575000	1.7569264e-11	-107.55246
575100	1.7572847e-11	-107.55158
575200	1.7576436e-11	-107.55069
575300	1.758003e-11	-107.5498
575400	1.758363e-11	-107.54891
575500	1.7587236e-11	-107.54802
575600	1.7590848e-11	-107.54713
575700	1.7594466e-11	-107.54624
575800	1.7598089e-11	-107.54534
575900	1.7601719e-11	-107.54445
576000	1.7605354e-11	-107.54355
576100	1.7608995e-11	-107.54265
576200	1.7612642e-11	-107.54176
576300	1.7616294e-11	-107.54085
576400	1.7619953e-11	-107.53995
576500	1.7623617e-11	-107.53905
576600	1.7627287e-11	-107.53815
576700	1.7630963e-11	-107.53724
576800	1.7634645e-11	-107.53633
576900	1.7638333e-11	-107.53542
577000	1.7642027e-11	-107.53452
577100	1.7645726e-11	-107.5336
577200	1.7649431e-11	-107.53269
577300	1.7653143e-11	-107.53178
577400	1.765686e-11	-107.53087
577500	1.7660583e-11	-107.52995
577600	1.7664312e-11	-107.52903
577700	1.7668047e-11	-107.52811
577800	1.7671787e-11	-107.5272
577900	1.7675534e-11	-107.52627
578000	1.7679287e-11	-107.52535
578100	1.7683045e-11	-107.52443
578200	1.768681e-11	-107.52351
578300	1.769058e-11	-107.52258
578400	1.7694356e-11	-107.52165
578500	1.7698138e-11	-107.52072
578600	1.7701927e-11	-107.51979
578700	1.7705721e-11	-107.51886
578800	1.7709521e-11	-107.51793
578900	1.7713327e-11	-107.517
579000	1.7717139e-11	-107.51606
579100	1.7720957e-11	-107.51513
579200	1.7724781e-11	-107.51419
579300	1.772861e-11	-107.51325
579400	1.7732446e-11	-107.51231
579500	1.7736288e-11	-107.51137
579600	1.7740136e-11	-107.51043
579700	1.774399e-11	-107.50949
579800	1.774785e-11	-107.50854
579900	1.7751716e-11	-107.5076
580000	1.7755587e-11	-107.50665
580100	1.7759465e-11	-107.5057
580200	1.7763349e-11	-107.50475
580300	1.7767239e-11	-107.5038
580400	1.7771135e-11	-107.50285
580500	1.7775037e-11	-107.50189
580600	1.7778945e-11	-107.50094
580700	1.7782859e-11	-107.49998
580800	1.7786779e-11	-107.49903
580900	1.7790705e-11	-107.49807
581000	1.7794638e-11	-107.49711
581100	1.7798576e-11	-107.49615
581200	1.780252e-11	-107.49519
581300	1.7806471e-11	-107.49422
581400	1.7810427e-11	-107.49326
581500	1.781439e-11	-107.49229
581600	1.7818358e-11	-107.49132
581700	1.7822333e-11	-107.49035
581800	1.7826314e-11	-107.48938
581900	1.7830301e-11	-107.48841
582000	1.7834294e-11	-107.48744
582100	1.7838293e-11	-107.48647
582200	1.7842299e-11	-107.48549
582300	1.784631e-11	-107.48452
582400	1.7850328e-11	-107.48354
582500	1.7854351e-11	-107.48256
582600	1.7858381e-11	-107.48158
582700	1.7862417e-11	-107.4806
582800	1.7866459e-11	-107.47962
582900	1.7870508e-11	-107.47863
583000	1.7874562e-11	-107.47765
583100	1.7878623e-11	-107.47666
583200	1.788269e-11	-107.47567
583300	1.7886762e-11	-107.47468
583400	1.7890842e-11	-107.47369
583500	1.7894927e-11	-107.4727
583600	1.7899018e-11	-107.47171
583700	1.7903116e-11	-107.47071
583800	1.790722e-11	-107.46972
583900	1.791133e-11	-107.46872
584000	1.7915446e-11	-107.46772
584100	1.7919569e-11	-107.46672
584200	1.7923698e-11	-107.46572
584300	1.7927833e-11	-107.46472
584400	1.7931974e-11	-107.46372
584500	1.7936121e-11	-107.46271
584600	1.7940275e-11	-107.46171
584700	1.7944435e-11	-107.4607
584800	1.7948601e-11	-107.45969
584900	1.7952774e-11	-107.45868
585000	1.7956952e-11	-107.45767
585100	1.7961137e-11	-107.45666
585200	1.7965329e-11	-107.45565
585300	1.7969526e-11	-107.45463
585400	1.797373e-11	-107.45362
585500	1.797794e-11	-107.4526
585600	1.7982157e-11	-107.45158
585700	1.7986379e-11	-107.45056
585800	1.7990608e-11	-107.44954
585900	1.7994844e-11	-107.44852
586000	1.7999085e-11	-107.4475
586100	1.8003333e-11	-107.44647
586200	1.8007588e-11	-107.44544
586300	1.8011848e-11	-107.44442
586400	1.8016115e-11	-107.44339
586500	1.8020389e-11	-107.44236
586600	1.8024668e-11	-107.44133
586700	1.8028954e-11	-107.44029
586800	1.8033247e-11	-107.43926
586900	1.8037545e-11	-107.43823
587000	1.804185e-11	-107.43719
587100	1.8046162e-11	-107.43615
587200	1.805048e-11	-107.43511
587300	1.8054804e-11	-107.43407
587400	1.8059135e-11	-107.43303
587500	1.8063472e-11	-107.43199
587600	1.8067815e-11	-107.43094
587700	1.8072165e-11	-107.4299
587800	1.8076521e-11	-107.42885
587900	1.8080884e-11	-107.4278
588000	1.8085253e-11	-107.42675
588100	1.8089629e-11	-107.4257
588200	1.8094011e-11	-107.42465
588300	1.8098399e-11	-107.4236
588400	1.8102794e-11	-107.42254
588500	1.8107196e-11	-107.42149
588600	1.8111603e-11	-107.42043
588700	1.8116018e-11	-107.41937
588800	1.8120438e-11	-107.41831
588900	1.8124866e-11	-107.41725
589000	1.8129299e-11	-107.41619
589100	1.813374e-11	-107.41513
589200	1.8138186e-11	-107.41406
589300	1.8142639e-11	-107.413
589400	1.8147099e-11	-107.41193
589500	1.8151565e-11	-107.41086
589600	1.8156038e-11	-107.40979
589700	1.8160517e-11	-107.40872
589800	1.8165003e-11	-107.40765
589900	1.8169495e-11	-107.40657
590000	1.8173994e-11	-107.4055
590100	1.81785e-11	-107.40442
590200	1.8183012e-11	-107.40334
590300	1.818753e-11	-107.40226
590400	1.8192055e-11	-107.40118
590500	1.8196587e-11	-107.4001
590600	1.8201125e-11	-107.39902
590700	1.820567e-11	-107.39793
590800	1.8210221e-11	-107.39685
590900	1.8214779e-11	-107.39576
591000	1.8219344e-11	-107.39467
591100	1.8223915e-11	-107.39358
591200	1.8228493e-11	-107.39249
591300	1.8233078e-11	-107.3914
591400	1.8237669e-11	-107.39031
591500	1.8242266e-11	-107.38921
591600	1.8246871e-11	-107.38812
591700	1.8251482e-11	-107.38702
591800	1.8256099e-11	-107.38592
591900	1.8260723e-11	-107.38482
592000	1.8265354e-11	-107.38372
592100	1.8269992e-11	-107.38262
592200	1.8274636e-11	-107.38151
592300	1.8279287e-11	-107.38041
592400	1.8283945e-11	-107.3793
592500	1.8288609e-11	-107.37819
592600	1.829328e-11	-107.37708
592700	1.8297958e-11	-107.37597
592800	1.8302642e-11	-107.37486
592900	1.8307333e-11	-107.37375
593000	1.8312031e-11	-107.37263
593100	1.8316736e-11	-107.37152
593200	1.8321447e-11	-107.3704
593300	1.8326165e-11	-107.36928
593400	1.833089e-11	-107.36816
593500	1.8335622e-11	-107.36704
593600	1.834036e-11	-107.36592
593700	1.8345105e-11	-107.3648
593800	1.8349857e-11	-107.36367
593900	1.8354615e-11	-107.36255
594000	1.8359381e-11	-107.36142
594100	1.8364153e-11	-107.36029
594200	1.8368932e-11	-107.35916
594300	1.8373718e-11	-107.35803
594400	1.837851e-11	-107.3569
594500	1.838331e-11	-107.35576
594600	1.8388116e-11	-107.35463
594700	1.8392929e-11	-107.35349
594800	1.8397749e-11	-107.35235
594900	1.8402576e-11	-107.35121
595000	1.8407409e-11	-107.35007
595100	1.841225e-11	-107.34893
595200	1.8417097e-11	-107.34779
595300	1.8421951e-11	-107.34664
595400	1.8426812e-11	-107.3455
595500	1.843168e-11	-107.34435
595600	1.8436555e-11	-107.3432
595700	1.8441436e-11	-107.34205
595800	1.8446325e-11	-107.3409
595900	1.845122e-11	-107.33975
596000	1.8456123e-11	-107.3386
596100	1.8461032e-11	-107.33744
596200	1.8465948e-11	-107.33628
596300	1.8470872e-11	-107.33513
596400	1.8475802e-11	-107.33397
596500	1.8480739e-11	-107.33281
596600	1.8485683e-11	-107.33165
596700	1.8490634e-11	-107.33048
596800	1.8495591e-11	-107.32932
596900	1.8500556e-11	-107.32815
597000	1.8505528e-11	-107.32699
597100	1.8510507e-11	-107.32582
597200	1.8515493e-11	-107.32465
597300	1.8520486e-11	-107.32348
597400	1.8525485e-11	-107.3223
597500	1.8530492e-11	-107.32113
597600	1.8535506e-11	-107.31996
597700	1.8540527e-11	-107.31878
597800	1.8545555e-11	-107.3176
597900	1.855059e-11	-107.31642
598000	1.8555632e-11	-107.31524
598100	1.8560681e-11	-107.31406
598200	1.8565737e-11	-107.31288
598300	1.85708e-11	-107.31169
598400	1.857587e-11	-107.31051
598500	1.8580947e-11	-107.30932
598600	1.8586032e-11	-107.30813
598700	1.8591123e-11	-107.30694
598800	1.8596221e-11	-107.30575
598900	1.8601327e-11	-107.30456
599000	1.860644e-11	-107.30337
599100	1.861156e-11	-107.30217
599200	1.8616687e-11	-107.30098
599300	1.8621821e-11	-107.29978
599400	1.8626962e-11	-107.29858
599500	1.863211e-11	-107.29738
599600	1.8637266e-11	-107.29618
599700	1.8642429e-11	-107.29498
599800	1.8647599e-11	-107.29377
599900	1.8652776e-11	-107.29257
600000	1.865796e-11	-107.29136
600100	1.8663151e-11	-107.29015
600200	1.866835e-11	-107.28894
600300	1.8673556e-11	-107.28773
600400	1.8678769e-11	-107.28652
600500	1.8683989e-11	-107.2853
600600	1.8689216e-11	-107.28409
600700	1.8694451e-11	-107.28287
600800	1.8699693e-11	-107.28166
600900	1.8704942e-11	-107.28044
601000	1.8710198e-11	-107.27922
601100	1.8715462e-11	-107.27799
601200	1.8720733e-11	-107.27677
601300	1.8726011e-11	-107.27555
601400	1.8731296e-11	-107.27432
601500	1.8736589e-11	-107.27309
601600	1.8741889e-11	-107.27187
601700	1.8747197e-11	-107.27064
601800	1.8752511e-11	-107.26941
601900	1.8757833e-11	-107.26817
602000	1.8763162e-11	-107.26694
602100	1.8768499e-11	-107.2657
602200	1.8773843e-11	-107.26447
602300	1.8779194e-11	-107.26323
602400	1.8784553e-11	-107.26199
602500	1.8789919e-11	-107.26075
602600	1.8795292e-11	-107.25951
602700	1.8800673e-11	-107.25827
602800	1.8806061e-11	-107.25702
602900	1.8811456e-11	-107.25578
603000	1.8816859e-11	-107.25453
603100	1.8822269e-11	-107.25328
603200	1.8827687e-11	-107.25203
603300	1.8833112e-11	-107.25078
603400	1.8838545e-11	-107.24953
603500	1.8843985e-11	-107.24827
603600	1.8849432e-11	-107.24702
603700	1.8854887e-11	-107.24576
603800	1.8860349e-11	-107.2445
603900	1.8865819e-11	-107.24324
604000	1.8871296e-11	-107.24198
604100	1.8876781e-11	-107.24072
604200	1.8882273e-11	-107.23946
604300	1.8887773e-11	-107.23819
604400	1.889328e-11	-107.23693
604500	1.8898794e-11	-107.23566
604600	1.8904316e-11	-107.23439
604700	1.8909846e-11	-107.23312
604800	1.8915383e-11	-107.23185
604900	1.8920928e-11	-107.23058
605000	1.892648e-11	-107.2293
605100	1.893204e-11	-107.22803
605200	1.8937608e-11	-107.22675
605300	1.8943183e-11	-107.22547
605400	1.8948765e-11	-107.22419
605500	1.8954355e-11	-107.22291
605600	1.8959953e-11	-107.22163
605700	1.8965558e-11	-107.22034
605800	1.8971171e-11	-107.21906
605900	1.8976792e-11	-107.21777
606000	1.898242e-11	-107.21648
606100	1.8988056e-11	-107.2152
606200	1.8993699e-11	-107.2139
606300	1.899935e-11	-107.21261
606400	1.9005009e-11	-107.21132
606500	1.9010675e-11	-107.21002
606600	1.9016349e-11	-107.20873
606700	1.9022031e-11	-107.20743
606800	1.902772e-11	-107.20613
606900	1.9033417e-11	-107.20483
607000	1.9039122e-11	-107.20353
607100	1.9044834e-11	-107.20223
607200	1.9050555e-11	-107.20092
607300	1.9056282e-11	-107.19962
607400	1.9062018e-11	-107.19831
607500	1.9067761e-11	-107.197
607600	1.9073512e-11	-107.19569
607700	1.9079271e-11	-107.19438
607800	1.9085038e-11	-107.19307
607900	1.9090812e-11	-107.19176
608000	1.9096595e-11	-107.19044
608100	1.9102384e-11	-107.18912
608200	1.9108182e-11	-107.18781
608300	1.9113988e-11	-107.18649
608400	1.9119801e-11	-107.18517
608500	1.9125622e-11	-107.18384
608600	1.9131451e-11	-107.18252
608700	1.9137288e-11	-107.1812
608800	1.9143133e-11	-107.17987
608900	1.9148985e-11	-107.17854
609000	1.9154846e-11	-107.17721
609100	1.9160714e-11	-107.17588
609200	1.916659e-11	-107.17455
609300	1.9172474e-11	-107.17322
609400	1.9178366e-11	-107.17188
609500	1.9184266e-11	-107.17055
609600	1.9190173e-11	-107.16921
609700	1.9196089e-11	-107.16787
609800	1.9202013e-11	-107.16653
609900	1.9207944e-11	-107.16519
610000	1.9213883e-11	-107.16385
610100	1.9219831e-11	-107.1625
610200	1.9225786e-11	-107.16116
610300	1.9231749e-11	-107.15981
610400	1.9237721e-11	-107.15846
610500	1.92437e-11	-107.15711
610600	1.9249687e-11	-107.15576
610700	1.9255682e-11	-107.15441
610800	1.9261686e-11	-107.15306
610900	1.9267697e-11	-107.1517
611000	1.9273716e-11	-107.15035
611100	1.9279743e-11	-107.14899
611200	1.9285779e-11	-107.14763
611300	1.9291822e-11	-107.14627
611400	1.9297874e-11	-107.14491
611500	1.9303933e-11	-107.14354
611600	1.9310001e-11	-107.14218
611700	1.9316077e-11	-107.14081
611800	1.932216e-11	-107.13944
611900	1.9328252e-11	-107.13807
612000	1.9334352e-11	-107.1367
612100	1.934046e-11	-107.13533
612200	1.9346577e-11	-107.13396
612300	1.9352701e-11	-107.13258
612400	1.9358833e-11	-107.13121
612500	1.9364974e-11	-107.12983
612600	1.9371123e-11	-107.12845
612700	1.937728e-11	-107.12707
612800	1.9383445e-11	-107.12569
612900	1.9389618e-11	-107.12431
613000	1.93958e-11	-107.12292
613100	1.940199e-11	-107.12154
613200	1.9408188e-11	-107.12015
613300	1.9414394e-11	-107.11876
613400	1.9420608e-11	-107.11737
613500	1.9426831e-11	-107.11598
613600	1.9433062e-11	-107.11459
613700	1.9439301e-11	-107.11319
613800	1.9445549e-11	-107.1118
613900	1.9451804e-11	-107.1104
614000	1.9458068e-11	-107.109
614100	1.9464341e-11	-107.1076
614200	1.9470621e-11	-107.1062
614300	1.947691e-11	-107.1048
614400	1.9483208e-11	-107.1034
614500	1.9489513e-11	-107.10199
614600	1.9495827e-11	-107.10058
614700	1.9502149e-11	-107.09918
614800	1.950848e-11	-107.09777
614900	1.9514819e-11	-107.09635
615000	1.9521166e-11	-107.09494
615100	1.9527522e-11	-107.09353
615200	1.9533886e-11	-107.09211
615300	1.9540259e-11	-107.0907
615400	1.954664e-11	-107.08928
615500	1.9553029e-11	-107.08786
615600	1.9559427e-11	-107.08644
615700	1.9565833e-11	-107.08502
615800	1.9572248e-11	-107.08359
615900	1.9578671e-11	-107.08217
616000	1.9585103e-11	-107.08074
616100	1.9591543e-11	-107.07931
616200	1.9597991e-11	-107.07788
616300	1.9604449e-11	-107.07645
616400	1.9610914e-11	-107.07502
616500	1.9617388e-11	-107.07359
616600	1.9623871e-11	-107.07215
616700	1.9630362e-11	-107.07072
616800	1.9636862e-11	-107.06928
616900	1.964337e-11	-107.06784
617000	1.9649887e-11	-107.0664
617100	1.9656412e-11	-107.06496
617200	1.9662946e-11	-107.06351
617300	1.9669489e-11	-107.06207
617400	1.967604e-11	-107.06062
617500	1.96826e-11	-107.05918
617600	1.9689168e-11	-107.05773
617700	1.9695745e-11	-107.05628
617800	1.9702331e-11	-107.05482
617900	1.9708925e-11	-107.05337
618000	1.9715528e-11	-107.05192
618100	1.9722139e-11	-107.05046
618200	1.972876e-11	-107.049
618300	1.9735389e-11	-107.04754
618400	1.9742026e-11	-107.04608
618500	1.9748673e-11	-107.04462
618600	1.9755328e-11	-107.04316
618700	1.9761992e-11	-107.04169
618800	1.9768664e-11	-107.04023
618900	1.9775345e-11	-107.03876
619000	1.9782035e-11	-107.03729
619100	1.9788734e-11	-107.03582
619200	1.9795442e-11	-107.03435
619300	1.9802158e-11	-107.03287
619400	1.9808883e-11	-107.0314
619500	1.9815617e-11	-107.02992
619600	1.982236e-11	-107.02845
619700	1.9829111e-11	-107.02697
619800	1.9835872e-11	-107.02549
619900	1.9842641e-11	-107.02401
620000	1.9849419e-11	-107.02252
620100	1.9856206e-11	-107.02104
620200	1.9863002e-11	-107.01955
620300	1.9869807e-11	-107.01806
620400	1.987662e-11	-107.01657
620500	1.9883443e-11	-107.01508
620600	1.9890274e-11	-107.01359
620700	1.9897114e-11	-107.0121
620800	1.9903964e-11	-107.0106
620900	1.9910822e-11	-107.00911
621000	1.9917689e-11	-107.00761
621100	1.9924565e-11	-107.00611
621200	1.993145e-11	-107.00461
621300	1.9938344e-11	-107.00311
621400	1.9945247e-11	-107.00161
621500	1.9952159e-11	-107.0001
621600	1.995908e-11	-106.99859
621700	1.9966011e-11	-106.99709
621800	1.997295e-11	-106.99558
621900	1.9979898e-11	-106.99407
622000	1.9986855e-11	-106.99256
622100	1.9993821e-11	-106.99104
622200	2.0000797e-11	-106.98953
622300	2.0007781e-11	-106.98801
622400	2.0014775e-11	-106.98649
622500	2.0021777e-11	-106.98497
622600	2.0028789e-11	-106.98345
622700	2.003581e-11	-106.98193
622800	2.004284e-11	-106.98041
622900	2.0049879e-11	-106.97888
623000	2.0056928e-11	-106.97736
623100	2.0063985e-11	-106.97583
623200	2.0071052e-11	-106.9743
623300	2.0078128e-11	-106.97277
623400	2.0085213e-11	-106.97124
623500	2.0092307e-11	-106.9697
623600	2.009941e-11	-106.96817
623700	2.0106523e-11	-106.96663
623800	2.0113645e-11	-106.96509
623900	2.0120776e-11	-106.96355
624000	2.0127917e-11	-106.96201
624100	2.0135066e-11	-106.96047
624200	2.0142226e-11	-106.95893
624300	2.0149394e-11	-106.95738
624400	2.0156571e-11	-106.95583
624500	2.0163758e-11	-106.95429
624600	2.0170955e-11	-106.95274
624700	2.017816e-11	-106.95118
624800	2.0185375e-11	-106.94963
624900	2.01926e-11	-106.94808
625000	2.0199833e-11	-106.94652
625100	2.0207076e-11	-106.94497
625200	2.0214329e-11	-106.94341
625300	2.0221591e-11	-106.94185
625400	2.0228862e-11	-106.94029
625500	2.0236143e-11	-106.93872
625600	2.0243433e-11	-106.93716
625700	2.0250733e-11	-106.93559
625800	2.0258042e-11	-106.93403
625900	2.026536e-11	-106.93246
626000	2.0272688e-11	-106.93089
626100	2.0280026e-11	-106.92932
626200	2.0287373e-11	-106.92774
626300	2.0294729e-11	-106.92617
626400	2.0302095e-11	-106.92459
626500	2.0309471e-11	-106.92301
626600	2.0316856e-11	-106.92144
626700	2.0324251e-11	-106.91985
626800	2.0331655e-11	-106.91827
626900	2.0339069e-11	-106.91669
627000	2.0346492e-11	-106.9151
627100	2.0353925e-11	-106.91352
627200	2.0361368e-11	-106.91193
627300	2.036882e-11	-106.91034
627400	2.0376282e-11	-106.90875
627500	2.0383753e-11	-106.90716
627600	2.0391235e-11	-106.90556
627700	2.0398726e-11	-106.90397
627800	2.0406226e-11	-106.90237
627900	2.0413736e-11	-106.90077
628000	2.0421256e-11	-106.89918
628100	2.0428786e-11	-106.89757
628200	2.0436325e-11	-106.89597
628300	2.0443875e-11	-106.89437
628400	2.0451433e-11	-106.89276
628500	2.0459002e-11	-106.89116
628600	2.0466581e-11	-106.88955
628700	2.0474169e-11	-106.88794
628800	2.0481767e-11	-106.88633
628900	2.0489375e-11	-106.88471
629000	2.0496992e-11	-106.8831
629100	2.050462e-11	-106.88148
629200	2.0512257e-11	-106.87987
629300	2.0519904e-11	-106.87825
629400	2.0527561e-11	-106.87663
629500	2.0535228e-11	-106.875
629600	2.0542905e-11	-106.87338
629700	2.0550592e-11	-106.87176
629800	2.0558289e-11	-106.87013
629900	2.0565995e-11	-106.8685
630000	2.0573712e-11	-106.86687
630100	2.0581438e-11	-106.86524
630200	2.0589175e-11	-106.86361
630300	2.0596921e-11	-106.86198
630400	2.0604677e-11	-106.86034
630500	2.0612444e-11	-106.85871
630600	2.062022e-11	-106.85707
630700	2.0628007e-11	-106.85543
630800	2.0635803e-11	-106.85379
630900	2.064361e-11	-106.85214
631000	2.0651426e-11	-106.8505
631100	2.0659253e-11	-106.84885
631200	2.0667089e-11	-106.84721
631300	2.0674936e-11	-106.84556
631400	2.0682793e-11	-106.84391
631500	2.069066e-11	-106.84226
631600	2.0698537e-11	-106.8406
631700	2.0706425e-11	-106.83895
631800	2.0714322e-11	-106.83729
631900	2.072223e-11	-106.83564
632000	2.0730148e-11	-106.83398
632100	2.0738076e-11	-106.83232
632200	2.0746014e-11	-106.83065
632300	2.0753962e-11	-106.82899
632400	2.0761921e-11	-106.82732
632500	2.076989e-11	-106.82566
632600	2.0777869e-11	-106.82399
632700	2.0785859e-11	-106.82232
632800	2.0793858e-11	-106.82065
632900	2.0801868e-11	-106.81898
633000	2.0809889e-11	-106.8173
633100	2.0817919e-11	-106.81563
633200	2.082596e-11	-106.81395
633300	2.0834012e-11	-106.81227
633400	2.0842073e-11	-106.81059
633500	2.0850145e-11	-106.80891
633600	2.0858228e-11	-106.80723
633700	2.0866321e-11	-106.80554
633800	2.0874424e-11	-106.80386
633900	2.0882538e-11	-106.80217
634000	2.0890662e-11	-106.80048
634100	2.0898796e-11	-106.79879
634200	2.0906941e-11	-106.7971
634300	2.0915097e-11	-106.7954
634400	2.0923262e-11	-106.79371
634500	2.0931439e-11	-106.79201
634600	2.0939626e-11	-106.79031
634700	2.0947823e-11	-106.78861
634800	2.0956031e-11	-106.78691
634900	2.096425e-11	-106.78521
635000	2.0972479e-11	-106.7835
635100	2.0980719e-11	-106.7818
635200	2.0988969e-11	-106.78009
635300	2.099723e-11	-106.77838
635400	2.1005501e-11	-106.77667
635500	2.1013783e-11	-106.77496
635600	2.1022076e-11	-106.77324
635700	2.103038e-11	-106.77153
635800	2.1038694e-11	-106.76981
635900	2.1047018e-11	-106.76809
636000	2.1055354e-11	-106.76637
636100	2.10637e-11	-106.76465
636200	2.1072057e-11	-106.76293
636300	2.1080424e-11	-106.76121
636400	2.1088803e-11	-106.75948
636500	2.1097192e-11	-106.75775
636600	2.1105592e-11	-106.75602
636700	2.1114003e-11	-106.75429
636800	2.1122424e-11	-106.75256
636900	2.1130856e-11	-106.75083
637000	2.1139299e-11	-106.74909
637100	2.1147753e-11	-106.74736
637200	2.1156218e-11	-106.74562
637300	2.1164694e-11	-106.74388
637400	2.117318e-11	-106.74214
637500	2.1181678e-11	-106.7404
637600	2.1190186e-11	-106.73865
637700	2.1198705e-11	-106.73691
637800	2.1207236e-11	-106.73516
637900	2.1215777e-11	-106.73341
638000	2.1224329e-11	-106.73166
638100	2.1232892e-11	-106.72991
638200	2.1241466e-11	-106.72816
638300	2.1250051e-11	-106.7264
638400	2.1258647e-11	-106.72464
638500	2.1267254e-11	-106.72289
638600	2.1275873e-11	-106.72113
638700	2.1284502e-11	-106.71937
638800	2.1293142e-11	-106.7176
638900	2.1301794e-11	-106.71584
639000	2.1310456e-11	-106.71407
639100	2.131913e-11	-106.71231
639200	2.1327814e-11	-106.71054
639300	2.133651e-11	-106.70877
639400	2.1345217e-11	-106.70699
639500	2.1353936e-11	-106.70522
639600	2.1362665e-11	-106.70345
639700	2.1371406e-11	-106.70167
639800	2.1380157e-11	-106.69989
639900	2.1388921e-11	-106.69811
640000	2.1397695e-11	-106.69633
640100	2.140648e-11	-106.69455
640200	2.1415277e-11	-106.69276
640300	2.1424085e-11	-106.69098
640400	2.1432905e-11	-106.68919
640500	2.1441735e-11	-106.6874
640600	2.1450578e-11	-106.68561
640700	2.1459431e-11	-106.68382
640800	2.1468296e-11	-106.68202
640900	2.1477172e-11	-106.68023
641000	2.1486059e-11	-106.67843
641100	2.1494958e-11	-106.67663
641200	2.1503869e-11	-106.67483
641300	2.151279e-11	-106.67303
641400	2.1521724e-11	-106.67123
641500	2.1530668e-11	-106.66942
641600	2.1539624e-11	-106.66762
641700	2.1548592e-11	-106.66581
641800	2.1557571e-11	-106.664
641900	2.1566562e-11	-106.66219
642000	2.1575564e-11	-106.66038
642100	2.1584578e-11	-106.65856
642200	2.1593603e-11	-106.65675
642300	2.160264e-11	-106.65493
642400	2.1611688e-11	-106.65311
642500	2.1620748e-11	-106.65129
642600	2.162982e-11	-106.64947
642700	2.1638904e-11	-106.64765
642800	2.1647998e-11	-106.64582
642900	2.1657105e-11	-106.644
643000	2.1666223e-11	-106.64217
643100	2.1675354e-11	-106.64034
643200	2.1684495e-11	-106.63851
643300	2.1693649e-11	-106.63667
643400	2.1702814e-11	-106.63484
643500	2.1711991e-11	-106.633
643600	2.172118e-11	-106.63117
643700	2.173038e-11	-106.62933
643800	2.1739593e-11	-106.62749
643900	2.1748817e-11	-106.62564
644000	2.1758053e-11	-106.6238
644100	2.1767301e-11	-106.62195
644200	2.177656e-11	-106.62011
644300	2.1785832e-11	-106.61826
644400	2.1795115e-11	-106.61641
644500	2.1804411e-11	-106.61456
644600	2.1813718e-11	-106.6127
644700	2.1823037e-11	-106.61085
644800	2.1832369e-11	-106.60899
644900	2.1841712e-11	-106.60713
645000	2.1851067e-11	-106.60527
645100	2.1860434e-11	-106.60341
645200	2.1869814e-11	-106.60155
645300	2.1879205e-11	-106.59968
645400	2.1888608e-11	-106.59782
645500	2.1898023e-11	-106.59595
645600	2.1907451e-11	-106.59408
645700	2.1916891e-11	-106.59221
645800	2.1926342e-11	-106.59034
645900	2.1935806e-11	-106.58846
646000	2.1945282e-11	-106.58659
646100	2.195477e-11	-106.58471
646200	2.196427e-11	-106.58283
646300	2.1973783e-11	-106.58095
646400	2.1983308e-11	-106.57907
646500	2.1992845e-11	-106.57719
646600	2.2002394e-11	-106.5753
646700	2.2011955e-11	-106.57341
646800	2.2021529e-11	-106.57153
646900	2.2031115e-11	-106.56964
647000	2.2040713e-11	-106.56774
647100	2.2050324e-11	-106.56585
647200	2.2059947e-11	-106.56396
647300	2.2069582e-11	-106.56206
647400	2.207923e-11	-106.56016
647500	2.208889e-11	-106.55826
647600	2.2098563e-11	-106.55636
647700	2.2108247e-11	-106.55446
647800	2.2117945e-11	-106.55255
647900	2.2127655e-11	-106.55065
648000	2.2137377e-11	-106.54874
648100	2.2147112e-11	-106.54683
648200	2.2156859e-11	-106.54492
648300	2.2166619e-11	-106.54301
648400	2.2176391e-11	-106.54109
648500	2.2186176e-11	-106.53918
648600	2.2195974e-11	-106.53726
648700	2.2205784e-11	-106.53534
648800	2.2215606e-11	-106.53342
648900	2.2225442e-11	-106.5315
649000	2.223529e-11	-106.52957
649100	2.224515e-11	-106.52765
649200	2.2255023e-11	-106.52572
649300	2.2264909e-11	-106.52379
649400	2.2274808e-11	-106.52186
649500	2.2284719e-11	-106.51993
649600	2.2294644e-11	-106.51799
649700	2.230458e-11	-106.51606
649800	2.231453e-11	-106.51412
649900	2.2324492e-11	-106.51218
650000	2.2334468e-11	-106.51024
650100	2.2344456e-11	-106.5083
650200	2.2354457e-11	-106.50636
650300	2.2364471e-11	-106.50441
650400	2.2374497e-11	-106.50247
650500	2.2384537e-11	-106.50052
650600	2.2394589e-11	-106.49857
650700	2.2404655e-11	-106.49662
650800	2.2414733e-11	-106.49466
650900	2.2424824e-11	-106.49271
651000	2.2434929e-11	-106.49075
651100	2.2445046e-11	-106.4888
651200	2.2455176e-11	-106.48684
651300	2.246532e-11	-106.48487
651400	2.2475476e-11	-106.48291
651500	2.2485645e-11	-106.48095
651600	2.2495828e-11	-106.47898
651700	2.2506024e-11	-106.47701
651800	2.2516232e-11	-106.47504
651900	2.2526454e-11	-106.47307
652000	2.2536689e-11	-106.4711
652100	2.2546938e-11	-106.46912
652200	2.2557199e-11	-106.46715
652300	2.2567474e-11	-106.46517
652400	2.2577762e-11	-106.46319
652500	2.2588063e-11	-106.46121
652600	2.2598377e-11	-106.45923
652700	2.2608705e-11	-106.45724
652800	2.2619046e-11	-106.45526
652900	2.26294e-11	-106.45327
653000	2.2639768e-11	-106.45128
653100	2.2650149e-11	-106.44929
653200	2.2660543e-11	-106.4473
653300	2.2670951e-11	-106.4453
653400	2.2681372e-11	-106.44331
653500	2.2691807e-11	-106.44131
653600	2.2702255e-11	-106.43931
653700	2.2712717e-11	-106.43731
653800	2.2723192e-11	-106.43531
653900	2.273368e-11	-106.4333
654000	2.2744182e-11	-106.4313
654100	2.2754698e-11	-106.42929
654200	2.2765227e-11	-106.42728
654300	2.277577e-11	-106.42527
654400	2.2786326e-11	-106.42326
654500	2.2796896e-11	-106.42124
654600	2.280748e-11	-106.41923
654700	2.2818077e-11	-106.41721
654800	2.2828688e-11	-106.41519
654900	2.2839312e-11	-106.41317
655000	2.2849951e-11	-106.41115
655100	2.2860603e-11	-106.40912
655200	2.2871268e-11	-106.4071
655300	2.2881948e-11	-106.40507
655400	2.2892641e-11	-106.40304
655500	2.2903348e-11	-106.40101
655600	2.2914069e-11	-106.39898
655700	2.2924804e-11	-106.39694
655800	2.2935553e-11	-106.39491
655900	2.2946315e-11	-106.39287
656000	2.2957092e-11	-106.39083
656100	2.2967882e-11	-106.38879
656200	2.2978686e-11	-106.38675
656300	2.2989505e-11	-106.3847
656400	2.3000337e-11	-106.38266
656500	2.3011183e-11	-106.38061
656600	2.3022043e-11	-106.37856
656700	2.3032918e-11	-106.37651
656800	2.3043806e-11	-106.37446
656900	2.3054708e-11	-106.3724
657000	2.3065625e-11	-106.37035
657100	2.3076555e-11	-106.36829
657200	2.30875e-11	-106.36623
657300	2.3098459e-11	-106.36417
657400	2.3109432e-11	-106.36211
657500	2.3120419e-11	-106.36004
657600	2.3131421e-11	-106.35798
657700	2.3142437e-11	-106.35591
657800	2.3153466e-11	-106.35384
657900	2.3164511e-11	-106.35177
658000	2.3175569e-11	-106.3497
658100	2.3186642e-11	-106.34762
658200	2.3197729e-11	-106.34555
658300	2.3208831e-11	-106.34347
658400	2.3219947e-11	-106.34139
658500	2.3231077e-11	-106.33931
658600	2.3242221e-11	-106.33722
658700	2.3253381e-11	-106.33514
658800	2.3264554e-11	-106.33305
658900	2.3275742e-11	-106.33096
659000	2.3286945e-11	-106.32887
659100	2.3298162e-11	-106.32678
659200	2.3309393e-11	-106.32469
659300	2.3320639e-11	-106.3226
659400	2.33319e-11	-106.3205
659500	2.3343175e-11	-106.3184
659600	2.3354465e-11	-106.3163
659700	2.336577e-11	-106.3142
659800	2.3377089e-11	-106.3121
659900	2.3388423e-11	-106.30999
660000	2.3399772e-11	-106.30788
660100	2.3411135e-11	-106.30578
660200	2.3422513e-11	-106.30367
660300	2.3433906e-11	-106.30155
660400	2.3445313e-11	-106.29944
660500	2.3456736e-11	-106.29732
660600	2.3468173e-11	-106.29521
660700	2.3479625e-11	-106.29309
660800	2.3491092e-11	-106.29097
660900	2.3502574e-11	-106.28885
661000	2.351407e-11	-106.28672
661100	2.3525582e-11	-106.2846
661200	2.3537109e-11	-106.28247
661300	2.354865e-11	-106.28034
661400	2.3560207e-11	-106.27821
661500	2.3571778e-11	-106.27608
661600	2.3583365e-11	-106.27394
661700	2.3594966e-11	-106.27181
661800	2.3606583e-11	-106.26967
661900	2.3618215e-11	-106.26753
662000	2.3629862e-11	-106.26539
662100	2.3641524e-11	-106.26325
662200	2.3653201e-11	-106.2611
662300	2.3664894e-11	-106.25895
662400	2.3676601e-11	-106.25681
662500	2.3688324e-11	-106.25466
662600	2.3700062e-11	-106.25251
662700	2.3711816e-11	-106.25035
662800	2.3723585e-11	-106.2482
662900	2.3735369e-11	-106.24604
663000	2.3747168e-11	-106.24388
663100	2.3758983e-11	-106.24172
663200	2.3770813e-11	-106.23956
663300	2.3782658e-11	-106.2374
663400	2.3794519e-11	-106.23523
663500	2.3806396e-11	-106.23306
663600	2.3818287e-11	-106.23089
663700	2.3830195e-11	-106.22872
663800	2.3842118e-11	-106.22655
663900	2.3854056e-11	-106.22438
664000	2.386601e-11	-106.2222
664100	2.387798e-11	-106.22002
664200	2.3889965e-11	-106.21784
664300	2.3901966e-11	-106.21566
664400	2.3913982e-11	-106.21348
664500	2.3926014e-11	-106.2113
664600	2.3938062e-11	-106.20911
664700	2.3950125e-11	-106.20692
664800	2.3962205e-11	-106.20473
664900	2.39743e-11	-106.20254
665000	2.3986411e-11	-106.20035
665100	2.3998537e-11	-106.19815
665200	2.401068e-11	-106.19596
665300	2.4022838e-11	-106.19376
665400	2.4035012e-11	-106.19156
665500	2.4047202e-11	-106.18935
665600	2.4059408e-11	-106.18715
665700	2.407163e-11	-106.18494
665800	2.4083868e-11	-106.18274
665900	2.4096122e-11	-106.18053
666000	2.4108392e-11	-106.17832
666100	2.4120678e-11	-106.1761
666200	2.413298e-11	-106.17389
666300	2.4145298e-11	-106.17167
666400	2.4157633e-11	-106.16946
666500	2.4169983e-11	-106.16724
666600	2.418235e-11	-106.16502
666700	2.4194732e-11	-106.16279
666800	2.4207131e-11	-106.16057
666900	2.4219547e-11	-106.15834
667000	2.4231978e-11	-106.15611
667100	2.4244426e-11	-106.15388
667200	2.425689e-11	-106.15165
667300	2.426937e-11	-106.14941
667400	2.4281867e-11	-106.14718
667500	2.429438e-11	-106.14494
667600	2.4306909e-11	-106.1427
667700	2.4319455e-11	-106.14046
667800	2.4332017e-11	-106.13822
667900	2.4344596e-11	-106.13597
668000	2.4357191e-11	-106.13373
668100	2.4369803e-11	-106.13148
668200	2.4382432e-11	-106.12923
668300	2.4395077e-11	-106.12698
668400	2.4407738e-11	-106.12472
668500	2.4420416e-11	-106.12247
668600	2.4433111e-11	-106.12021
668700	2.4445822e-11	-106.11795
668800	2.445855e-11	-106.11569
668900	2.4471295e-11	-106.11343
669000	2.4484057e-11	-106.11117
669100	2.4496835e-11	-106.1089
669200	2.450963e-11	-106.10663
669300	2.4522442e-11	-106.10436
669400	2.4535271e-11	-106.10209
669500	2.4548117e-11	-106.09982
669600	2.4560979e-11	-106.09754
669700	2.4573859e-11	-106.09527
669800	2.4586755e-11	-106.09299
669900	2.4599668e-11	-106.09071
670000	2.4612599e-11	-106.08843
670100	2.4625546e-11	-106.08614
670200	2.463851e-11	-106.08386
670300	2.4651492e-11	-106.08157
670400	2.466449e-11	-106.07928
670500	2.4677506e-11	-106.07699
670600	2.4690539e-11	-106.07469
670700	2.4703589e-11	-106.0724
670800	2.4716656e-11	-106.0701
670900	2.472974e-11	-106.0678
671000	2.4742842e-11	-106.0655
671100	2.475596e-11	-106.0632
671200	2.4769097e-11	-106.0609
671300	2.478225e-11	-106.05859
671400	2.4795421e-11	-106.05629
671500	2.4808609e-11	-106.05398
671600	2.4821815e-11	-106.05166
671700	2.4835038e-11	-106.04935
671800	2.4848278e-11	-106.04704
671900	2.4861536e-11	-106.04472
672000	2.4874812e-11	-106.0424
672100	2.4888105e-11	-106.04008
672200	2.4901415e-11	-106.03776
672300	2.4914743e-11	-106.03544
672400	2.4928089e-11	-106.03311
672500	2.4941452e-11	-106.03078
672600	2.4954833e-11	-106.02845
672700	2.4968232e-11	-106.02612
672800	2.4981648e-11	-106.02379
672900	2.4995082e-11	-106.02145
673000	2.5008534e-11	-106.01912
673100	2.5022004e-11	-106.01678
673200	2.5035492e-11	-106.01444
673300	2.5048997e-11	-106.0121
673400	2.506252e-11	-106.00975
673500	2.5076061e-11	-106.00741
673600	2.5089621e-11	-106.00506
673700	2.5103198e-11	-106.00271
673800	2.5116793e-11	-106.00036
673900	2.5130406e-11	-105.99801
674000	2.5144037e-11	-105.99565
674100	2.5157686e-11	-105.99329
674200	2.5171353e-11	-105.99093
674300	2.5185038e-11	-105.98857
674400	2.5198742e-11	-105.98621
674500	2.5212464e-11	-105.98385
674600	2.5226203e-11	-105.98148
674700	2.5239962e-11	-105.97911
674800	2.5253738e-11	-105.97674
674900	2.5267533e-11	-105.97437
675000	2.5281346e-11	-105.972
675100	2.5295177e-11	-105.96962
675200	2.5309027e-11	-105.96725
675300	2.5322895e-11	-105.96487
675400	2.5336781e-11	-105.96249
675500	2.5350686e-11	-105.9601
675600	2.536461e-11	-105.95772
675700	2.5378551e-11	-105.95533
675800	2.5392512e-11	-105.95294
675900	2.5406491e-11	-105.95055
676000	2.5420489e-11	-105.94816
676100	2.5434505e-11	-105.94577
676200	2.544854e-11	-105.94337
676300	2.5462593e-11	-105.94097
676400	2.5476666e-11	-105.93857
676500	2.5490757e-11	-105.93617
676600	2.5504867e-11	-105.93377
676700	2.5518995e-11	-105.93136
676800	2.5533143e-11	-105.92896
676900	2.5547309e-11	-105.92655
677000	2.5561494e-11	-105.92414
677100	2.5575698e-11	-105.92173
677200	2.5589921e-11	-105.91931
677300	2.5604163e-11	-105.91689
677400	2.5618424e-11	-105.91448
677500	2.5632704e-11	-105.91206
677600	2.5647003e-11	-105.90963
677700	2.5661321e-11	-105.90721
677800	2.5675659e-11	-105.90478
677900	2.5690015e-11	-105.90236
678000	2.5704391e-11	-105.89993
678100	2.5718785e-11	-105.8975
678200	2.5733199e-11	-105.89506
678300	2.5747633e-11	-105.89263
678400	2.5762085e-11	-105.89019
678500	2.5776557e-11	-105.88775
678600	2.5791048e-11	-105.88531
678700	2.5805559e-11	-105.88287
678800	2.5820089e-11	-105.88042
678900	2.5834639e-11	-105.87798
679000	2.5849208e-11	-105.87553
679100	2.5863796e-11	-105.87308
679200	2.5878404e-11	-105.87063
679300	2.5893032e-11	-105.86817
679400	2.5907679e-11	-105.86571
679500	2.5922346e-11	-105.86326
679600	2.5937032e-11	-105.8608
679700	2.5951738e-11	-105.85834
679800	2.5966464e-11	-105.85587
679900	2.598121e-11	-105.85341
680000	2.5995975e-11	-105.85094
680100	2.601076e-11	-105.84847
680200	2.6025565e-11	-105.846
680300	2.604039e-11	-105.84353
680400	2.6055235e-11	-105.84105
680500	2.60701e-11	-105.83857
680600	2.6084985e-11	-105.83609
680700	2.6099889e-11	-105.83361
680800	2.6114814e-11	-105.83113
680900	2.6129759e-11	-105.82865
681000	2.6144724e-11	-105.82616
681100	2.6159709e-11	-105.82367
681200	2.6174714e-11	-105.82118
681300	2.6189739e-11	-105.81869
681400	2.6204785e-11	-105.81619
681500	2.6219851e-11	-105.8137
681600	2.6234937e-11	-105.8112
681700	2.6250043e-11	-105.8087
681800	2.626517e-11	-105.8062
681900	2.6280317e-11	-105.80369
682000	2.6295485e-11	-105.80119
682100	2.6310673e-11	-105.79868
682200	2.6325881e-11	-105.79617
682300	2.634111e-11	-105.79366
682400	2.6356359e-11	-105.79115
682500	2.6371629e-11	-105.78863
682600	2.638692e-11	-105.78611
682700	2.6402231e-11	-105.78359
682800	2.6417563e-11	-105.78107
682900	2.6432916e-11	-105.77855
683000	2.6448289e-11	-105.77602
683100	2.6463684e-11	-105.7735
683200	2.6479099e-11	-105.77097
683300	2.6494534e-11	-105.76844
683400	2.6509991e-11	-105.7659
683500	2.6525469e-11	-105.76337
683600	2.6540967e-11	-105.76083
683700	2.6556486e-11	-105.75829
683800	2.6572027e-11	-105.75575
683900	2.6587588e-11	-105.75321
684000	2.6603171e-11	-105.75067
684100	2.6618775e-11	-105.74812
684200	2.6634399e-11	-105.74557
684300	2.6650045e-11	-105.74302
684400	2.6665712e-11	-105.74047
684500	2.6681401e-11	-105.73791
684600	2.669711e-11	-105.73536
684700	2.6712841e-11	-105.7328
684800	2.6728594e-11	-105.73024
684900	2.6744367e-11	-105.72768
685000	2.6760162e-11	-105.72511
685100	2.6775979e-11	-105.72255
685200	2.6791817e-11	-105.71998
685300	2.6807676e-11	-105.71741
685400	2.6823557e-11	-105.71484
685500	2.683946e-11	-105.71226
685600	2.6855384e-11	-105.70969
685700	2.687133e-11	-105.70711
685800	2.6887297e-11	-105.70453
685900	2.6903286e-11	-105.70195
686000	2.6919297e-11	-105.69936
686100	2.693533e-11	-105.69678
686200	2.6951384e-11	-105.69419
686300	2.6967461e-11	-105.6916
686400	2.6983559e-11	-105.68901
686500	2.6999679e-11	-105.68641
686600	2.7015821e-11	-105.68382
686700	2.7031986e-11	-105.68122
686800	2.7048172e-11	-105.67862
686900	2.706438e-11	-105.67602
687000	2.708061e-11	-105.67342
687100	2.7096863e-11	-105.67081
687200	2.7113137e-11	-105.6682
687300	2.7129434e-11	-105.66559
687400	2.7145753e-11	-105.66298
687500	2.7162095e-11	-105.66037
687600	2.7178458e-11	-105.65775
687700	2.7194845e-11	-105.65513
687800	2.7211253e-11	-105.65251
687900	2.7227684e-11	-105.64989
688000	2.7244137e-11	-105.64727
688100	2.7260613e-11	-105.64464
688200	2.7277111e-11	-105.64202
688300	2.7293632e-11	-105.63939
688400	2.7310176e-11	-105.63676
688500	2.7326742e-11	-105.63412
688600	2.7343331e-11	-105.63149
688700	2.7359942e-11	-105.62885
688800	2.7376577e-11	-105.62621
688900	2.7393234e-11	-105.62357
689000	2.7409914e-11	-105.62092
689100	2.7426616e-11	-105.61828
689200	2.7443342e-11	-105.61563
689300	2.7460091e-11	-105.61298
689400	2.7476862e-11	-105.61033
689500	2.7493657e-11	-105.60767
689600	2.7510475e-11	-105.60502
689700	2.7527315e-11	-105.60236
689800	2.7544179e-11	-105.5997
689900	2.7561066e-11	-105.59704
690000	2.7577976e-11	-105.59438
690100	2.759491e-11	-105.59171
690200	2.7611867e-11	-105.58904
690300	2.7628847e-11	-105.58637
690400	2.764585e-11	-105.5837
690500	2.7662877e-11	-105.58103
690600	2.7679927e-11	-105.57835
690700	2.7697001e-11	-105.57567
690800	2.7714098e-11	-105.57299
690900	2.7731219e-11	-105.57031
691000	2.7748363e-11	-105.56763
691100	2.7765531e-11	-105.56494
691200	2.7782723e-11	-105.56225
691300	2.7799938e-11	-105.55956
691400	2.7817178e-11	-105.55687
691500	2.783444e-11	-105.55418
691600	2.7851727e-11	-105.55148
691700	2.7869038e-11	-105.54878
691800	2.7886372e-11	-105.54608
691900	2.7903731e-11	-105.54338
692000	2.7921113e-11	-105.54067
692100	2.7938519e-11	-105.53797
692200	2.795595e-11	-105.53526
692300	2.7973404e-11	-105.53255
692400	2.7990883e-11	-105.52983
692500	2.8008386e-11	-105.52712
692600	2.8025913e-11	-105.5244
692700	2.8043464e-11	-105.52168
692800	2.806104e-11	-105.51896
692900	2.807864e-11	-105.51624
693000	2.8096264e-11	-105.51351
693100	2.8113913e-11	-105.51079
693200	2.8131586e-11	-105.50806
693300	2.8149284e-11	-105.50533
693400	2.8167006e-11	-105.50259
693500	2.8184753e-11	-105.49986
693600	2.8202524e-11	-105.49712
693700	2.8220321e-11	-105.49438
693800	2.8238141e-11	-105.49164
693900	2.8255987e-11	-105.4889
694000	2.8273857e-11	-105.48615
694100	2.8291753e-11	-105.4834
694200	2.8309673e-11	-105.48065
694300	2.8327618e-11	-105.4779
694400	2.8345587e-11	-105.47515
694500	2.8363582e-11	-105.47239
694600	2.8381602e-11	-105.46963
694700	2.8399647e-11	-105.46687
694800	2.8417717e-11	-105.46411
694900	2.8435813e-11	-105.46134
695000	2.8453933e-11	-105.45858
695100	2.8472079e-11	-105.45581
695200	2.849025e-11	-105.45304
695300	2.8508446e-11	-105.45026
695400	2.8526668e-11	-105.44749
695500	2.8544915e-11	-105.44471
695600	2.8563188e-11	-105.44193
695700	2.8581486e-11	-105.43915
695800	2.859981e-11	-105.43637
695900	2.8618159e-11	-105.43358
696000	2.8636534e-11	-105.4308
696100	2.8654934e-11	-105.42801
696200	2.8673361e-11	-105.42521
696300	2.8691813e-11	-105.42242
696400	2.871029e-11	-105.41962
696500	2.8728794e-11	-105.41683
696600	2.8747324e-11	-105.41403
696700	2.8765879e-11	-105.41122
696800	2.8784461e-11	-105.40842
696900	2.8803068e-11	-105.40561
697000	2.8821702e-11	-105.4028
697100	2.8840361e-11	-105.39999
697200	2.8859047e-11	-105.39718
697300	2.8877759e-11	-105.39437
697400	2.8896497e-11	-105.39155
697500	2.8915262e-11	-105.38873
697600	2.8934053e-11	-105.38591
697700	2.895287e-11	-105.38308
697800	2.8971714e-11	-105.38026
697900	2.8990584e-11	-105.37743
698000	2.900948e-11	-105.3746
698100	2.9028404e-11	-105.37177
698200	2.9047353e-11	-105.36893
698300	2.906633e-11	-105.3661
698400	2.9085333e-11	-105.36326
698500	2.9104363e-11	-105.36042
698600	2.912342e-11	-105.35758
698700	2.9142503e-11	-105.35473
698800	2.9161613e-11	-105.35188
698900	2.9180751e-11	-105.34904
699000	2.9199915e-11	-105.34618
699100	2.9219106e-11	-105.34333
699200	2.9238325e-11	-105.34048
699300	2.925757e-11	-105.33762
699400	2.9276843e-11	-105.33476
699500	2.9296142e-11	-105.3319
699600	2.9315469e-11	-105.32903
699700	2.9334824e-11	-105.32617
699800	2.9354205e-11	-105.3233
699900	2.9373614e-11	-105.32043
700000	2.9393051e-11	-105.31755
700100	2.9412515e-11	-105.31468
700200	2.9432006e-11	-105.3118
700300	2.9451525e-11	-105.30892
700400	2.9471072e-11	-105.30604
700500	2.9490646e-11	-105.30316
700600	2.9510248e-11	-105.30027
700700	2.9529878e-11	-105.29738
700800	2.9549536e-11	-105.29449
700900	2.9569221e-11	-105.2916
701000	2.9588935e-11	-105.28871
701100	2.9608676e-11	-105.28581
701200	2.9628445e-11	-105.28291
701300	2.9648243e-11	-105.28001
701400	2.9668068e-11	-105.27711
701500	2.9687922e-11	-105.2742
701600	2.9707804e-11	-105.27129
701700	2.9727714e-11	-105.26838
701800	2.9747652e-11	-105.26547
701900	2.9767619e-11	-105.26256
702000	2.9787614e-11	-105.25964
702100	2.9807637e-11	-105.25672
702200	2.9827689e-11	-105.2538
702300	2.984777e-11	-105.25088
702400	2.9867879e-11	-105.24796
702500	2.9888017e-11	-105.24503
702600	2.9908184e-11	-105.2421
702700	2.9928379e-11	-105.23917
702800	2.9948603e-11	-105.23623
702900	2.9968856e-11	-105.2333
703000	2.9989137e-11	-105.23036
703100	3.0009448e-11	-105.22742
703200	3.0029788e-11	-105.22448
703300	3.0050157e-11	-105.22153
703400	3.0070554e-11	-105.21859
703500	3.0090981e-11	-105.21564
703600	3.0111437e-11	-105.21269
703700	3.0131923e-11	-105.20973
703800	3.0152438e-11	-105.20678
703900	3.0172982e-11	-105.20382
704000	3.0193555e-11	-105.20086
704100	3.0214158e-11	-105.1979
704200	3.023479e-11	-105.19493
704300	3.0255452e-11	-105.19196
704400	3.0276144e-11	-105.18899
704500	3.0296865e-11	-105.18602
704600	3.0317616e-11	-105.18305
704700	3.0338397e-11	-105.18007
704800	3.0359207e-11	-105.1771
704900	3.0380047e-11	-105.17412
705000	3.0400918e-11	-105.17113
705100	3.0421818e-11	-105.16815
705200	3.0442748e-11	-105.16516
705300	3.0463708e-11	-105.16217
705400	3.0484699e-11	-105.15918
705500	3.0505719e-11	-105.15619
705600	3.052677e-11	-105.15319
705700	3.0547851e-11	-105.15019
705800	3.0568963e-11	-105.14719
705900	3.0590105e-11	-105.14419
706000	3.0611277e-11	-105.14119
706100	3.063248e-11	-105.13818
706200	3.0653713e-11	-105.13517
706300	3.0674977e-11	-105.13216
706400	3.0696272e-11	-105.12914
706500	3.0717597e-11	-105.12613
706600	3.0738954e-11	-105.12311
706700	3.0760341e-11	-105.12009
706800	3.0781758e-11	-105.11707
706900	3.0803207e-11	-105.11404
707000	3.0824687e-11	-105.11101
707100	3.0846198e-11	-105.10798
707200	3.086774e-11	-105.10495
707300	3.0889313e-11	-105.10192
707400	3.0910917e-11	-105.09888
707500	3.0932553e-11	-105.09584
707600	3.095422e-11	-105.0928
707700	3.0975918e-11	-105.08976
707800	3.0997648e-11	-105.08671
707900	3.1019409e-11	-105.08366
708000	3.1041201e-11	-105.08061
708100	3.1063026e-11	-105.07756
708200	3.1084882e-11	-105.07451
708300	3.110677e-11	-105.07145
708400	3.1128689e-11	-105.06839
708500	3.115064e-11	-105.06533
708600	3.1172624e-11	-105.06227
708700	3.1194639e-11	-105.0592
708800	3.1216686e-11	-105.05613
708900	3.1238765e-11	-105.05306
709000	3.1260876e-11	-105.04999
709100	3.128302e-11	-105.04691
709200	3.1305196e-11	-105.04384
709300	3.1327404e-11	-105.04076
709400	3.1349644e-11	-105.03767
709500	3.1371917e-11	-105.03459
709600	3.1394222e-11	-105.0315
709700	3.141656e-11	-105.02841
709800	3.143893e-11	-105.02532
709900	3.1461333e-11	-105.02223
710000	3.1483769e-11	-105.01913
710100	3.1506237e-11	-105.01603
710200	3.1528738e-11	-105.01293
710300	3.1551272e-11	-105.00983
710400	3.1573839e-11	-105.00673
710500	3.1596439e-11	-105.00362
710600	3.1619072e-11	-105.00051
710700	3.1641738e-11	-104.9974
710800	3.1664438e-11	-104.99428
710900	3.168717e-11	-104.99117
711000	3.1709936e-11	-104.98805
711100	3.1732735e-11	-104.98492
711200	3.1755568e-11	-104.9818
711300	3.1778434e-11	-104.97868
711400	3.1801334e-11	-104.97555
711500	3.1824267e-11	-104.97242
711600	3.1847234e-11	-104.96928
711700	3.1870234e-11	-104.96615
711800	3.1893269e-11	-104.96301
711900	3.1916337e-11	-104.95987
712000	3.1939439e-11	-104.95673
712100	3.1962575e-11	-104.95358
712200	3.1985745e-11	-104.95044
712300	3.2008949e-11	-104.94729
712400	3.2032188e-11	-104.94413
712500	3.205546e-11	-104.94098
712600	3.2078767e-11	-104.93782
712700	3.2102108e-11	-104.93466
712800	3.2125484e-11	-104.9315
712900	3.2148894e-11	-104.92834
713000	3.2172338e-11	-104.92517
713100	3.2195817e-11	-104.92201
713200	3.2219331e-11	-104.91883
713300	3.2242879e-11	-104.91566
713400	3.2266462e-11	-104.91249
713500	3.2290081e-11	-104.90931
713600	3.2313733e-11	-104.90613
713700	3.2337421e-11	-104.90295
713800	3.2361144e-11	-104.89976
713900	3.2384902e-11	-104.89657
714000	3.2408696e-11	-104.89338
714100	3.2432524e-11	-104.89019
714200	3.2456388e-11	-104.887
714300	3.2480287e-11	-104.8838
714400	3.2504221e-11	-104.8806
714500	3.2528191e-11	-104.8774
714600	3.2552197e-11	-104.8742
714700	3.2576238e-11	-104.87099
714800	3.2600314e-11	-104.86778
714900	3.2624427e-11	-104.86457
715000	3.2648575e-11	-104.86136
715100	3.2672759e-11	-104.85814
715200	3.269698e-11	-104.85492
715300	3.2721236e-11	-104.8517
715400	3.2745528e-11	-104.84848
715500	3.2769856e-11	-104.84525
715600	3.2794221e-11	-104.84203
715700	3.2818622e-11	-104.8388
715800	3.2843059e-11	-104.83556
715900	3.2867533e-11	-104.83233
716000	3.2892043e-11	-104.82909
716100	3.2916589e-11	-104.82585
716200	3.2941173e-11	-104.82261
716300	3.2965792e-11	-104.81936
716400	3.2990449e-11	-104.81612
716500	3.3015143e-11	-104.81287
716600	3.3039873e-11	-104.80962
716700	3.306464e-11	-104.80636
716800	3.3089445e-11	-104.80311
716900	3.3114286e-11	-104.79985
717000	3.3139165e-11	-104.79658
717100	3.316408e-11	-104.79332
717200	3.3189033e-11	-104.79005
717300	3.3214024e-11	-104.78679
717400	3.3239052e-11	-104.78351
717500	3.3264117e-11	-104.78024
717600	3.328922e-11	-104.77696
717700	3.3314361e-11	-104.77369
717800	3.3339539e-11	-104.7704
717900	3.3364755e-11	-104.76712
718000	3.3390009e-11	-104.76383
718100	3.3415301e-11	-104.76055
718200	3.3440631e-11	-104.75726
718300	3.3465999e-11	-104.75396
718400	3.3491405e-11	-104.75067
718500	3.351685e-11	-104.74737
718600	3.3542332e-11	-104.74407
718700	3.3567853e-11	-104.74076
718800	3.3593413e-11	-104.73746
718900	3.3619011e-11	-104.73415
719000	3.3644647e-11	-104.73084
719100	3.3670322e-11	-104.72753
719200	3.3696036e-11	-104.72421
719300	3.3721789e-11	-104.72089
719400	3.374758e-11	-104.71757
719500	3.3773411e-11	-104.71425
719600	3.379928e-11	-104.71093
719700	3.3825189e-11	-104.7076
719800	3.3851137e-11	-104.70427
719900	3.3877123e-11	-104.70093
720000	3.390315e-11	-104.6976
720100	3.3929215e-11	-104.69426
720200	3.395532e-11	-104.69092
720300	3.3981465e-11	-104.68758
720400	3.4007649e-11	-104.68423
720500	3.4033873e-11	-104.68089
720600	3.4060137e-11	-104.67754
720700	3.408644e-11	-104.67418
720800	3.4112784e-11	-104.67083
720900	3.4139167e-11	-104.66747
721000	3.416559e-11	-104.66411
721100	3.4192054e-11	-104.66075
721200	3.4218558e-11	-104.65738
721300	3.4245102e-11	-104.65402
721400	3.4271686e-11	-104.65065
721500	3.4298311e-11	-104.64727
721600	3.4324976e-11	-104.6439
721700	3.4351682e-11	-104.64052
721800	3.4378429e-11	-104.63714
721900	3.4405216e-11	-104.63376
722000	3.4432044e-11	-104.63037
722100	3.4458913e-11	-104.62698
722200	3.4485823e-11	-104.62359
722300	3.4512775e-11	-104.6202
722400	3.4539767e-11	-104.61681
722500	3.45668e-11	-104.61341
722600	3.4593875e-11	-104.61001
722700	3.4620991e-11	-104.60661
722800	3.4648149e-11	-104.6032
722900	3.4675348e-11	-104.59979
723000	3.4702589e-11	-104.59638
723100	3.4729871e-11	-104.59297
723200	3.4757195e-11	-104.58955
723300	3.4784561e-11	-104.58613
723400	3.4811969e-11	-104.58271
723500	3.4839419e-11	-104.57929
723600	3.4866911e-11	-104.57587
723700	3.4894446e-11	-104.57244
723800	3.4922022e-11	-104.56901
723900	3.4949641e-11	-104.56557
724000	3.4977302e-11	-104.56214
724100	3.5005006e-11	-104.5587
724200	3.5032752e-11	-104.55526
724300	3.5060541e-11	-104.55181
724400	3.5088373e-11	-104.54837
724500	3.5116247e-11	-104.54492
724600	3.5144165e-11	-104.54147
724700	3.5172125e-11	-104.53801
724800	3.5200129e-11	-104.53456
724900	3.5228176e-11	-104.5311
725000	3.5256266e-11	-104.52764
725100	3.5284399e-11	-104.52417
725200	3.5312575e-11	-104.52071
725300	3.5340796e-11	-104.51724
725400	3.5369059e-11	-104.51376
725500	3.5397367e-11	-104.51029
725600	3.5425718e-11	-104.50681
725700	3.5454113e-11	-104.50333
725800	3.5482552e-11	-104.49985
725900	3.5511035e-11	-104.49637
726000	3.5539562e-11	-104.49288
726100	3.5568133e-11	-104.48939
726200	3.5596748e-11	-104.4859
726300	3.5625408e-11	-104.4824
726400	3.5654112e-11	-104.4789
726500	3.5682861e-11	-104.4754
726600	3.5711654e-11	-104.4719
726700	3.5740492e-11	-104.46839
726800	3.5769375e-11	-104.46489
726900	3.5798303e-11	-104.46138
727000	3.5827275e-11	-104.45786
727100	3.5856293e-11	-104.45435
727200	3.5885356e-11	-104.45083
727300	3.5914464e-11	-104.44731
727400	3.5943617e-11	-104.44378
727500	3.5972816e-11	-104.44026
727600	3.600206e-11	-104.43673
727700	3.603135e-11	-104.43319
727800	3.6060685e-11	-104.42966
727900	3.6090066e-11	-104.42612
728000	3.6119493e-11	-104.42258
728100	3.6148966e-11	-104.41904
728200	3.6178485e-11	-104.4155
728300	3.620805e-11	-104.41195
728400	3.6237661e-11	-104.4084
728500	3.6267319e-11	-104.40485
728600	3.6297023e-11	-104.40129
728700	3.6326773e-11	-104.39773
728800	3.635657e-11	-104.39417
728900	3.6386414e-11	-104.39061
729000	3.6416304e-11	-104.38704
729100	3.6446242e-11	-104.38347
729200	3.6476226e-11	-104.3799
729300	3.6506257e-11	-104.37633
729400	3.6536335e-11	-104.37275
729500	3.6566461e-11	-104.36917
729600	3.6596634e-11	-104.36559
729700	3.6626854e-11	-104.362
729800	3.6657122e-11	-104.35842
729900	3.6687437e-11	-104.35483
730000	3.67178e-11	-104.35123
730100	3.6748211e-11	-104.34764
730200	3.677867e-11	-104.34404
730300	3.6809176e-11	-104.34044
730400	3.6839731e-11	-104.33684
730500	3.6870334e-11	-104.33323
730600	3.6900985e-11	-104.32962
730700	3.6931685e-11	-104.32601
730800	3.6962432e-11	-104.32239
730900	3.6993229e-11	-104.31878
731000	3.7024074e-11	-104.31516
731100	3.7054968e-11	-104.31154
731200	3.7085911e-11	-104.30791
731300	3.7116902e-11	-104.30428
731400	3.7147943e-11	-104.30065
731500	3.7179032e-11	-104.29702
731600	3.7210171e-11	-104.29338
731700	3.724136e-11	-104.28974
731800	3.7272597e-11	-104.2861
731900	3.7303885e-11	-104.28246
732000	3.7335222e-11	-104.27881
732100	3.7366608e-11	-104.27516
732200	3.7398045e-11	-104.27151
732300	3.7429531e-11	-104.26786
732400	3.7461067e-11	-104.2642
732500	3.7492654e-11	-104.26054
732600	3.752429e-11	-104.25688
732700	3.7555977e-11	-104.25321
732800	3.7587715e-11	-104.24954
732900	3.7619503e-11	-104.24587
733000	3.7651341e-11	-104.2422
733100	3.768323e-11	-104.23852
733200	3.7715171e-11	-104.23484
733300	3.7747162e-11	-104.23116
733400	3.7779204e-11	-104.22747
733500	3.7811297e-11	-104.22378
733600	3.7843441e-11	-104.22009
733700	3.7875637e-11	-104.2164
733800	3.7907884e-11	-104.2127
733900	3.7940183e-11	-104.20901
734000	3.7972533e-11	-104.2053
734100	3.8004936e-11	-104.2016
734200	3.803739e-11	-104.19789
734300	3.8069896e-11	-104.19418
734400	3.8102454e-11	-104.19047
734500	3.8135064e-11	-104.18676
734600	3.8167727e-11	-104.18304
734700	3.8200442e-11	-104.17932
734800	3.8233209e-11	-104.17559
734900	3.8266029e-11	-104.17187
735000	3.8298902e-11	-104.16814
735100	3.8331827e-11	-104.1644
735200	3.8364806e-11	-104.16067
735300	3.8397837e-11	-104.15693
735400	3.8430922e-11	-104.15319
735500	3.846406e-11	-104.14945
735600	3.8497251e-11	-104.1457
735700	3.8530496e-11	-104.14195
735800	3.8563794e-11	-104.1382
735900	3.8597146e-11	-104.13445
736000	3.8630552e-11	-104.13069
736100	3.8664011e-11	-104.12693
736200	3.8697525e-11	-104.12317
736300	3.8731093e-11	-104.1194
736400	3.8764715e-11	-104.11563
736500	3.8798391e-11	-104.11186
736600	3.8832122e-11	-104.10809
736700	3.8865908e-11	-104.10431
736800	3.8899748e-11	-104.10053
736900	3.8933643e-11	-104.09675
737000	3.8967592e-11	-104.09296
737100	3.9001597e-11	-104.08918
737200	3.9035657e-11	-104.08539
737300	3.9069772e-11	-104.08159
737400	3.9103943e-11	-104.07779
737500	3.9138169e-11	-104.07399
737600	3.917245e-11	-104.07019
737700	3.9206788e-11	-104.06639
737800	3.9241181e-11	-104.06258
737900	3.927563e-11	-104.05877
738000	3.9310135e-11	-104.05495
738100	3.9344696e-11	-104.05114
738200	3.9379313e-11	-104.04732
738300	3.9413987e-11	-104.0435
738400	3.9448718e-11	-104.03967
738500	3.9483505e-11	-104.03584
738600	3.9518348e-11	-104.03201
738700	3.9553249e-11	-104.02818
738800	3.9588207e-11	-104.02434
738900	3.9623221e-11	-104.0205
739000	3.9658293e-11	-104.01666
739100	3.9693422e-11	-104.01281
739200	3.9728609e-11	-104.00897
739300	3.9763853e-11	-104.00512
739400	3.9799155e-11	-104.00126
739500	3.9834515e-11	-103.9974
739600	3.9869932e-11	-103.99355
739700	3.9905408e-11	-103.98968
739800	3.9940942e-11	-103.98582
739900	3.9976534e-11	-103.98195
740000	4.0012185e-11	-103.97808
740100	4.0047894e-11	-103.9742
740200	4.0083662e-11	-103.97033
740300	4.0119488e-11	-103.96645
740400	4.0155373e-11	-103.96256
740500	4.0191318e-11	-103.95868
740600	4.0227321e-11	-103.95479
740700	4.0263384e-11	-103.9509
740800	4.0299507e-11	-103.947
740900	4.0335688e-11	-103.94311
741000	4.037193e-11	-103.9392
741100	4.0408231e-11	-103.9353
741200	4.0444592e-11	-103.9314
741300	4.0481013e-11	-103.92749
741400	4.0517494e-11	-103.92357
741500	4.0554036e-11	-103.91966
741600	4.0590638e-11	-103.91574
741700	4.06273e-11	-103.91182
741800	4.0664023e-11	-103.9079
741900	4.0700807e-11	-103.90397
742000	4.0737652e-11	-103.90004
742100	4.0774558e-11	-103.89611
742200	4.0811525e-11	-103.89217
742300	4.0848553e-11	-103.88823
742400	4.0885642e-11	-103.88429
742500	4.0922794e-11	-103.88035
742600	4.0960006e-11	-103.8764
742700	4.0997281e-11	-103.87245
742800	4.1034618e-11	-103.8685
742900	4.1072016e-11	-103.86454
743000	4.1109477e-11	-103.86058
743100	4.1147001e-11	-103.85662
743200	4.1184586e-11	-103.85265
743300	4.1222235e-11	-103.84868
743400	4.1259946e-11	-103.84471
743500	4.129772e-11	-103.84074
743600	4.1335556e-11	-103.83676
743700	4.1373456e-11	-103.83278
743800	4.141142e-11	-103.8288
743900	4.1449446e-11	-103.82481
744000	4.1487537e-11	-103.82082
744100	4.152569e-11	-103.81683
744200	4.1563908e-11	-103.81284
744300	4.160219e-11	-103.80884
744400	4.1640535e-11	-103.80484
744500	4.1678945e-11	-103.80083
744600	4.1717419e-11	-103.79683
744700	4.1755958e-11	-103.79282
744800	4.1794562e-11	-103.7888
744900	4.183323e-11	-103.78479
745000	4.1871963e-11	-103.78077
745100	4.1910761e-11	-103.77674
745200	4.1949624e-11	-103.77272
745300	4.1988552e-11	-103.76869
745400	4.2027546e-11	-103.76466
745500	4.2066606e-11	-103.76063
745600	4.2105731e-11	-103.75659
745700	4.2144922e-11	-103.75255
745800	4.218418e-11	-103.7485
745900	4.2223503e-11	-103.74446
746000	4.2262893e-11	-103.74041
746100	4.2302349e-11	-103.73636
746200	4.2341871e-11	-103.7323
746300	4.2381461e-11	-103.72824
746400	4.2421117e-11	-103.72418
746500	4.2460841e-11	-103.72011
746600	4.2500631e-11	-103.71605
746700	4.2540489e-11	-103.71198
746800	4.2580414e-11	-103.7079
746900	4.2620407e-11	-103.70382
747000	4.2660467e-11	-103.69974
747100	4.2700596e-11	-103.69566
747200	4.2740792e-11	-103.69157
747300	4.2781057e-11	-103.68748
747400	4.282139e-11	-103.68339
747500	4.2861791e-11	-103.6793
747600	4.2902262e-11	-103.6752
747700	4.29428e-11	-103.6711
747800	4.2983408e-11	-103.66699
747900	4.3024085e-11	-103.66288
748000	4.3064831e-11	-103.65877
748100	4.3105647e-11	-103.65466
748200	4.3146532e-11	-103.65054
748300	4.3187486e-11	-103.64642
748400	4.3228511e-11	-103.6423
748500	4.3269605e-11	-103.63817
748600	4.331077e-11	-103.63404
748700	4.3352005e-11	-103.62991
748800	4.339331e-11	-103.62577
748900	4.3434686e-11	-103.62163
749000	4.3476132e-11	-103.61749
749100	4.351765e-11	-103.61335
749200	4.3559238e-11	-103.6092
749300	4.3600898e-11	-103.60505
749400	4.3642629e-11	-103.60089
749500	4.3684432e-11	-103.59673
749600	4.3726306e-11	-103.59257
749700	4.3768252e-11	-103.58841
749800	4.381027e-11	-103.58424
749900	4.3852361e-11	-103.58007
750000	4.3894523e-11	-103.5759
750100	4.3936758e-11	-103.57172
750200	4.3979066e-11	-103.56754
750300	4.4021446e-11	-103.56336
750400	4.40639e-11	-103.55917
750500	4.4106426e-11	-103.55498
750600	4.4149026e-11	-103.55079
750700	4.4191699e-11	-103.54659
750800	4.4234446e-11	-103.54239
750900	4.4277266e-11	-103.53819
751000	4.432016e-11	-103.53399
751100	4.4363129e-11	-103.52978
751200	4.4406172e-11	-103.52557
751300	4.4449289e-11	-103.52135
751400	4.449248e-11	-103.51713
751500	4.4535746e-11	-103.51291
751600	4.4579088e-11	-103.50869
751700	4.4622504e-11	-103.50446
751800	4.4665995e-11	-103.50023
751900	4.4709562e-11	-103.496
752000	4.4753205e-11	-103.49176
752100	4.4796923e-11	-103.48752
752200	4.4840717e-11	-103.48327
752300	4.4884587e-11	-103.47903
752400	4.4928533e-11	-103.47478
752500	4.4972556e-11	-103.47052
752600	4.5016655e-11	-103.46627
752700	4.5060831e-11	-103.46201
752800	4.5105084e-11	-103.45775
752900	4.5149414e-11	-103.45348
753000	4.5193821e-11	-103.44921
753100	4.5238306e-11	-103.44494
753200	4.5282868e-11	-103.44066
753300	4.5327508e-11	-103.43638
753400	4.5372226e-11	-103.4321
753500	4.5417022e-11	-103.42781
753600	4.5461897e-11	-103.42352
753700	4.5506849e-11	-103.41923
753800	4.5551881e-11	-103.41494
753900	4.5596991e-11	-103.41064
754000	4.564218e-11	-103.40634
754100	4.5687449e-11	-103.40203
754200	4.5732796e-11	-103.39772
754300	4.5778224e-11	-103.39341
754400	4.5823731e-11	-103.3891
754500	4.5869317e-11	-103.38478
754600	4.5914984e-11	-103.38046
754700	4.5960731e-11	-103.37613
754800	4.6006559e-11	-103.3718
754900	4.6052467e-11	-103.36747
755000	4.6098456e-11	-103.36314
755100	4.6144526e-11	-103.3588
755200	4.6190677e-11	-103.35446
755300	4.6236909e-11	-103.35011
755400	4.6283223e-11	-103.34576
755500	4.6329618e-11	-103.34141
755600	4.6376096e-11	-103.33706
755700	4.6422655e-11	-103.3327
755800	4.6469297e-11	-103.32834
755900	4.6516021e-11	-103.32397
756000	4.6562828e-11	-103.31961
756100	4.6609717e-11	-103.31524
756200	4.665669e-11	-103.31086
756300	4.6703745e-11	-103.30648
756400	4.6750884e-11	-103.3021
756500	4.6798107e-11	-103.29772
756600	4.6845413e-11	-103.29333
756700	4.6892804e-11	-103.28894
756800	4.6940278e-11	-103.28454
756900	4.6987837e-11	-103.28015
757000	4.703548e-11	-103.27574
757100	4.7083208e-11	-103.27134
757200	4.7131021e-11	-103.26693
757300	4.7178919e-11	-103.26252
757400	4.7226902e-11	-103.25811
757500	4.727497e-11	-103.25369
757600	4.7323125e-11	-103.24927
757700	4.7371365e-11	-103.24484
757800	4.7419691e-11	-103.24041
757900	4.7468104e-11	-103.23598
758000	4.7516602e-11	-103.23155
758100	4.7565188e-11	-103.22711
758200	4.761386e-11	-103.22267
758300	4.766262e-11	-103.21822
758400	4.7711467e-11	-103.21377
758500	4.7760401e-11	-103.20932
758600	4.7809423e-11	-103.20487
758700	4.7858532e-11	-103.20041
758800	4.790773e-11	-103.19594
758900	4.7957016e-11	-103.19148
759000	4.800639e-11	-103.18701
759100	4.8055853e-11	-103.18254
759200	4.8105405e-11	-103.17806
759300	4.8155046e-11	-103.17358
759400	4.8204776e-11	-103.1691
759500	4.8254596e-11	-103.16461
759600	4.8304506e-11	-103.16012
759700	4.8354505e-11	-103.15563
759800	4.8404594e-11	-103.15113
759900	4.8454774e-11	-103.14663
760000	4.8505044e-11	-103.14213
760100	4.8555405e-11	-103.13762
760200	4.8605857e-11	-103.13311
760300	4.86564e-11	-103.1286
760400	4.8707034e-11	-103.12408
760500	4.875776e-11	-103.11956
760600	4.8808577e-11	-103.11504
760700	4.8859487e-11	-103.11051
760800	4.8910489e-11	-103.10598
760900	4.8961583e-11	-103.10145
761000	4.901277e-11	-103.09691
761100	4.906405e-11	-103.09237
761200	4.9115422e-11	-103.08782
761300	4.9166888e-11	-103.08327
761400	4.9218448e-11	-103.07872
761500	4.9270101e-11	-103.07417
761600	4.9321848e-11	-103.06961
761700	4.9373689e-11	-103.06504
761800	4.9425625e-11	-103.06048
761900	4.9477655e-11	-103.05591
762000	4.952978e-11	-103.05134
762100	4.9582e-11	-103.04676
762200	4.9634316e-11	-103.04218
762300	4.9686726e-11	-103.0376
762400	4.9739233e-11	-103.03301
762500	4.9791835e-11	-103.02842
762600	4.9844534e-11	-103.02382
762700	4.9897329e-11	-103.01923
762800	4.995022e-11	-103.01463
762900	5.0003208e-11	-103.01002
763000	5.0056294e-11	-103.00541
763100	5.0109476e-11	-103.0008
763200	5.0162756e-11	-102.99619
763300	5.0216134e-11	-102.99157
763400	5.026961e-11	-102.98694
763500	5.0323184e-11	-102.98232
763600	5.0376856e-11	-102.97769
763700	5.0430627e-11	-102.97306
763800	5.0484497e-11	-102.96842
763900	5.0538466e-11	-102.96378
764000	5.0592535e-11	-102.95914
764100	5.0646703e-11	-102.95449
764200	5.070097e-11	-102.94984
764300	5.0755338e-11	-102.94518
764400	5.0809806e-11	-102.94052
764500	5.0864375e-11	-102.93586
764600	5.0919044e-11	-102.9312
764700	5.0973815e-11	-102.92653
764800	5.1028686e-11	-102.92186
764900	5.108366e-11	-102.91718
765000	5.1138735e-11	-102.9125
765100	5.1193911e-11	-102.90782
765200	5.124919e-11	-102.90313
765300	5.1304572e-11	-102.89844
765400	5.1360056e-11	-102.89375
765500	5.1415643e-11	-102.88905
765600	5.1471334e-11	-102.88435
765700	5.1527127e-11	-102.87964
765800	5.1583025e-11	-102.87493
765900	5.1639026e-11	-102.87022
766000	5.1695132e-11	-102.8655
766100	5.1751342e-11	-102.86078
766200	5.1807656e-11	-102.85606
766300	5.1864076e-11	-102.85133
766400	5.19206e-11	-102.8466
766500	5.1977231e-11	-102.84187
766600	5.2033966e-11	-102.83713
766700	5.2090808e-11	-102.83239
766800	5.2147756e-11	-102.82764
766900	5.220481e-11	-102.82289
767000	5.2261971e-11	-102.81814
767100	5.2319239e-11	-102.81339
767200	5.2376614e-11	-102.80863
767300	5.2434097e-11	-102.80386
767400	5.2491687e-11	-102.79909
767500	5.2549385e-11	-102.79432
767600	5.2607192e-11	-102.78955
767700	5.2665107e-11	-102.78477
767800	5.2723131e-11	-102.77999
767900	5.2781263e-11	-102.7752
768000	5.2839505e-11	-102.77041
768100	5.2897857e-11	-102.76562
768200	5.2956318e-11	-102.76082
768300	5.301489e-11	-102.75602
768400	5.3073572e-11	-102.75122
768500	5.3132364e-11	-102.74641
768600	5.3191267e-11	-102.7416
768700	5.3250282e-11	-102.73678
768800	5.3309407e-11	-102.73196
768900	5.3368645e-11	-102.72714
769000	5.3427994e-11	-102.72231
769100	5.3487456e-11	-102.71748
769200	5.354703e-11	-102.71265
769300	5.3606717e-11	-102.70781
769400	5.3666517e-11	-102.70297
769500	5.372643e-11	-102.69812
769600	5.3786457e-11	-102.69327
769700	5.3846598e-11	-102.68842
769800	5.3906853e-11	-102.68356
769900	5.3967222e-11	-102.6787
770000	5.4027706e-11	-102.67383
770100	5.4088305e-11	-102.66897
770200	5.4149019e-11	-102.66409
770300	5.4209849e-11	-102.65922
770400	5.4270794e-11	-102.65434
770500	5.4331856e-11	-102.64945
770600	5.4393034e-11	-102.64457
770700	5.4454329e-11	-102.63968
770800	5.451574e-11	-102.63478
770900	5.4577269e-11	-102.62988
771000	5.4638916e-11	-102.62498
771100	5.470068e-11	-102.62007
771200	5.4762562e-11	-102.61516
771300	5.4824563e-11	-102.61025
771400	5.4886682e-11	-102.60533
771500	5.4948921e-11	-102.60041
771600	5.5011278e-11	-102.59548
771700	5.5073756e-11	-102.59055
771800	5.5136353e-11	-102.58562
771900	5.519907e-11	-102.58068
772000	5.5261908e-11	-102.57574
772100	5.5324866e-11	-102.5708
772200	5.5387946e-11	-102.56585
772300	5.5451147e-11	-102.56089
772400	5.5514469e-11	-102.55594
772500	5.5577914e-11	-102.55098
772600	5.564148e-11	-102.54601
772700	5.5705169e-11	-102.54105
772800	5.5768982e-11	-102.53607
772900	5.5832917e-11	-102.5311
773000	5.5896975e-11	-102.52612
773100	5.5961158e-11	-102.52113
773200	5.6025464e-11	-102.51615
773300	5.6089895e-11	-102.51115
773400	5.6154451e-11	-102.50616
773500	5.6219132e-11	-102.50116
773600	5.6283937e-11	-102.49616
773700	5.6348869e-11	-102.49115
773800	5.6413926e-11	-102.48614
773900	5.647911e-11	-102.48112
774000	5.654442e-11	-102.4761
774100	5.6609857e-11	-102.47108
774200	5.6675422e-11	-102.46605
774300	5.6741114e-11	-102.46102
774400	5.6806933e-11	-102.45599
774500	5.6872881e-11	-102.45095
774600	5.6938957e-11	-102.4459
774700	5.7005162e-11	-102.44086
774800	5.7071497e-11	-102.43581
774900	5.713796e-11	-102.43075
775000	5.7204554e-11	-102.42569
775100	5.7271277e-11	-102.42063
775200	5.7338131e-11	-102.41556
775300	5.7405115e-11	-102.41049
775400	5.7472231e-11	-102.40542
775500	5.7539478e-11	-102.40034
775600	5.7606857e-11	-102.39526
775700	5.7674368e-11	-102.39017
775800	5.7742011e-11	-102.38508
775900	5.7809787e-11	-102.37999
776000	5.7877696e-11	-102.37489
776100	5.7945738e-11	-102.36979
776200	5.8013914e-11	-102.36468
776300	5.8082224e-11	-102.35957
776400	5.8150669e-11	-102.35445
776500	5.8219248e-11	-102.34933
776600	5.8287963e-11	-102.34421
776700	5.8356812e-11	-102.33908
776800	5.8425798e-11	-102.33395
776900	5.849492e-11	-102.32882
777000	5.8564178e-11	-102.32368
777100	5.8633573e-11	-102.31854
777200	5.8703105e-11	-102.31339
777300	5.8772774e-11	-102.30824
777400	5.8842582e-11	-102.30308
777500	5.8912527e-11	-102.29792
777600	5.8982611e-11	-102.29276
777700	5.9052834e-11	-102.28759
777800	5.9123197e-11	-102.28242
777900	5.9193699e-11	-102.27725
778000	5.926434e-11	-102.27207
778100	5.9335123e-11	-102.26688
778200	5.9406046e-11	-102.26169
778300	5.9477109e-11	-102.2565
778400	5.9548315e-11	-102.25131
778500	5.9619662e-11	-102.2461
778600	5.9691151e-11	-102.2409
778700	5.9762782e-11	-102.23569
778800	5.9834557e-11	-102.23048
778900	5.9906475e-11	-102.22526
779000	5.9978536e-11	-102.22004
779100	6.0050741e-11	-102.21482
779200	6.0123091e-11	-102.20959
779300	6.0195585e-11	-102.20435
779400	6.0268224e-11	-102.19912
779500	6.0341009e-11	-102.19387
779600	6.0413939e-11	-102.18863
779700	6.0487016e-11	-102.18338
779800	6.0560239e-11	-102.17812
779900	6.0633609e-11	-102.17287
780000	6.0707127e-11	-102.1676
780100	6.0780792e-11	-102.16234
780200	6.0854605e-11	-102.15707
780300	6.0928567e-11	-102.15179
780400	6.1002677e-11	-102.14651
780500	6.1076937e-11	-102.14123
780600	6.1151347e-11	-102.13594
780700	6.1225906e-11	-102.13065
780800	6.1300616e-11	-102.12535
780900	6.1375476e-11	-102.12005
781000	6.1450488e-11	-102.11475
781100	6.1525651e-11	-102.10944
781200	6.1600966e-11	-102.10412
781300	6.1676434e-11	-102.09881
781400	6.1752054e-11	-102.09349
781500	6.1827827e-11	-102.08816
781600	6.1903754e-11	-102.08283
781700	6.1979835e-11	-102.0775
781800	6.205607e-11	-102.07216
781900	6.213246e-11	-102.06681
782000	6.2209005e-11	-102.06147
782100	6.2285706e-11	-102.05612
782200	6.2362562e-11	-102.05076
782300	6.2439575e-11	-102.0454
782400	6.2516745e-11	-102.04004
782500	6.2594072e-11	-102.03467
782600	6.2671556e-11	-102.0293
782700	6.2749199e-11	-102.02392
782800	6.2826999e-11	-102.01854
782900	6.2904959e-11	-102.01315
783000	6.2983078e-11	-102.00776
783100	6.3061357e-11	-102.00237
783200	6.3139795e-11	-101.99697
783300	6.3218394e-11	-101.99157
783400	6.3297154e-11	-101.98616
783500	6.3376076e-11	-101.98075
783600	6.3455159e-11	-101.97533
783700	6.3534404e-11	-101.96991
783800	6.3613812e-11	-101.96449
783900	6.3693383e-11	-101.95906
784000	6.3773118e-11	-101.95362
784100	6.3853016e-11	-101.94819
784200	6.3933079e-11	-101.94274
784300	6.4013307e-11	-101.9373
784400	6.4093699e-11	-101.93185
784500	6.4174258e-11	-101.92639
784600	6.4254982e-11	-101.92093
784700	6.4335873e-11	-101.91547
784800	6.4416931e-11	-101.91
784900	6.4498157e-11	-101.90453
785000	6.457955e-11	-101.89905
785100	6.4661111e-11	-101.89357
785200	6.4742842e-11	-101.88808
785300	6.4824741e-11	-101.88259
785400	6.490681e-11	-101.8771
785500	6.498905e-11	-101.8716
785600	6.5071459e-11	-101.86609
785700	6.515404e-11	-101.86059
785800	6.5236792e-11	-101.85507
785900	6.5319717e-11	-101.84956
786000	6.5402813e-11	-101.84404
786100	6.5486082e-11	-101.83851
786200	6.5569525e-11	-101.83298
786300	6.5653142e-11	-101.82744
786400	6.5736932e-11	-101.82191
786500	6.5820898e-11	-101.81636
786600	6.5905038e-11	-101.81081
786700	6.5989354e-11	-101.80526
786800	6.6073847e-11	-101.7997
786900	6.6158515e-11	-101.79414
787000	6.6243361e-11	-101.78858
787100	6.6328385e-11	-101.78301
787200	6.6413586e-11	-101.77743
787300	6.6498966e-11	-101.77185
787400	6.6584525e-11	-101.76627
787500	6.6670263e-11	-101.76068
787600	6.6756181e-11	-101.75509
787700	6.684228e-11	-101.74949
787800	6.6928559e-11	-101.74389
787900	6.701502e-11	-101.73828
788000	6.7101662e-11	-101.73267
788100	6.7188488e-11	-101.72705
788200	6.7275495e-11	-101.72143
788300	6.7362687e-11	-101.71581
788400	6.7450062e-11	-101.71018
788500	6.7537621e-11	-101.70454
788600	6.7625366e-11	-101.6989
788700	6.7713295e-11	-101.69326
788800	6.7801411e-11	-101.68761
788900	6.7889712e-11	-101.68196
789000	6.7978201e-11	-101.6763
789100	6.8066877e-11	-101.67064
789200	6.8155741e-11	-101.66498
789300	6.8244793e-11	-101.6593
789400	6.8334035e-11	-101.65363
789500	6.8423465e-11	-101.64795
789600	6.8513086e-11	-101.64226
789700	6.8602897e-11	-101.63658
789800	6.8692899e-11	-101.63088
789900	6.8783092e-11	-101.62518
790000	6.8873477e-11	-101.61948
790100	6.8964055e-11	-101.61377
790200	6.9054826e-11	-101.60806
790300	6.9145791e-11	-101.60234
790400	6.923695e-11	-101.59662
790500	6.9328303e-11	-101.59089
790600	6.9419852e-11	-101.58516
790700	6.9511596e-11	-101.57943
790800	6.9603536e-11	-101.57369
790900	6.9695674e-11	-101.56794
791000	6.9788008e-11	-101.56219
791100	6.9880541e-11	-101.55644
791200	6.9973272e-11	-101.55068
791300	7.0066202e-11	-101.54491
791400	7.0159331e-11	-101.53915
791500	7.0252661e-11	-101.53337
791600	7.0346191e-11	-101.52759
791700	7.0439922e-11	-101.52181
791800	7.0533855e-11	-101.51602
791900	7.062799e-11	-101.51023
792000	7.0722328e-11	-101.50443
792100	7.081687e-11	-101.49863
792200	7.0911616e-11	-101.49283
792300	7.1006566e-11	-101.48701
792400	7.1101721e-11	-101.4812
792500	7.1197082e-11	-101.47538
792600	7.1292649e-11	-101.46955
792700	7.1388422e-11	-101.46372
792800	7.1484404e-11	-101.45789
792900	7.1580593e-11	-101.45205
793000	7.1676991e-11	-101.4462
793100	7.1773598e-11	-101.44035
793200	7.1870414e-11	-101.4345
793300	7.1967441e-11	-101.42864
793400	7.2064679e-11	-101.42278
793500	7.2162128e-11	-101.41691
793600	7.2259789e-11	-101.41103
793700	7.2357663e-11	-101.40515
793800	7.245575e-11	-101.39927
793900	7.2554051e-11	-101.39338
794000	7.2652567e-11	-101.38749
794100	7.2751297e-11	-101.38159
794200	7.2850243e-11	-101.37569
794300	7.2949406e-11	-101.36978
794400	7.3048785e-11	-101.36387
794500	7.3148381e-11	-101.35795
794600	7.3248196e-11	-101.35203
794700	7.334823e-11	-101.3461
794800	7.3448482e-11	-101.34017
794900	7.3548955e-11	-101.33423
795000	7.3649648e-11	-101.32829
795100	7.3750562e-11	-101.32235
795200	7.3851698e-11	-101.3164
795300	7.3953057e-11	-101.31044
795400	7.4054638e-11	-101.30448
795500	7.4156443e-11	-101.29851
795600	7.4258473e-11	-101.29254
795700	7.4360727e-11	-101.28656
795800	7.4463207e-11	-101.28058
795900	7.4565913e-11	-101.2746
796000	7.4668846e-11	-101.26861
796100	7.4772007e-11	-101.26261
796200	7.4875395e-11	-101.25661
796300	7.4979013e-11	-101.2506
796400	7.508286e-11	-101.24459
796500	7.5186936e-11	-101.23858
796600	7.5291244e-11	-101.23256
796700	7.5395783e-11	-101.22653
796800	7.5500554e-11	-101.2205
796900	7.5605558e-11	-101.21446
797000	7.5710795e-11	-101.20842
797100	7.5816266e-11	-101.20238
797200	7.5921972e-11	-101.19633
797300	7.6027913e-11	-101.19027
797400	7.6134091e-11	-101.18421
797500	7.6240505e-11	-101.17814
797600	7.6347156e-11	-101.17207
797700	7.6454046e-11	-101.166
797800	7.6561174e-11	-101.15991
797900	7.6668542e-11	-101.15383
798000	7.677615e-11	-101.14774
798100	7.6883998e-11	-101.14164
798200	7.6992088e-11	-101.13554
798300	7.7100421e-11	-101.12943
798400	7.7208996e-11	-101.12332
798500	7.7317815e-11	-101.1172
798600	7.7426878e-11	-101.11108
798700	7.7536186e-11	-101.10496
798800	7.764574e-11	-101.09882
798900	7.7755541e-11	-101.09269
799000	7.7865588e-11	-101.08654
799100	7.7975884e-11	-101.0804
799200	7.8086428e-11	-101.07424
799300	7.8197221e-11	-101.06809
799400	7.8308264e-11	-101.06192
799500	7.8419558e-11	-101.05576
799600	7.8531103e-11	-101.04958
799700	7.8642901e-11	-101.0434
799800	7.8754951e-11	-101.03722
799900	7.8867255e-11	-101.03103
800000	7.8979814e-11	-101.02484
800100	7.9092628e-11	-101.01864
800200	7.9205697e-11	-101.01244
800300	7.9319023e-11	-101.00623
800400	7.9432607e-11	-101.00001
800500	7.9546448e-11	-100.99379
800600	7.9660549e-11	-100.98757
800700	7.9774909e-11	-100.98134
800800	7.9889529e-11	-100.9751
800900	8.0004411e-11	-100.96886
801000	8.0119554e-11	-100.96261
801100	8.0234961e-11	-100.95636
801200	8.035063e-11	-100.95011
801300	8.0466564e-11	-100.94385
801400	8.0582763e-11	-100.93758
801500	8.0699227e-11	-100.93131
801600	8.0815958e-11	-100.92503
801700	8.0932957e-11	-100.91875
801800	8.1050223e-11	-100.91246
801900	8.1167758e-11	-100.90616
802000	8.1285563e-11	-100.89987
802100	8.1403639e-11	-100.89356
802200	8.1521986e-11	-100.88725
802300	8.1640605e-11	-100.88094
802400	8.1759496e-11	-100.87462
802500	8.1878662e-11	-100.86829
802600	8.1998101e-11	-100.86196
802700	8.2117817e-11	-100.85563
802800	8.2237808e-11	-100.84928
802900	8.2358076e-11	-100.84294
803000	8.2478622e-11	-100.83659
803100	8.2599447e-11	-100.83023
803200	8.272055e-11	-100.82387
803300	8.2841935e-11	-100.8175
803400	8.29636e-11	-100.81112
803500	8.3085547e-11	-100.80475
803600	8.3207777e-11	-100.79836
803700	8.333029e-11	-100.79197
803800	8.3453088e-11	-100.78558
803900	8.3576171e-11	-100.77918
804000	8.369954e-11	-100.77277
804100	8.3823196e-11	-100.76636
804200	8.394714e-11	-100.75994
804300	8.4071372e-11	-100.75352
804400	8.4195895e-11	-100.74709
804500	8.4320707e-11	-100.74066
804600	8.4445811e-11	-100.73422
804700	8.4571207e-11	-100.72777
804800	8.4696896e-11	-100.72133
804900	8.4822878e-11	-100.71487
805000	8.4949156e-11	-100.70841
805100	8.5075729e-11	-100.70194
805200	8.5202599e-11	-100.69547
805300	8.5329766e-11	-100.68899
805400	8.5457232e-11	-100.68251
805500	8.5584997e-11	-100.67602
805600	8.5713062e-11	-100.66953
805700	8.5841428e-11	-100.66303
805800	8.5970095e-11	-100.65653
805900	8.6099066e-11	-100.65002
806000	8.6228341e-11	-100.6435
806100	8.635792e-11	-100.63698
806200	8.6487805e-11	-100.63045
806300	8.6617996e-11	-100.62392
806400	8.6748495e-11	-100.61738
806500	8.6879302e-11	-100.61084
806600	8.7010418e-11	-100.60429
806700	8.7141845e-11	-100.59773
806800	8.7273583e-11	-100.59117
806900	8.7405633e-11	-100.58461
807000	8.7537996e-11	-100.57803
807100	8.7670673e-11	-100.57146
807200	8.7803665e-11	-100.56487
807300	8.7936974e-11	-100.55828
807400	8.8070598e-11	-100.55169
807500	8.8204541e-11	-100.54509
807600	8.8338803e-11	-100.53848
807700	8.8473385e-11	-100.53187
807800	8.8608287e-11	-100.52526
807900	8.8743511e-11	-100.51863
808000	8.8879058e-11	-100.51201
808100	8.9014929e-11	-100.50537
808200	8.9151124e-11	-100.49873
808300	8.9287645e-11	-100.49209
808400	8.9424493e-11	-100.48544
808500	8.9561669e-11	-100.47878
808600	8.9699173e-11	-100.47212
808700	8.9837007e-11	-100.46545
808800	8.9975172e-11	-100.45877
808900	9.0113669e-11	-100.45209
809000	9.0252498e-11	-100.44541
809100	9.0391661e-11	-100.43872
809200	9.0531159e-11	-100.43202
809300	9.0670993e-11	-100.42532
809400	9.0811164e-11	-100.41861
809500	9.0951673e-11	-100.41189
809600	9.1092521e-11	-100.40517
809700	9.1233709e-11	-100.39845
809800	9.1375238e-11	-100.39171
809900	9.1517109e-11	-100.38498
810000	9.1659323e-11	-100.37823
810100	9.1801882e-11	-100.37148
810200	9.1944786e-11	-100.36473
810300	9.2088037e-11	-100.35797
810400	9.2231635e-11	-100.3512
810500	9.2375581e-11	-100.34443
810600	9.2519877e-11	-100.33765
810700	9.2664524e-11	-100.33086
810800	9.2809523e-11	-100.32407
810900	9.2954875e-11	-100.31728
811000	9.3100581e-11	-100.31048
811100	9.3246642e-11	-100.30367
811200	9.3393059e-11	-100.29685
811300	9.3539833e-11	-100.29003
811400	9.3686966e-11	-100.28321
811500	9.3834459e-11	-100.27638
811600	9.3982312e-11	-100.26954
811700	9.4130527e-11	-100.2627
811800	9.4279106e-11	-100.25585
811900	9.4428048e-11	-100.24899
812000	9.4577356e-11	-100.24213
812100	9.472703e-11	-100.23526
812200	9.4877071e-11	-100.22839
812300	9.5027482e-11	-100.22151
812400	9.5178262e-11	-100.21462
812500	9.5329413e-11	-100.20773
812600	9.5480937e-11	-100.20083
812700	9.5632833e-11	-100.19393
812800	9.5785105e-11	-100.18702
812900	9.5937752e-11	-100.1801
813000	9.6090776e-11	-100.17318
813100	9.6244179e-11	-100.16626
813200	9.639796e-11	-100.15932
813300	9.6552123e-11	-100.15238
813400	9.6706666e-11	-100.14544
813500	9.6861593e-11	-100.13848
813600	9.7016904e-11	-100.13153
813700	9.7172601e-11	-100.12456
813800	9.7328684e-11	-100.11759
813900	9.7485155e-11	-100.11062
814000	9.7642015e-11	-100.10363
814100	9.7799265e-11	-100.09664
814200	9.7956907e-11	-100.08965
814300	9.8114941e-11	-100.08265
814400	9.827337e-11	-100.07564
814500	9.8432194e-11	-100.06863
814600	9.8591415e-11	-100.06161
814700	9.8751033e-11	-100.05458
814800	9.8911051e-11	-100.04755
814900	9.9071468e-11	-100.04051
815000	9.9232288e-11	-100.03347
815100	9.9393511e-11	-100.02642
815200	9.9555137e-11	-100.01936
815300	9.971717e-11	-100.0123
815400	9.9879609e-11	-100.00523
815500	1.0004246e-10	-99.998157
815600	1.0020571e-10	-99.991075
815700	1.0036938e-10	-99.983988
815800	1.0053346e-10	-99.976894
815900	1.0069795e-10	-99.969794
816000	1.0086286e-10	-99.962687
816100	1.0102819e-10	-99.955574
816200	1.0119393e-10	-99.948455
816300	1.0136009e-10	-99.94133
816400	1.0152667e-10	-99.934199
816500	1.0169367e-10	-99.927061
816600	1.018611e-10	-99.919917
816700	1.0202894e-10	-99.912766
816800	1.0219722e-10	-99.905609
816900	1.0236592e-10	-99.898446
817000	1.0253505e-10	-99.891276
817100	1.0270461e-10	-99.884101
817200	1.028746e-10	-99.876918
817300	1.0304503e-10	-99.86973
817400	1.0321588e-10	-99.862535
817500	1.0338718e-10	-99.855333
817600	1.0355891e-10	-99.848125
817700	1.0373107e-10	-99.840911
817800	1.0390368e-10	-99.833691
817900	1.0407673e-10	-99.826464
818000	1.0425022e-10	-99.81923
818100	1.0442416e-10	-99.81199
818200	1.0459854e-10	-99.804744
818300	1.0477337e-10	-99.797491
818400	1.0494864e-10	-99.790232
818500	1.0512437e-10	-99.782966
818600	1.0530055e-10	-99.775694
818700	1.0547718e-10	-99.768415
818800	1.0565426e-10	-99.76113
818900	1.058318e-10	-99.753838
819000	1.060098e-10	-99.74654
819100	1.0618826e-10	-99.739235
819200	1.0636718e-10	-99.731924
819300	1.0654655e-10	-99.724606
819400	1.067264e-10	-99.717282
819500	1.069067e-10	-99.709951
819600	1.0708748e-10	-99.702613
819700	1.0726872e-10	-99.695269
819800	1.0745043e-10	-99.687918
819900	1.0763261e-10	-99.680561
820000	1.0781527e-10	-99.673197
820100	1.079984e-10	-99.665827
820200	1.08182e-10	-99.65845
820300	1.0836608e-10	-99.651066
820400	1.0855064e-10	-99.643676
820500	1.0873568e-10	-99.636279
820600	1.0892121e-10	-99.628875
820700	1.0910722e-10	-99.621465
820800	1.0929371e-10	-99.614048
820900	1.0948069e-10	-99.606625
821000	1.0966816e-10	-99.599195
821100	1.0985612e-10	-99.591758
821200	1.1004457e-10	-99.584314
821300	1.1023351e-10	-99.576864
821400	1.1042295e-10	-99.569407
821500	1.1061289e-10	-99.561943
821600	1.1080332e-10	-99.554472
821700	1.1099425e-10	-99.546995
821800	1.1118569e-10	-99.539511
821900	1.1137763e-10	-99.53202
822000	1.1157008e-10	-99.524523
822100	1.1176303e-10	-99.517018
822200	1.1195649e-10	-99.509507
822300	1.1215046e-10	-99.501989
822400	1.1234494e-10	-99.494465
822500	1.1253994e-10	-99.486933
822600	1.1273545e-10	-99.479395
822700	1.1293148e-10	-99.47185
822800	1.1312803e-10	-99.464298
822900	1.133251e-10	-99.456739
823000	1.135227e-10	-99.449173
823100	1.1372081e-10	-99.4416
823200	1.1391945e-10	-99.434021
823300	1.1411862e-10	-99.426435
823400	1.1431833e-10	-99.418841
823500	1.1451856e-10	-99.411241
823600	1.1471932e-10	-99.403634
823700	1.1492062e-10	-99.39602
823800	1.1512246e-10	-99.388399
823900	1.1532483e-10	-99.380772
824000	1.1552775e-10	-99.373137
824100	1.1573121e-10	-99.365495
824200	1.1593521e-10	-99.357846
824300	1.1613976e-10	-99.350191
824400	1.1634486e-10	-99.342528
824500	1.1655051e-10	-99.334858
824600	1.167567e-10	-99.327182
824700	1.1696346e-10	-99.319498
824800	1.1717076e-10	-99.311807
824900	1.1737863e-10	-99.30411
825000	1.1758705e-10	-99.296405
825100	1.1779604e-10	-99.288693
825200	1.1800559e-10	-99.280974
825300	1.182157e-10	-99.273248
825400	1.1842639e-10	-99.265515
825500	1.1863764e-10	-99.257775
825600	1.1884946e-10	-99.250028
825700	1.1906185e-10	-99.242274
825800	1.1927482e-10	-99.234512
825900	1.1948837e-10	-99.226744
826000	1.1970249e-10	-99.218968
826100	1.199172e-10	-99.211185
826200	1.2013249e-10	-99.203395
826300	1.2034836e-10	-99.195598
826400	1.2056483e-10	-99.187794
826500	1.2078188e-10	-99.179982
826600	1.2099952e-10	-99.172164
826700	1.2121775e-10	-99.164338
826800	1.2143658e-10	-99.156505
826900	1.2165601e-10	-99.148664
827000	1.2187604e-10	-99.140817
827100	1.2209666e-10	-99.132962
827200	1.223179e-10	-99.1251
827300	1.2253973e-10	-99.117231
827400	1.2276218e-10	-99.109354
827500	1.2298523e-10	-99.10147
827600	1.232089e-10	-99.093579
827700	1.2343318e-10	-99.085681
827800	1.2365808e-10	-99.077775
827900	1.238836e-10	-99.069862
828000	1.2410973e-10	-99.061942
828100	1.2433649e-10	-99.054014
828200	1.2456388e-10	-99.046079
828300	1.2479189e-10	-99.038136
828400	1.2502053e-10	-99.030187
828500	1.2524981e-10	-99.022229
828600	1.2547971e-10	-99.014265
828700	1.2571026e-10	-99.006293
828800	1.2594144e-10	-98.998313
828900	1.2617326e-10	-98.990327
829000	1.2640573e-10	-98.982333
829100	1.2663884e-10	-98.974331
829200	1.268726e-10	-98.966322
829300	1.27107e-10	-98.958305
829400	1.2734206e-10	-98.950281
829500	1.2757778e-10	-98.94225
829600	1.2781415e-10	-98.934211
829700	1.2805118e-10	-98.926164
829800	1.2828887e-10	-98.91811
829900	1.2852722e-10	-98.910049
830000	1.2876625e-10	-98.90198
830100	1.2900594e-10	-98.893903
830200	1.292463e-10	-98.885819
830300	1.2948733e-10	-98.877727
830400	1.2972904e-10	-98.869628
830500	1.2997143e-10	-98.861521
830600	1.302145e-10	-98.853407
830700	1.3045825e-10	-98.845285
830800	1.3070268e-10	-98.837155
830900	1.3094781e-10	-98.829018
831000	1.3119362e-10	-98.820873
831100	1.3144013e-10	-98.81272
831200	1.3168733e-10	-98.80456
831300	1.3193523e-10	-98.796392
831400	1.3218383e-10	-98.788217
831500	1.3243314e-10	-98.780033
831600	1.3268315e-10	-98.771842
831700	1.3293386e-10	-98.763644
831800	1.3318529e-10	-98.755437
831900	1.3343743e-10	-98.747223
832000	1.3369029e-10	-98.739001
832100	1.3394386e-10	-98.730772
832200	1.3419816e-10	-98.722534
832300	1.3445318e-10	-98.714289
832400	1.3470892e-10	-98.706036
832500	1.3496539e-10	-98.697776
832600	1.352226e-10	-98.689507
832700	1.3548054e-10	-98.681231
832800	1.3573921e-10	-98.672947
832900	1.3599863e-10	-98.664655
833000	1.3625878e-10	-98.656355
833100	1.3651968e-10	-98.648047
833200	1.3678133e-10	-98.639732
833300	1.3704373e-10	-98.631408
833400	1.3730688e-10	-98.623077
833500	1.3757079e-10	-98.614738
833600	1.3783546e-10	-98.60639
833700	1.3810088e-10	-98.598035
833800	1.3836708e-10	-98.589672
833900	1.3863403e-10	-98.581301
834000	1.3890176e-10	-98.572922
834100	1.3917026e-10	-98.564536
834200	1.3943954e-10	-98.556141
834300	1.3970959e-10	-98.547738
834400	1.3998042e-10	-98.539327
834500	1.4025204e-10	-98.530908
834600	1.4052445e-10	-98.522481
834700	1.4079764e-10	-98.514046
834800	1.4107163e-10	-98.505603
834900	1.4134641e-10	-98.497152
835000	1.41622e-10	-98.488693
835100	1.4189838e-10	-98.480226
835200	1.4217557e-10	-98.47175
835300	1.4245356e-10	-98.463267
835400	1.4273237e-10	-98.454775
835500	1.4301198e-10	-98.446276
835600	1.4329242e-10	-98.437768
835700	1.4357367e-10	-98.429252
835800	1.4385575e-10	-98.420728
835900	1.4413865e-10	-98.412195
836000	1.4442238e-10	-98.403655
836100	1.4470695e-10	-98.395106
836200	1.4499234e-10	-98.386549
836300	1.4527858e-10	-98.377984
836400	1.4556566e-10	-98.369411
836500	1.4585358e-10	-98.360829
836600	1.4614235e-10	-98.352239
836700	1.4643197e-10	-98.343641
836800	1.4672244e-10	-98.335035
836900	1.4701377e-10	-98.32642
837000	1.4730596e-10	-98.317797
837100	1.4759901e-10	-98.309166
837200	1.4789293e-10	-98.300526
837300	1.4818772e-10	-98.291878
837400	1.4848338e-10	-98.283221
837500	1.4877992e-10	-98.274557
837600	1.4907734e-10	-98.265884
837700	1.4937565e-10	-98.257202
837800	1.4967484e-10	-98.248512
837900	1.4997491e-10	-98.239814
838000	1.5027589e-10	-98.231107
838100	1.5057776e-10	-98.222392
838200	1.5088053e-10	-98.213668
838300	1.511842e-10	-98.204936
838400	1.5148878e-10	-98.196195
838500	1.5179427e-10	-98.187446
838600	1.5210067e-10	-98.178689
838700	1.5240799e-10	-98.169923
838800	1.5271623e-10	-98.161148
838900	1.530254e-10	-98.152365
839000	1.5333549e-10	-98.143573
839100	1.5364651e-10	-98.134773
839200	1.5395847e-10	-98.125964
839300	1.5427137e-10	-98.117147
839400	1.5458521e-10	-98.108321
839500	1.549e-10	-98.099486
839600	1.5521573e-10	-98.090643
839700	1.5553242e-10	-98.081791
839800	1.5585006e-10	-98.07293
839900	1.5616867e-10	-98.064061
840000	1.5648824e-10	-98.055183
840100	1.5680877e-10	-98.046296
840200	1.5713028e-10	-98.037401
840300	1.5745277e-10	-98.028497
840400	1.5777623e-10	-98.019584
840500	1.5810067e-10	-98.010663
840600	1.584261e-10	-98.001733
840700	1.5875252e-10	-97.992794
840800	1.5907994e-10	-97.983846
840900	1.5940835e-10	-97.974889
841000	1.5973777e-10	-97.965924
841100	1.6006819e-10	-97.95695
841200	1.6039962e-10	-97.947967
841300	1.6073206e-10	-97.938975
841400	1.6106553e-10	-97.929974
841500	1.6140001e-10	-97.920964
841600	1.6173552e-10	-97.911946
841700	1.6207206e-10	-97.902919
841800	1.6240963e-10	-97.893882
841900	1.6274824e-10	-97.884837
842000	1.6308789e-10	-97.875783
842100	1.6342859e-10	-97.86672
842200	1.6377033e-10	-97.857648
842300	1.6411313e-10	-97.848567
842400	1.6445699e-10	-97.839477
842500	1.6480191e-10	-97.830378
842600	1.651479e-10	-97.82127
842700	1.6549495e-10	-97.812152
842800	1.6584309e-10	-97.803026
842900	1.661923e-10	-97.793891
843000	1.6654259e-10	-97.784747
843100	1.6689397e-10	-97.775593
843200	1.6724645e-10	-97.766431
843300	1.6760002e-10	-97.757259
843400	1.6795469e-10	-97.748079
843500	1.6831046e-10	-97.738889
843600	1.6866734e-10	-97.72969
843700	1.6902534e-10	-97.720482
843800	1.6938446e-10	-97.711264
843900	1.697447e-10	-97.702038
844000	1.7010606e-10	-97.692802
844100	1.7046856e-10	-97.683557
844200	1.7083219e-10	-97.674303
844300	1.7119696e-10	-97.66504
844400	1.7156288e-10	-97.655767
844500	1.7192994e-10	-97.646485
844600	1.7229816e-10	-97.637193
844700	1.7266754e-10	-97.627893
844800	1.7303809e-10	-97.618583
844900	1.734098e-10	-97.609264
845000	1.7378268e-10	-97.599935
845100	1.7415674e-10	-97.590597
845200	1.7453198e-10	-97.58125
845300	1.7490841e-10	-97.571893
845400	1.7528604e-10	-97.562527
845500	1.7566485e-10	-97.553151
845600	1.7604487e-10	-97.543766
845700	1.764261e-10	-97.534372
845800	1.7680853e-10	-97.524968
845900	1.7719219e-10	-97.515554
846000	1.7757706e-10	-97.506131
846100	1.7796316e-10	-97.496699
846200	1.7835048e-10	-97.487257
846300	1.7873905e-10	-97.477806
846400	1.7912885e-10	-97.468345
846500	1.795199e-10	-97.458874
846600	1.7991221e-10	-97.449394
846700	1.8030576e-10	-97.439904
846800	1.8070058e-10	-97.430405
846900	1.8109667e-10	-97.420895
847000	1.8149402e-10	-97.411377
847100	1.8189265e-10	-97.401848
847200	1.8229257e-10	-97.39231
847300	1.8269376e-10	-97.382763
847400	1.8309626e-10	-97.373205
847500	1.8350005e-10	-97.363638
847600	1.8390514e-10	-97.354061
847700	1.8431154e-10	-97.344475
847800	1.8471925e-10	-97.334878
847900	1.8512828e-10	-97.325272
848000	1.8553864e-10	-97.315656
848100	1.8595033e-10	-97.306031
848200	1.8636335e-10	-97.296395
848300	1.8677771e-10	-97.28675
848400	1.8719342e-10	-97.277094
848500	1.8761048e-10	-97.267429
848600	1.8802889e-10	-97.257754
848700	1.8844867e-10	-97.248069
848800	1.8886982e-10	-97.238374
848900	1.8929234e-10	-97.22867
849000	1.8971624e-10	-97.218955
849100	1.9014153e-10	-97.20923
849200	1.9056821e-10	-97.199495
849300	1.9099629e-10	-97.189751
849400	1.9142576e-10	-97.179996
849500	1.9185665e-10	-97.170231
849600	1.9228895e-10	-97.160457
849700	1.9272268e-10	-97.150672
849800	1.9315783e-10	-97.140877
849900	1.9359441e-10	-97.131072
850000	1.9403243e-10	-97.121257
850100	1.9447189e-10	-97.111432
850200	1.9491281e-10	-97.101596
850300	1.9535518e-10	-97.091751
850400	1.9579901e-10	-97.081895
850500	1.9624431e-10	-97.072029
850600	1.9669109e-10	-97.062153
850700	1.9713935e-10	-97.052267
850800	1.975891e-10	-97.04237
850900	1.9804034e-10	-97.032463
851000	1.9849308e-10	-97.022546
851100	1.9894732e-10	-97.012619
851200	1.9940308e-10	-97.002681
851300	1.9986036e-10	-96.992733
851400	2.0031916e-10	-96.982775
851500	2.0077949e-10	-96.972806
851600	2.0124137e-10	-96.962827
851700	2.0170478e-10	-96.952838
851800	2.0216975e-10	-96.942838
851900	2.0263628e-10	-96.932828
852000	2.0310437e-10	-96.922807
852100	2.0357404e-10	-96.912776
852200	2.0404528e-10	-96.902735
852300	2.045181e-10	-96.892682
852400	2.0499252e-10	-96.88262
852500	2.0546854e-10	-96.872547
852600	2.0594616e-10	-96.862463
852700	2.0642539e-10	-96.852369
852800	2.0690624e-10	-96.842264
852900	2.0738872e-10	-96.832149
853000	2.0787283e-10	-96.822023
853100	2.0835858e-10	-96.811886
853200	2.0884598e-10	-96.801739
853300	2.0933503e-10	-96.791581
853400	2.0982574e-10	-96.781412
853500	2.1031812e-10	-96.771233
853600	2.1081218e-10	-96.761043
853700	2.1130791e-10	-96.750842
853800	2.1180534e-10	-96.740631
853900	2.1230447e-10	-96.730409
854000	2.128053e-10	-96.720176
854100	2.1330784e-10	-96.709932
854200	2.138121e-10	-96.699677
854300	2.1431809e-10	-96.689412
854400	2.1482581e-10	-96.679135
854500	2.1533528e-10	-96.668848
854600	2.1584649e-10	-96.65855
854700	2.1635946e-10	-96.648241
854800	2.1687419e-10	-96.637921
854900	2.173907e-10	-96.62759
855000	2.1790899e-10	-96.617249
855100	2.1842906e-10	-96.606896
855200	2.1895094e-10	-96.596532
855300	2.1947461e-10	-96.586157
855400	2.200001e-10	-96.575771
855500	2.205274e-10	-96.565374
855600	2.2105654e-10	-96.554966
855700	2.2158751e-10	-96.544547
855800	2.2212032e-10	-96.534117
855900	2.2265498e-10	-96.523676
856000	2.231915e-10	-96.513223
856100	2.237299e-10	-96.50276
856200	2.2427016e-10	-96.492285
856300	2.2481232e-10	-96.481799
856400	2.2535636e-10	-96.471302
856500	2.2590231e-10	-96.460793
856600	2.2645016e-10	-96.450274
856700	2.2699994e-10	-96.439743
856800	2.2755164e-10	-96.4292
856900	2.2810527e-10	-96.418647
857000	2.2866085e-10	-96.408082
857100	2.2921839e-10	-96.397506
857200	2.2977788e-10	-96.386918
857300	2.3033934e-10	-96.376319
857400	2.3090278e-10	-96.365708
857500	2.3146821e-10	-96.355086
857600	2.3203564e-10	-96.344453
857700	2.3260507e-10	-96.333808
857800	2.3317651e-10	-96.323152
857900	2.3374998e-10	-96.312484
858000	2.3432548e-10	-96.301805
858100	2.3490302e-10	-96.291114
858200	2.3548262e-10	-96.280411
858300	2.3606427e-10	-96.269697
858400	2.3664799e-10	-96.258972
858500	2.3723379e-10	-96.248235
858600	2.3782168e-10	-96.237486
858700	2.3841166e-10	-96.226725
858800	2.3900376e-10	-96.215953
858900	2.3959797e-10	-96.205169
859000	2.401943e-10	-96.194373
859100	2.4079277e-10	-96.183566
859200	2.4139338e-10	-96.172746
859300	2.4199615e-10	-96.161915
859400	2.4260109e-10	-96.151073
859500	2.432082e-10	-96.140218
859600	2.4381749e-10	-96.129351
859700	2.4442898e-10	-96.118473
859800	2.4504267e-10	-96.107583
859900	2.4565858e-10	-96.096681
860000	2.4627671e-10	-96.085767
860100	2.4689708e-10	-96.07484
860200	2.4751969e-10	-96.063902
860300	2.4814456e-10	-96.052952
860400	2.4877169e-10	-96.04199
860500	2.494011e-10	-96.031016
860600	2.5003279e-10	-96.02003
860700	2.5066678e-10	-96.009032
860800	2.5130308e-10	-95.998022
860900	2.519417e-10	-95.986999
861000	2.5258265e-10	-95.975965
861100	2.5322594e-10	-95.964918
861200	2.5387157e-10	-95.953859
861300	2.5451957e-10	-95.942788
861400	2.5516994e-10	-95.931705
861500	2.558227e-10	-95.920609
861600	2.5647784e-10	-95.909501
861700	2.571354e-10	-95.898381
861800	2.5779537e-10	-95.887249
861900	2.5845777e-10	-95.876104
862000	2.591226e-10	-95.864947
862100	2.5978989e-10	-95.853778
862200	2.6045964e-10	-95.842596
862300	2.6113186e-10	-95.831401
862400	2.6180657e-10	-95.820195
862500	2.6248378e-10	-95.808975
862600	2.6316349e-10	-95.797744
862700	2.6384573e-10	-95.786499
862800	2.6453049e-10	-95.775243
862900	2.652178e-10	-95.763973
863000	2.6590767e-10	-95.752691
863100	2.666001e-10	-95.741397
863200	2.6729511e-10	-95.73009
863300	2.6799272e-10	-95.71877
863400	2.6869293e-10	-95.707438
863500	2.6939575e-10	-95.696093
863600	2.7010121e-10	-95.684735
863700	2.708093e-10	-95.673364
863800	2.7152005e-10	-95.661981
863900	2.7223347e-10	-95.650585
864000	2.7294957e-10	-95.639176
864100	2.7366836e-10	-95.627754
864200	2.7438985e-10	-95.61632
864300	2.7511406e-10	-95.604872
864400	2.75841e-10	-95.593412
864500	2.7657068e-10	-95.581939
864600	2.7730312e-10	-95.570452
864700	2.7803834e-10	-95.558953
864800	2.7877633e-10	-95.547441
864900	2.7951712e-10	-95.535916
865000	2.8026072e-10	-95.524378
865100	2.8100714e-10	-95.512826
865200	2.817564e-10	-95.501262
865300	2.8250852e-10	-95.489685
865400	2.8326349e-10	-95.478094
865500	2.8402134e-10	-95.46649
865600	2.8478209e-10	-95.454873
865700	2.8554574e-10	-95.443243
865800	2.8631231e-10	-95.4316
865900	2.8708181e-10	-95.419943
866000	2.8785427e-10	-95.408273
866100	2.8862968e-10	-95.39659
866200	2.8940807e-10	-95.384894
866300	2.9018946e-10	-95.373184
866400	2.9097385e-10	-95.36146
866500	2.9176126e-10	-95.349724
866600	2.925517e-10	-95.337974
866700	2.933452e-10	-95.32621
866800	2.9414175e-10	-95.314433
866900	2.9494139e-10	-95.302643
867000	2.9574413e-10	-95.290839
867100	2.9654997e-10	-95.279021
867200	2.9735894e-10	-95.26719
867300	2.9817105e-10	-95.255345
867400	2.9898632e-10	-95.243487
867500	2.9980475e-10	-95.231615
867600	3.0062638e-10	-95.219729
867700	3.0145121e-10	-95.20783
867800	3.0227925e-10	-95.195917
867900	3.0311053e-10	-95.18399
868000	3.0394506e-10	-95.172049
868100	3.0478286e-10	-95.160095
868200	3.0562394e-10	-95.148126
868300	3.0646832e-10	-95.136144
868400	3.0731601e-10	-95.124148
868500	3.0816704e-10	-95.112138
868600	3.0902141e-10	-95.100114
868700	3.0987915e-10	-95.088076
868800	3.1074027e-10	-95.076025
868900	3.1160478e-10	-95.063959
869000	3.1247272e-10	-95.051879
869100	3.1334408e-10	-95.039785
869200	3.142189e-10	-95.027677
869300	3.1509718e-10	-95.015555
869400	3.1597895e-10	-95.003418
869500	3.1686422e-10	-94.991268
869600	3.1775301e-10	-94.979103
869700	3.1864533e-10	-94.966924
869800	3.1954121e-10	-94.954731
869900	3.2044066e-10	-94.942524
870000	3.2134371e-10	-94.930302
870100	3.2225036e-10	-94.918066
870200	3.2316063e-10	-94.905815
870300	3.2407456e-10	-94.893551
870400	3.2499215e-10	-94.881271
870500	3.2591342e-10	-94.868978
870600	3.2683839e-10	-94.856669
870700	3.2776708e-10	-94.844347
870800	3.2869951e-10	-94.832009
870900	3.2963569e-10	-94.819658
871000	3.3057566e-10	-94.807291
871100	3.3151942e-10	-94.79491
871200	3.3246699e-10	-94.782515
871300	3.334184e-10	-94.770104
871400	3.3437367e-10	-94.757679
871500	3.353328e-10	-94.74524
871600	3.3629584e-10	-94.732785
871700	3.3726278e-10	-94.720316
871800	3.3823366e-10	-94.707832
871900	3.392085e-10	-94.695333
872000	3.4018731e-10	-94.682819
872100	3.4117011e-10	-94.67029
872200	3.4215693e-10	-94.657747
872300	3.4314779e-10	-94.645188
872400	3.4414271e-10	-94.632614
872500	3.451417e-10	-94.620026
872600	3.4614479e-10	-94.607422
872700	3.47152e-10	-94.594803
872800	3.4816336e-10	-94.582169
872900	3.4917888e-10	-94.56952
873000	3.5019858e-10	-94.556856
873100	3.5122249e-10	-94.544177
873200	3.5225063e-10	-94.531482
873300	3.5328302e-10	-94.518772
873400	3.5431969e-10	-94.506047
873500	3.5536065e-10	-94.493307
873600	3.5640592e-10	-94.480551
873700	3.5745554e-10	-94.46778
873800	3.5850952e-10	-94.454993
873900	3.5956789e-10	-94.442191
874000	3.6063066e-10	-94.429373
874100	3.6169787e-10	-94.41654
874200	3.6276954e-10	-94.403692
874300	3.6384568e-10	-94.390828
874400	3.6492633e-10	-94.377948
874500	3.660115e-10	-94.365053
874600	3.6710123e-10	-94.352142
874700	3.6819553e-10	-94.339215
874800	3.6929442e-10	-94.326272
874900	3.7039795e-10	-94.313314
875000	3.7150612e-10	-94.30034
875100	3.7261896e-10	-94.287351
875200	3.737365e-10	-94.274345
875300	3.7485876e-10	-94.261323
875400	3.7598577e-10	-94.248286
875500	3.7711755e-10	-94.235233
875600	3.7825413e-10	-94.222163
875700	3.7939554e-10	-94.209078
875800	3.805418e-10	-94.195976
875900	3.8169293e-10	-94.182859
876000	3.8284896e-10	-94.169725
876100	3.8400993e-10	-94.156575
876200	3.8517585e-10	-94.14341
876300	3.8634675e-10	-94.130227
876400	3.8752266e-10	-94.117029
876500	3.887036e-10	-94.103814
876600	3.8988961e-10	-94.090583
876700	3.9108071e-10	-94.077336
876800	3.9227692e-10	-94.064072
876900	3.9347829e-10	-94.050792
877000	3.9468482e-10	-94.037496
877100	3.9589656e-10	-94.024183
877200	3.9711353e-10	-94.010853
877300	3.9833575e-10	-93.997507
877400	3.9956327e-10	-93.984144
877500	4.007961e-10	-93.970765
877600	4.0203427e-10	-93.957369
877700	4.0327782e-10	-93.943957
877800	4.0452677e-10	-93.930527
877900	4.0578116e-10	-93.917081
878000	4.0704101e-10	-93.903618
878100	4.0830635e-10	-93.890139
878200	4.0957722e-10	-93.876642
878300	4.1085364e-10	-93.863129
878400	4.1213565e-10	-93.849598
878500	4.1342327e-10	-93.836051
878600	4.1471653e-10	-93.822486
878700	4.1601548e-10	-93.808905
878800	4.1732013e-10	-93.795307
878900	4.1863053e-10	-93.781691
879000	4.199467e-10	-93.768058
879100	4.2126867e-10	-93.754408
879200	4.2259648e-10	-93.740741
879300	4.2393016e-10	-93.727057
879400	4.2526974e-10	-93.713355
879500	4.2661525e-10	-93.699636
879600	4.2796674e-10	-93.6859
879700	4.2932422e-10	-93.672146
879800	4.3068775e-10	-93.658375
879900	4.3205734e-10	-93.644586
880000	4.3343303e-10	-93.63078
880100	4.3481486e-10	-93.616956
880200	4.3620287e-10	-93.603115
880300	4.3759708e-10	-93.589256
880400	4.3899753e-10	-93.575379
880500	4.4040426e-10	-93.561485
880600	4.4181731e-10	-93.547573
880700	4.432367e-10	-93.533643
880800	4.4466247e-10	-93.519695
880900	4.4609467e-10	-93.50573
881000	4.4753332e-10	-93.491746
881100	4.4897847e-10	-93.477745
881200	4.5043015e-10	-93.463725
881300	4.518884e-10	-93.449688
881400	4.5335325e-10	-93.435633
881500	4.5482474e-10	-93.421559
881600	4.5630292e-10	-93.407468
881700	4.5778781e-10	-93.393358
881800	4.5927947e-10	-93.37923
881900	4.6077792e-10	-93.365083
882000	4.622832e-10	-93.350919
882100	4.6379536e-10	-93.336736
882200	4.6531444e-10	-93.322535
882300	4.6684047e-10	-93.308315
882400	4.6837349e-10	-93.294077
882500	4.6991355e-10	-93.27982
882600	4.7146069e-10	-93.265545
882700	4.7301494e-10	-93.251251
882800	4.7457636e-10	-93.236939
882900	4.7614497e-10	-93.222608
883000	4.7772082e-10	-93.208258
883100	4.7930395e-10	-93.19389
883200	4.8089442e-10	-93.179503
883300	4.8249225e-10	-93.165097
883400	4.8409749e-10	-93.150672
883500	4.8571019e-10	-93.136228
883600	4.8733039e-10	-93.121765
883700	4.8895813e-10	-93.107283
883800	4.9059346e-10	-93.092782
883900	4.9223641e-10	-93.078263
884000	4.9388705e-10	-93.063724
884100	4.9554541e-10	-93.049165
884200	4.9721153e-10	-93.034588
884300	4.9888547e-10	-93.019991
884400	5.0056727e-10	-93.005375
884500	5.0225698e-10	-92.99074
884600	5.0395463e-10	-92.976086
884700	5.0566029e-10	-92.961412
884800	5.07374e-10	-92.946718
884900	5.090958e-10	-92.932005
885000	5.1082574e-10	-92.917272
885100	5.1256388e-10	-92.90252
885200	5.1431025e-10	-92.887748
885300	5.1606492e-10	-92.872957
885400	5.1782793e-10	-92.858145
885500	5.1959933e-10	-92.843314
885600	5.2137916e-10	-92.828463
885700	5.2316749e-10	-92.813592
885800	5.2496436e-10	-92.798702
885900	5.2676983e-10	-92.783791
886000	5.2858394e-10	-92.76886
886100	5.3040675e-10	-92.75391
886200	5.322383e-10	-92.738939
886300	5.3407866e-10	-92.723948
886400	5.3592788e-10	-92.708936
886500	5.3778601e-10	-92.693905
886600	5.396531e-10	-92.678853
886700	5.4152921e-10	-92.663781
886800	5.4341439e-10	-92.648689
886900	5.453087e-10	-92.633576
887000	5.472122e-10	-92.618442
887100	5.4912493e-10	-92.603288
887200	5.5104697e-10	-92.588114
887300	5.5297836e-10	-92.572919
887400	5.5491916e-10	-92.557703
887500	5.5686943e-10	-92.542466
887600	5.5882922e-10	-92.527209
887700	5.607986e-10	-92.511931
887800	5.6277763e-10	-92.496632
887900	5.6476637e-10	-92.481312
888000	5.6676486e-10	-92.465971
888100	5.6877319e-10	-92.450609
888200	5.707914e-10	-92.435226
888300	5.7281955e-10	-92.419822
888400	5.7485772e-10	-92.404396
888500	5.7690596e-10	-92.38895
888600	5.7896433e-10	-92.373482
888700	5.810329e-10	-92.357993
888800	5.8311173e-10	-92.342482
888900	5.8520088e-10	-92.32695
889000	5.8730043e-10	-92.311397
889100	5.8941043e-10	-92.295822
889200	5.9153095e-10	-92.280225
889300	5.9366206e-10	-92.264607
889400	5.9580382e-10	-92.248967
889500	5.979563e-10	-92.233306
889600	6.0011957e-10	-92.217622
889700	6.0229369e-10	-92.201917
889800	6.0447874e-10	-92.18619
889900	6.0667479e-10	-92.170441
890000	6.0888189e-10	-92.154669
890100	6.1110014e-10	-92.138876
890200	6.1332958e-10	-92.123061
890300	6.155703e-10	-92.107223
890400	6.1782237e-10	-92.091364
890500	6.2008586e-10	-92.075482
890600	6.2236085e-10	-92.059577
890700	6.246474e-10	-92.043651
890800	6.2694559e-10	-92.027701
890900	6.2925549e-10	-92.01173
891000	6.3157719e-10	-91.995736
891100	6.3391076e-10	-91.979719
891200	6.3625626e-10	-91.963679
891300	6.3861379e-10	-91.947617
891400	6.4098341e-10	-91.931532
891500	6.4336521e-10	-91.915424
891600	6.4575927e-10	-91.899294
891700	6.4816566e-10	-91.88314
891800	6.5058446e-10	-91.866963
891900	6.5301576e-10	-91.850763
892000	6.5545964e-10	-91.83454
892100	6.5791617e-10	-91.818294
892200	6.6038544e-10	-91.802025
892300	6.6286754e-10	-91.785732
892400	6.6536255e-10	-91.769416
892500	6.6787055e-10	-91.753077
892600	6.7039162e-10	-91.736714
892700	6.7292586e-10	-91.720328
892800	6.7547335e-10	-91.703918
892900	6.7803418e-10	-91.687484
893000	6.8060844e-10	-91.671027
893100	6.831962e-10	-91.654546
893200	6.8579758e-10	-91.638041
893300	6.8841264e-10	-91.621512
893400	6.9104149e-10	-91.604959
893500	6.9368422e-10	-91.588382
893600	6.9634091e-10	-91.571781
893700	6.9901167e-10	-91.555156
893800	7.0169658e-10	-91.538506
893900	7.0439574e-10	-91.521833
894000	7.0710925e-10	-91.505135
894100	7.098372e-10	-91.488412
894200	7.1257968e-10	-91.471666
894300	7.153368e-10	-91.454894
894400	7.1810866e-10	-91.438098
894500	7.2089534e-10	-91.421278
894600	7.2369697e-10	-91.404432
894700	7.2651362e-10	-91.387562
894800	7.2934541e-10	-91.370667
894900	7.3219244e-10	-91.353748
895000	7.3505481e-10	-91.336803
895100	7.3793263e-10	-91.319833
895200	7.4082599e-10	-91.302838
895300	7.4373502e-10	-91.285818
895400	7.466598e-10	-91.268772
895500	7.4960046e-10	-91.251702
895600	7.525571e-10	-91.234605
895700	7.5552982e-10	-91.217484
895800	7.5851875e-10	-91.200337
895900	7.6152398e-10	-91.183164
896000	7.6454564e-10	-91.165966
896100	7.6758383e-10	-91.148742
896200	7.7063867e-10	-91.131492
896300	7.7371028e-10	-91.114216
896400	7.7679876e-10	-91.096915
896500	7.7990424e-10	-91.079587
896600	7.8302684e-10	-91.062233
896700	7.8616668e-10	-91.044854
896800	7.8932386e-10	-91.027448
896900	7.9249852e-10	-91.010015
897000	7.9569078e-10	-90.992557
897100	7.9890076e-10	-90.975072
897200	8.0212858e-10	-90.95756
897300	8.0537436e-10	-90.940022
897400	8.0863824e-10	-90.922457
897500	8.1192035e-10	-90.904866
897600	8.152208e-10	-90.887247
897700	8.1853973e-10	-90.869602
897800	8.2187727e-10	-90.85193
897900	8.2523356e-10	-90.834231
898000	8.2860871e-10	-90.816505
898100	8.3200287e-10	-90.798752
898200	8.3541617e-10	-90.780971
898300	8.3884876e-10	-90.763163
898400	8.4230075e-10	-90.745328
898500	8.457723e-10	-90.727465
898600	8.4926354e-10	-90.709575
898700	8.5277462e-10	-90.691657
898800	8.5630567e-10	-90.673712
898900	8.5985684e-10	-90.655738
899000	8.6342827e-10	-90.637737
899100	8.6702012e-10	-90.619708
899200	8.7063251e-10	-90.601651
899300	8.7426562e-10	-90.583566
899400	8.7791957e-10	-90.565453
899500	8.8159453e-10	-90.547311
899600	8.8529065e-10	-90.529141
899700	8.8900808e-10	-90.510943
899800	8.9274697e-10	-90.492716
899900	8.9650749e-10	-90.474461
900000	9.0028978e-10	-90.456177
900100	9.0409401e-10	-90.437864
900200	9.0792034e-10	-90.419523
900300	9.1176892e-10	-90.401152
900400	9.1563993e-10	-90.382753
900500	9.1953353e-10	-90.364324
900600	9.2344988e-10	-90.345867
900700	9.2738916e-10	-90.32738
900800	9.3135152e-10	-90.308864
900900	9.3533714e-10	-90.290318
901000	9.393462e-10	-90.271743
901100	9.4337886e-10	-90.253139
901200	9.4743531e-10	-90.234504
901300	9.5151571e-10	-90.21584
901400	9.5562025e-10	-90.197147
901500	9.5974911e-10	-90.178423
901600	9.6390247e-10	-90.159669
901700	9.680805e-10	-90.140885
901800	9.7228341e-10	-90.122071
901900	9.7651136e-10	-90.103227
902000	9.8076456e-10	-90.084352
902100	9.8504319e-10	-90.065447
902200	9.8934744e-10	-90.046512
902300	9.936775e-10	-90.027545
902400	9.9803358e-10	-90.008548
902500	1.0024159e-09	-89.989521
902600	1.0068246e-09	-89.970462
902700	1.0112599e-09	-89.951372
902800	1.015722e-09	-89.932252
902900	1.0202111e-09	-89.9131
903000	1.0247274e-09	-89.893916
903100	1.0292712e-09	-89.874702
903200	1.0338426e-09	-89.855456
903300	1.0384419e-09	-89.836178
903400	1.0430692e-09	-89.816869
903500	1.0477248e-09	-89.797528
903600	1.0524089e-09	-89.778155
903700	1.0571217e-09	-89.75875
903800	1.0618635e-09	-89.739313
903900	1.0666344e-09	-89.719844
904000	1.0714347e-09	-89.700343
904100	1.0762647e-09	-89.680809
904200	1.0811244e-09	-89.661243
904300	1.0860143e-09	-89.641645
904400	1.0909345e-09	-89.622013
904500	1.0958852e-09	-89.602349
904600	1.1008667e-09	-89.582653
904700	1.1058793e-09	-89.562923
904800	1.1109231e-09	-89.54316
904900	1.1159985e-09	-89.523364
905000	1.1211056e-09	-89.503535
905100	1.1262447e-09	-89.483672
905200	1.1314162e-09	-89.463776
905300	1.1366201e-09	-89.443847
905400	1.1418569e-09	-89.423883
905500	1.1471267e-09	-89.403886
905600	1.1524298e-09	-89.383855
905700	1.1577664e-09	-89.36379
905800	1.163137e-09	-89.343691
905900	1.1685416e-09	-89.323558
906000	1.1739806e-09	-89.303391
906100	1.1794543e-09	-89.283189
906200	1.184963e-09	-89.262952
906300	1.1905069e-09	-89.242681
906400	1.1960862e-09	-89.222375
906500	1.2017014e-09	-89.202034
906600	1.2073527e-09	-89.181658
906700	1.2130403e-09	-89.161248
906800	1.2187646e-09	-89.140802
906900	1.2245259e-09	-89.12032
907000	1.2303245e-09	-89.099803
907100	1.2361606e-09	-89.079251
907200	1.2420347e-09	-89.058663
907300	1.2479469e-09	-89.038039
907400	1.2538976e-09	-89.017379
907500	1.2598872e-09	-88.996683
907600	1.2659159e-09	-88.975952
907700	1.271984e-09	-88.955183
907800	1.278092e-09	-88.934379
907900	1.2842401e-09	-88.913538
908000	1.2904286e-09	-88.89266
908100	1.2966579e-09	-88.871746
908200	1.3029284e-09	-88.850795
908300	1.3092403e-09	-88.829806
908400	1.3155941e-09	-88.808781
908500	1.32199e-09	-88.787718
908600	1.3284284e-09	-88.766618
908700	1.3349097e-09	-88.745481
908800	1.3414343e-09	-88.724306
908900	1.3480024e-09	-88.703093
909000	1.3546145e-09	-88.681843
909100	1.361271e-09	-88.660554
909200	1.3679722e-09	-88.639227
909300	1.3747184e-09	-88.617862
909400	1.3815102e-09	-88.596459
909500	1.3883478e-09	-88.575017
909600	1.3952317e-09	-88.553537
909700	1.4021622e-09	-88.532017
909800	1.4091398e-09	-88.510459
909900	1.4161648e-09	-88.488862
910000	1.4232377e-09	-88.467226
910100	1.4303588e-09	-88.44555
910200	1.4375286e-09	-88.423835
910300	1.4447476e-09	-88.40208
910400	1.4520161e-09	-88.380286
910500	1.4593345e-09	-88.358452
910600	1.4667033e-09	-88.336577
910700	1.474123e-09	-88.314663
910800	1.4815939e-09	-88.292708
910900	1.4891166e-09	-88.270713
911000	1.4966914e-09	-88.248677
911100	1.5043189e-09	-88.226601
911200	1.5119994e-09	-88.204484
911300	1.5197336e-09	-88.182325
911400	1.5275217e-09	-88.160126
911500	1.5353643e-09	-88.137885
911600	1.543262e-09	-88.115603
911700	1.5512151e-09	-88.09328
911800	1.5592242e-09	-88.070914
911900	1.5672897e-09	-88.048507
912000	1.5754122e-09	-88.026058
912100	1.5835922e-09	-88.003566
912200	1.5918302e-09	-87.981033
912300	1.6001267e-09	-87.958456
912400	1.6084822e-09	-87.935837
912500	1.6168973e-09	-87.913176
912600	1.6253725e-09	-87.890471
912700	1.6339083e-09	-87.867723
912800	1.6425053e-09	-87.844932
912900	1.6511641e-09	-87.822098
913000	1.6598852e-09	-87.79922
913100	1.6686691e-09	-87.776298
913200	1.6775165e-09	-87.753332
913300	1.6864279e-09	-87.730322
913400	1.6954039e-09	-87.707268
913500	1.7044451e-09	-87.68417
913600	1.7135521e-09	-87.661027
913700	1.7227255e-09	-87.637839
913800	1.7319659e-09	-87.614607
913900	1.7412739e-09	-87.591329
914000	1.7506502e-09	-87.568006
914100	1.7600954e-09	-87.544638
914200	1.7696101e-09	-87.521224
914300	1.779195e-09	-87.497764
914400	1.7888507e-09	-87.474259
914500	1.798578e-09	-87.450707
914600	1.8083773e-09	-87.427109
914700	1.8182495e-09	-87.403465
914800	1.8281953e-09	-87.379774
914900	1.8382152e-09	-87.356036
915000	1.8483101e-09	-87.332252
915100	1.8584806e-09	-87.30842
915200	1.8687274e-09	-87.28454
915300	1.8790513e-09	-87.260614
915400	1.8894529e-09	-87.236639
915500	1.8999331e-09	-87.212617
915600	1.9104926e-09	-87.188546
915700	1.9211322e-09	-87.164428
915800	1.9318525e-09	-87.14026
915900	1.9426544e-09	-87.116044
916000	1.9535387e-09	-87.09178
916100	1.9645062e-09	-87.067466
916200	1.9755577e-09	-87.043103
916300	1.9866939e-09	-87.01869
916400	1.9979157e-09	-86.994228
916500	2.0092239e-09	-86.969717
916600	2.0206195e-09	-86.945155
916700	2.0321031e-09	-86.920543
916800	2.0436758e-09	-86.89588
916900	2.0553383e-09	-86.871167
917000	2.0670916e-09	-86.846403
917100	2.0789365e-09	-86.821588
917200	2.090874e-09	-86.796721
917300	2.1029049e-09	-86.771804
917400	2.1150302e-09	-86.746834
917500	2.1272508e-09	-86.721813
917600	2.1395677e-09	-86.69674
917700	2.1519818e-09	-86.671614
917800	2.1644941e-09	-86.646436
917900	2.1771056e-09	-86.621205
918000	2.1898173e-09	-86.595921
918100	2.2026301e-09	-86.570584
918200	2.2155452e-09	-86.545194
918300	2.2285635e-09	-86.51975
918400	2.2416861e-09	-86.494252
918500	2.254914e-09	-86.4687
918600	2.2682483e-09	-86.443094
918700	2.2816902e-09	-86.417433
918800	2.2952406e-09	-86.391718
918900	2.3089007e-09	-86.365947
919000	2.3226716e-09	-86.340122
919100	2.3365545e-09	-86.314241
919200	2.3505505e-09	-86.288304
919300	2.3646608e-09	-86.262311
919400	2.3788866e-09	-86.236263
919500	2.393229e-09	-86.210157
919600	2.4076893e-09	-86.183996
919700	2.4222686e-09	-86.157777
919800	2.4369684e-09	-86.131501
919900	2.4517897e-09	-86.105168
920000	2.4667339e-09	-86.078777
920100	2.4818022e-09	-86.052328
920200	2.496996e-09	-86.025821
920300	2.5123166e-09	-85.999256
920400	2.5277654e-09	-85.972632
920500	2.5433436e-09	-85.94595
920600	2.5590527e-09	-85.919208
920700	2.5748941e-09	-85.892406
920800	2.5908691e-09	-85.865545
920900	2.6069792e-09	-85.838624
921000	2.6232259e-09	-85.811643
921100	2.6396106e-09	-85.784601
921200	2.6561348e-09	-85.757499
921300	2.6728e-09	-85.730335
921400	2.6896077e-09	-85.703111
921500	2.7065595e-09	-85.675824
921600	2.7236569e-09	-85.648476
921700	2.7409016e-09	-85.621066
921800	2.7582951e-09	-85.593593
921900	2.775839e-09	-85.566057
922000	2.7935351e-09	-85.538459
922100	2.811385e-09	-85.510797
922200	2.8293903e-09	-85.483071
922300	2.8475528e-09	-85.455282
922400	2.8658743e-09	-85.427429
922500	2.8843565e-09	-85.399511
922600	2.9030011e-09	-85.371528
922700	2.9218101e-09	-85.34348
922800	2.9407852e-09	-85.315367
922900	2.9599283e-09	-85.287188
923000	2.9792413e-09	-85.258943
923100	2.9987261e-09	-85.230632
923200	3.0183846e-09	-85.202254
923300	3.0382189e-09	-85.173809
923400	3.0582308e-09	-85.145297
923500	3.0784225e-09	-85.116718
923600	3.0987959e-09	-85.08807
923700	3.1193532e-09	-85.059355
923800	3.1400964e-09	-85.03057
923900	3.1610277e-09	-85.001717
924000	3.1821492e-09	-84.972795
924100	3.2034632e-09	-84.943803
924200	3.2249719e-09	-84.914741
924300	3.2466775e-09	-84.885609
924400	3.2685823e-09	-84.856406
924500	3.2906886e-09	-84.827132
924600	3.3129989e-09	-84.797787
924700	3.3355154e-09	-84.76837
924800	3.3582406e-09	-84.738882
924900	3.381177e-09	-84.709321
925000	3.4043271e-09	-84.679687
925100	3.4276933e-09	-84.64998
925200	3.4512783e-09	-84.6202
925300	3.4750846e-09	-84.590346
925400	3.499115e-09	-84.560418
925500	3.5233719e-09	-84.530415
925600	3.5478583e-09	-84.500337
925700	3.5725768e-09	-84.470184
925800	3.5975303e-09	-84.439955
925900	3.6227215e-09	-84.409651
926000	3.6481534e-09	-84.379269
926100	3.6738288e-09	-84.348811
926200	3.6997509e-09	-84.318275
926300	3.7259224e-09	-84.287662
926400	3.7523466e-09	-84.256971
926500	3.7790265e-09	-84.226201
926600	3.8059652e-09	-84.195352
926700	3.833166e-09	-84.164424
926800	3.8606321e-09	-84.133416
926900	3.8883667e-09	-84.102328
927000	3.9163733e-09	-84.071159
927100	3.9446552e-09	-84.039909
927200	3.9732159e-09	-84.008578
927300	4.0020588e-09	-83.977165
927400	4.0311876e-09	-83.94567
927500	4.0606057e-09	-83.914092
927600	4.0903169e-09	-83.88243
927700	4.1203249e-09	-83.850685
927800	4.1506334e-09	-83.818856
927900	4.1812464e-09	-83.786942
928000	4.2121676e-09	-83.754944
928100	4.243401e-09	-83.722859
928200	4.2749507e-09	-83.690689
928300	4.3068208e-09	-83.658432
928400	4.3390152e-09	-83.626088
928500	4.3715384e-09	-83.593657
928600	4.4043945e-09	-83.561138
928700	4.4375879e-09	-83.52853
928800	4.471123e-09	-83.495834
928900	4.5050043e-09	-83.463048
929000	4.5392363e-09	-83.430172
929100	4.5738237e-09	-83.397206
929200	4.6087711e-09	-83.364149
929300	4.6440833e-09	-83.331
929400	4.6797653e-09	-83.297759
929500	4.7158219e-09	-83.264426
929600	4.7522581e-09	-83.231
929700	4.789079e-09	-83.19748
929800	4.8262899e-09	-83.163866
929900	4.8638959e-09	-83.130157
930000	4.9019025e-09	-83.096353
930100	4.940315e-09	-83.062454
930200	4.979139e-09	-83.028457
930300	5.0183802e-09	-82.994364
930400	5.0580442e-09	-82.960174
930500	5.0981368e-09	-82.925885
930600	5.138664e-09	-82.891498
930700	5.1796317e-09	-82.857011
930800	5.2210462e-09	-82.822425
930900	5.2629135e-09	-82.787738
931000	5.30524e-09	-82.75295
931100	5.3480322e-09	-82.71806
931200	5.3912966e-09	-82.683068
931300	5.4350398e-09	-82.647973
931400	5.4792686e-09	-82.612774
931500	5.5239899e-09	-82.577471
931600	5.5692106e-09	-82.542064
931700	5.614938e-09	-82.50655
931800	5.6611792e-09	-82.470931
931900	5.7079417e-09	-82.435205
932000	5.7552329e-09	-82.399371
932100	5.8030605e-09	-82.363429
932200	5.8514322e-09	-82.327378
932300	5.9003561e-09	-82.291218
932400	5.94984e-09	-82.254947
932500	5.9998922e-09	-82.218566
932600	6.0505211e-09	-82.182072
932700	6.1017351e-09	-82.145467
932800	6.1535429e-09	-82.108748
932900	6.2059533e-09	-82.071915
933000	6.2589753e-09	-82.034968
933100	6.3126179e-09	-81.997905
933200	6.3668905e-09	-81.960726
933300	6.4218026e-09	-81.923431
933400	6.4773637e-09	-81.886017
933500	6.5335837e-09	-81.848485
933600	6.5904726e-09	-81.810834
933700	6.6480406e-09	-81.773063
933800	6.706298e-09	-81.735172
933900	6.7652554e-09	-81.697158
934000	6.8249236e-09	-81.659022
934100	6.8853135e-09	-81.620763
934200	6.9464364e-09	-81.582379
934300	7.0083036e-09	-81.543871
934400	7.0709267e-09	-81.505237
934500	7.1343176e-09	-81.466476
934600	7.1984882e-09	-81.427587
934700	7.263451e-09	-81.38857
934800	7.3292184e-09	-81.349423
934900	7.3958032e-09	-81.310147
935000	7.4632184e-09	-81.270739
935100	7.5314772e-09	-81.231198
935200	7.6005933e-09	-81.191525
935300	7.6705804e-09	-81.151718
935400	7.7414526e-09	-81.111775
935500	7.8132242e-09	-81.071697
935600	7.8859099e-09	-81.031482
935700	7.9595245e-09	-80.991129
935800	8.0340835e-09	-80.950637
935900	8.1096021e-09	-80.910005
936000	8.1860965e-09	-80.869231
936100	8.2635825e-09	-80.828316
936200	8.3420769e-09	-80.787258
936300	8.4215964e-09	-80.746056
936400	8.5021583e-09	-80.704708
936500	8.5837799e-09	-80.663214
936600	8.6664793e-09	-80.621573
936700	8.7502748e-09	-80.579783
936800	8.8351849e-09	-80.537844
936900	8.9212287e-09	-80.495753
937000	9.0084257e-09	-80.453511
937100	9.0967957e-09	-80.411116
937200	9.186359e-09	-80.368566
937300	9.2771363e-09	-80.325861
937400	9.3691487e-09	-80.282999
937500	9.4624178e-09	-80.239979
937600	9.5569658e-09	-80.1968
937700	9.6528151e-09	-80.15346
937800	9.7499887e-09	-80.109959
937900	9.8485103e-09	-80.066295
938000	9.9484038e-09	-80.022466
938100	1.0049694e-08	-79.978472
938200	1.0152406e-08	-79.93431
938300	1.0256564e-08	-79.889981
938400	1.0362197e-08	-79.845482
938500	1.046933e-08	-79.800811
938600	1.0577991e-08	-79.755968
938700	1.0688207e-08	-79.710951
938800	1.0800008e-08	-79.665759
938900	1.0913423e-08	-79.62039
939000	1.1028482e-08	-79.574843
939100	1.1145215e-08	-79.529115
939200	1.1263655e-08	-79.483207
939300	1.1383832e-08	-79.437115
939400	1.150578e-08	-79.390839
939500	1.1629533e-08	-79.344377
939600	1.1755125e-08	-79.297727
939700	1.1882591e-08	-79.250888
939800	1.2011967e-08	-79.203859
939900	1.2143291e-08	-79.156636
940000	1.2276599e-08	-79.109219
940100	1.2411931e-08	-79.061606
940200	1.2549327e-08	-79.013796
940300	1.2688826e-08	-78.965786
940400	1.2830471e-08	-78.917574
940500	1.2974304e-08	-78.869159
940600	1.3120368e-08	-78.82054
940700	1.3268709e-08	-78.771713
940800	1.3419372e-08	-78.722678
940900	1.3572404e-08	-78.673432
941000	1.3727853e-08	-78.623974
941100	1.3885769e-08	-78.574301
941200	1.4046202e-08	-78.524411
941300	1.4209204e-08	-78.474303
941400	1.4374828e-08	-78.423974
941500	1.4543128e-08	-78.373422
941600	1.4714161e-08	-78.322645
941700	1.4887984e-08	-78.271641
941800	1.5064656e-08	-78.220408
941900	1.5244237e-08	-78.168943
942000	1.5426789e-08	-78.117245
942100	1.5612375e-08	-78.06531
942200	1.5801062e-08	-78.013137
942300	1.5992916e-08	-77.960724
942400	1.6188005e-08	-77.908067
942500	1.6386401e-08	-77.855164
942600	1.6588175e-08	-77.802014
942700	1.6793404e-08	-77.748613
942800	1.7002162e-08	-77.694959
942900	1.7214529e-08	-77.641049
943000	1.7430585e-08	-77.58688
943100	1.7650415e-08	-77.532451
943200	1.7874102e-08	-77.477758
943300	1.8101735e-08	-77.422798
943400	1.8333404e-08	-77.367569
943500	1.8569202e-08	-77.312068
943600	1.8809224e-08	-77.256291
943700	1.9053568e-08	-77.200237
943800	1.9302336e-08	-77.143901
943900	1.9555631e-08	-77.087282
944000	1.9813561e-08	-77.030375
944100	2.0076234e-08	-76.973177
944200	2.0343766e-08	-76.915687
944300	2.0616271e-08	-76.857899
944400	2.0893872e-08	-76.799811
944500	2.117669e-08	-76.741419
944600	2.1464854e-08	-76.682721
944700	2.1758495e-08	-76.623712
944800	2.2057748e-08	-76.564388
944900	2.2362752e-08	-76.504747
945000	2.2673652e-08	-76.444785
945100	2.2990596e-08	-76.384498
945200	2.3313736e-08	-76.323881
945300	2.364323e-08	-76.262932
945400	2.3979241e-08	-76.201646
945500	2.4321936e-08	-76.140019
945600	2.4671489e-08	-76.078046
945700	2.5028078e-08	-76.015725
945800	2.5391887e-08	-75.95305
945900	2.5763108e-08	-75.890018
946000	2.6141936e-08	-75.826623
946100	2.6528575e-08	-75.762861
946200	2.6923235e-08	-75.698728
946300	2.7326133e-08	-75.634218
946400	2.7737492e-08	-75.569328
946500	2.8157546e-08	-75.504052
946600	2.8586533e-08	-75.438385
946700	2.9024701e-08	-75.372323
946800	2.9472306e-08	-75.305859
946900	2.9929615e-08	-75.238989
947000	3.0396902e-08	-75.171707
947100	3.087445e-08	-75.104008
947200	3.1362555e-08	-75.035886
947300	3.1861521e-08	-74.967335
947400	3.2371664e-08	-74.89835
947500	3.2893311e-08	-74.828924
947600	3.3426801e-08	-74.759052
947700	3.3972486e-08	-74.688727
947800	3.4530731e-08	-74.617942
947900	3.5101913e-08	-74.546692
948000	3.5686425e-08	-74.47497
948100	3.6284674e-08	-74.402768
948200	3.6897083e-08	-74.33008
948300	3.752409e-08	-74.256898
948400	3.8166151e-08	-74.183216
948500	3.8823741e-08	-74.109026
948600	3.949735e-08	-74.03432
948700	4.018749e-08	-73.959091
948800	4.0894694e-08	-73.88333
948900	4.1619513e-08	-73.80703
949000	4.2362525e-08	-73.730182
949100	4.3124327e-08	-73.652777
949200	4.3905544e-08	-73.574806
949300	4.4706825e-08	-73.496262
949400	4.5528846e-08	-73.417134
949500	4.6372312e-08	-73.337413
949600	4.7237959e-08	-73.257089
949700	4.8126552e-08	-73.176153
949800	4.9038891e-08	-73.094594
949900	4.9975811e-08	-73.012402
950000	5.0938181e-08	-72.929566
950100	5.1926912e-08	-72.846075
950200	5.2942954e-08	-72.761918
950300	5.3987299e-08	-72.677084
950400	5.5060984e-08	-72.59156
950500	5.6165096e-08	-72.505335
950600	5.7300771e-08	-72.418395
950700	5.8469196e-08	-72.330729
950800	5.9671616e-08	-72.242322
950900	6.0909337e-08	-72.153161
951000	6.2183723e-08	-72.063233
951100	6.3496208e-08	-71.972522
951200	6.4848294e-08	-71.881014
951300	6.6241559e-08	-71.788695
951400	6.7677658e-08	-71.695547
951500	6.9158331e-08	-71.601555
951600	7.0685405e-08	-71.506703
951700	7.2260801e-08	-71.410972
951800	7.3886542e-08	-71.314347
951900	7.5564754e-08	-71.216807
952000	7.7297678e-08	-71.118336
952100	7.9087673e-08	-71.018912
952200	8.0937228e-08	-70.918517
952300	8.2848966e-08	-70.817129
952400	8.4825657e-08	-70.714728
952500	8.6870225e-08	-70.611291
952600	8.8985759e-08	-70.506795
952700	9.1175526e-08	-70.401217
952800	9.344298e-08	-70.294533
952900	9.5791778e-08	-70.186718
953000	9.8225794e-08	-70.077745
953100	1.0074913e-07	-69.967587
953200	1.0336615e-07	-69.856217
953300	1.0608147e-07	-69.743605
953400	1.089e-07	-69.629721
953500	1.1182695e-07	-69.514535
953600	1.1486788e-07	-69.398014
953700	1.1802869e-07	-69.280124
953800	1.2131567e-07	-69.160831
953900	1.2473555e-07	-69.040098
954000	1.2829547e-07	-68.917887
954100	1.3200309e-07	-68.794159
954200	1.3586657e-07	-68.668874
954300	1.3989466e-07	-68.541989
954400	1.4409674e-07	-68.413459
954500	1.4848282e-07	-68.283238
954600	1.530637e-07	-68.151278
954700	1.5785092e-07	-68.017529
954800	1.6285693e-07	-67.881938
954900	1.6809511e-07	-67.744449
955000	1.7357989e-07	-67.605006
955100	1.7932681e-07	-67.463548
955200	1.8535267e-07	-67.320011
955300	1.9167565e-07	-67.174331
955400	1.9831539e-07	-67.026436
955500	2.0529322e-07	-66.876254
955600	2.1263226e-07	-66.723708
955700	2.2035766e-07	-66.568718
955800	2.284968e-07	-66.411199
955900	2.370795e-07	-66.25106
956000	2.4613834e-07	-66.088207
956100	2.5570893e-07	-65.922541
956200	2.6583029e-07	-65.753955
956300	2.765452e-07	-65.582339
956400	2.8790071e-07	-65.407573
956500	2.9994862e-07	-65.229531
956600	3.1274608e-07	-65.048081
956700	3.2635625e-07	-64.863081
956800	3.4084914e-07	-64.674378
956900	3.5630243e-07	-64.481812
957000	3.7280259e-07	-64.285211
957100	3.9044607e-07	-64.084389
957200	4.0934071e-07	-63.879151
957300	4.2960742e-07	-63.669282
957400	4.5138215e-07	-63.454556
957500	4.7481817e-07	-63.234727
957600	5.0008885e-07	-63.009528
957700	5.2739087e-07	-62.778674
957800	5.5694818e-07	-62.541852
957900	5.8901664e-07	-62.298724
958000	6.2388971e-07	-62.048922
958100	6.6190537e-07	-61.792041
958200	7.0345446e-07	-61.52764
958300	7.489911e-07	-61.255233
958400	7.9904551e-07	-60.974285
958500	8.5423996e-07	-60.684201
958600	9.1530892e-07	-60.384323
958700	9.8312448e-07	-60.073915
958800	1.0587289e-06	-59.752152
958900	1.1433768e-06	-59.418106
959000	1.2385897e-06	-59.070726
959100	1.3462284e-06	-58.708813
959200	1.4685896e-06	-58.330995
959300	1.6085367e-06	-57.93569
959400	1.7696787e-06	-57.521056
959500	1.9566215e-06	-57.084932
959600	2.1753236e-06	-56.624761
959700	2.4336139e-06	-56.137483
959800	2.7419591e-06	-55.61939
959900	3.1146343e-06	-55.065929
960000	3.5715598e-06	-54.471421
960100	4.1412849e-06	-53.828649
960200	4.8660312e-06	-53.128251
960300	5.8106274e-06	-52.35777
960400	7.0792566e-06	-51.500123
960500	8.8490885e-06	-50.531015
960600	1.1443902e-05	-49.414259
960700	1.5514252e-05	-48.092692
960800	2.2549904e-05	-46.468553
960900	3.6689033e-05	-44.354637
961000	7.3748717e-05	-41.322455
961100	0.00025166213	-35.991821
961200	0.25071826	-6.0081403
961300	0.00019093918	-37.19105
961400	3.3333055e-05	-44.771249
961500	8.6924356e-06	-50.608585
961600	1.7549439e-06	-57.557368
961700	5.2127425e-09	-82.829337
961800	1.3730997e-06	-58.622979
961900	7.608069e-06	-51.187256
962000	2.9843274e-05	-45.251535
962100	0.00016475472	-37.831621
962200	0.24772685	-6.0602692
962300	0.00028367285	-35.471822
962400	7.9040824e-05	-41.021485
962500	3.8864673e-05	-44.10445
962600	2.3826681e-05	-46.229365
962700	1.6407258e-05	-47.84964
962800	1.2132628e-05	-49.160451
962900	9.4128049e-06	-50.262809
963000	7.5588912e-06	-51.215419
963100	6.2297817e-06	-52.055272
963200	5.2394759e-06	-52.807122
963300	4.478862e-06	-53.488323
963400	3.880158e-06	-54.111506
963500	3.3992694e-06	-54.686144
963600	3.0064027e-06	-55.219529
963700	2.6807784e-06	-55.717391
963800	2.4075092e-06	-56.184321
963900	2.175679e-06	-56.624052
964000	1.9771222e-06	-57.039665
964100	1.8056221e-06	-57.433731
964200	1.6563715e-06	-57.808423
964300	1.5256018e-06	-58.165588
964400	1.4103217e-06	-58.506818
964500	1.3081304e-06	-58.83349
964600	1.2170812e-06	-59.146805
964700	1.1355814e-06	-59.447817
964800	1.0623168e-06	-59.737459
964900	9.9619487e-07	-60.016557
965000	9.3630043e-07	-60.285848
965100	8.818623e-07	-60.545992
965200	8.3222645e-07	-60.797585
965300	7.8683515e-07	-61.041162
965400	7.4521027e-07	-61.277212
965500	7.069399e-07	-61.506175
965600	6.7166755e-07	-61.728456
965700	6.3908336e-07	-61.944425
965800	6.0891691e-07	-62.15442
965900	5.8093129e-07	-62.358752
966000	5.549182e-07	-62.55771
966100	5.3069389e-07	-62.751559
966200	5.0809571e-07	-62.940545
966300	4.8697925e-07	-63.124895
966400	4.6721595e-07	-63.304823
966500	4.4869102e-07	-63.480526
966600	4.3130169e-07	-63.652188
966700	4.1495574e-07	-63.819982
966800	3.9957019e-07	-63.984069
966900	3.8507025e-07	-64.1446
967000	3.713883e-07	-64.301718
967100	3.5846312e-07	-64.455555
967200	3.4623918e-07	-64.606238
967300	3.3466597e-07	-64.753884
967400	3.2369749e-07	-64.898607
967500	3.1329177e-07	-65.04051
967600	3.0341046e-07	-65.179695
967700	2.9401842e-07	-65.316255
967800	2.8508345e-07	-65.45028
967900	2.7657598e-07	-65.581855
968000	2.684688e-07	-65.711062
968100	2.6073686e-07	-65.837976
968200	2.5335704e-07	-65.96267
968300	2.46308e-07	-66.085215
968400	2.3957001e-07	-66.205676
968500	2.3312478e-07	-66.324116
968600	2.2695537e-07	-66.440595
968700	2.2104607e-07	-66.555172
968800	2.1538225e-07	-66.667901
968900	2.0995034e-07	-66.778834
969000	2.0473766e-07	-66.888023
969100	1.9973243e-07	-66.995514
969200	1.9492363e-07	-67.101355
969300	1.9030099e-07	-67.20559
969400	1.8585489e-07	-67.30826
969500	1.8157634e-07	-67.409407
969600	1.7745691e-07	-67.509071
969700	1.7348871e-07	-67.607288
969800	1.6966432e-07	-67.704095
969900	1.659768e-07	-67.799526
970000	1.6241959e-07	-67.893616
970100	1.5898656e-07	-67.986396
970200	1.5567191e-07	-68.077898
970300	1.5247019e-07	-68.168151
970400	1.4937626e-07	-68.257184
970500	1.4638529e-07	-68.345026
970600	1.4349268e-07	-68.431703
970700	1.4069412e-07	-68.517241
970800	1.3798552e-07	-68.601665
970900	1.3536302e-07	-68.685
971000	1.3282297e-07	-68.767268
971100	1.3036189e-07	-68.848493
971200	1.2797652e-07	-68.928697
971300	1.2566373e-07	-69.007901
971400	1.2342057e-07	-69.086125
971500	1.2124425e-07	-69.163389
971600	1.191321e-07	-69.239712
971700	1.1708159e-07	-69.315114
971800	1.1509032e-07	-69.389612
971900	1.1315601e-07	-69.463224
972000	1.1127647e-07	-69.535967
972100	1.0944963e-07	-69.607857
972200	1.0767352e-07	-69.678911
972300	1.0594626e-07	-69.749144
972400	1.0426605e-07	-69.818571
972500	1.0263118e-07	-69.887207
972600	1.0104001e-07	-69.955066
972700	9.9490991e-08	-70.022162
972800	9.7982622e-08	-70.088509
972900	9.6513482e-08	-70.15412
973000	9.5082208e-08	-70.219007
973100	9.3687497e-08	-70.283184
973200	9.2328103e-08	-70.346661
973300	9.1002831e-08	-70.409451
973400	8.9710538e-08	-70.471565
973500	8.845013e-08	-70.533015
973600	8.7220558e-08	-70.593811
973700	8.6020814e-08	-70.653965
973800	8.4849933e-08	-70.713485
973900	8.3706991e-08	-70.772383
974000	8.2591098e-08	-70.830668
974100	8.1501401e-08	-70.888349
974200	8.0437081e-08	-70.945437
974300	7.9397351e-08	-71.00194
974400	7.8381454e-08	-71.057867
974500	7.7388663e-08	-71.113227
974600	7.6418278e-08	-71.168028
974700	7.5469626e-08	-71.222278
974800	7.4542061e-08	-71.275986
974900	7.3634959e-08	-71.32916
975000	7.2747719e-08	-71.381806
975100	7.1879765e-08	-71.433933
975200	7.1030539e-08	-71.485549
975300	7.0199505e-08	-71.536659
975400	6.9386146e-08	-71.587272
975500	6.8589962e-08	-71.637394
975600	6.7810474e-08	-71.687032
975700	6.7047216e-08	-71.736193
975800	6.6299742e-08	-71.784882
975900	6.5567618e-08	-71.833106
976000	6.4850429e-08	-71.880871
976100	6.414777e-08	-71.928184
976200	6.3459254e-08	-71.97505
976300	6.2784502e-08	-72.021475
976400	6.2123153e-08	-72.067465
976500	6.1474854e-08	-72.113025
976600	6.0839267e-08	-72.15816
976700	6.0216062e-08	-72.202877
976800	5.9604922e-08	-72.247179
976900	5.9005538e-08	-72.291072
977000	5.8417615e-08	-72.334562
977100	5.7840863e-08	-72.377652
977200	5.7275003e-08	-72.420349
977300	5.6719766e-08	-72.462656
977400	5.617489e-08	-72.504578
977500	5.5640122e-08	-72.546119
977600	5.5115215e-08	-72.587285
977700	5.4599933e-08	-72.628079
977800	5.4094043e-08	-72.668506
977900	5.3597323e-08	-72.708569
978000	5.3109555e-08	-72.748273
978100	5.263053e-08	-72.787623
978200	5.2160042e-08	-72.826621
978300	5.1697894e-08	-72.865271
978400	5.1243894e-08	-72.903579
978500	5.0797855e-08	-72.941546
978600	5.0359596e-08	-72.979178
978700	4.992894e-08	-73.016477
978800	4.9505718e-08	-73.053446
978900	4.9089762e-08	-73.090091
979000	4.8680913e-08	-73.126413
979100	4.8279013e-08	-73.162416
979200	4.788391e-08	-73.198104
979300	4.7495455e-08	-73.233479
979400	4.7113506e-08	-73.268546
979500	4.6737922e-08	-73.303306
979600	4.6368568e-08	-73.337763
979700	4.600531e-08	-73.37192
979800	4.564802e-08	-73.405781
979900	4.5296573e-08	-73.439347
980000	4.4950848e-08	-73.472621
980100	4.4610725e-08	-73.505607
980200	4.4276089e-08	-73.538308
980300	4.3946827e-08	-73.570725
980400	4.3622831e-08	-73.602862
980500	4.3303994e-08	-73.634721
980600	4.2990211e-08	-73.666304
980700	4.2681383e-08	-73.697615
980800	4.2377409e-08	-73.728656
980900	4.2078196e-08	-73.759429
981000	4.1783648e-08	-73.789936
981100	4.1493675e-08	-73.820181
981200	4.1208189e-08	-73.850165
981300	4.0927101e-08	-73.87989
981400	4.0650329e-08	-73.909359
981500	4.037779e-08	-73.938575
981600	4.0109404e-08	-73.967538
981700	3.9845091e-08	-73.996252
981800	3.9584777e-08	-74.024718
981900	3.9328386e-08	-74.052939
982000	3.9075846e-08	-74.080916
982100	3.8827085e-08	-74.108652
982200	3.8582036e-08	-74.136149
982300	3.8340629e-08	-74.163408
982400	3.81028e-08	-74.190431
982500	3.7868483e-08	-74.217221
982600	3.7637617e-08	-74.243779
982700	3.7410139e-08	-74.270107
982800	3.718599e-08	-74.296207
982900	3.6965111e-08	-74.32208
983000	3.6747445e-08	-74.347729
983100	3.6532936e-08	-74.373154
983200	3.632153e-08	-74.398359
983300	3.6113173e-08	-74.423344
983400	3.5907813e-08	-74.44811
983500	3.57054e-08	-74.472661
983600	3.5505883e-08	-74.496997
983700	3.5309214e-08	-74.521119
983800	3.5115346e-08	-74.54503
983900	3.4924232e-08	-74.568731
984000	3.4735826e-08	-74.592224
984100	3.4550085e-08	-74.615509
984200	3.4366964e-08	-74.638588
984300	3.4186421e-08	-74.661464
984400	3.4008415e-08	-74.684136
984500	3.3832905e-08	-74.706607
984600	3.3659852e-08	-74.728878
984700	3.3489215e-08	-74.75095
984800	3.3320958e-08	-74.772825
984900	3.3155044e-08	-74.794504
985000	3.2991435e-08	-74.815988
985100	3.2830095e-08	-74.837279
985200	3.2670991e-08	-74.858377
985300	3.2514088e-08	-74.879284
985400	3.2359353e-08	-74.900002
985500	3.2206752e-08	-74.920531
985600	3.2056254e-08	-74.940872
985700	3.1907828e-08	-74.961028
985800	3.1761442e-08	-74.980998
985900	3.1617067e-08	-75.000784
986000	3.1474673e-08	-75.020388
986100	3.1334231e-08	-75.03981
986200	3.1195713e-08	-75.059051
986300	3.1059092e-08	-75.078112
986400	3.092434e-08	-75.096996
986500	3.0791431e-08	-75.115701
986600	3.0660339e-08	-75.134231
986700	3.0531038e-08	-75.152584
986800	3.0403503e-08	-75.170764
986900	3.027771e-08	-75.18877
987000	3.0153635e-08	-75.206603
987100	3.0031255e-08	-75.224265
987200	2.9910546e-08	-75.241757
987300	2.9791485e-08	-75.259078
987400	2.9674052e-08	-75.276231
987500	2.9558224e-08	-75.293217
987600	2.9443979e-08	-75.310035
987700	2.9331298e-08	-75.326687
987800	2.9220159e-08	-75.343174
987900	2.9110543e-08	-75.359497
988000	2.9002431e-08	-75.375656
988100	2.8895802e-08	-75.391653
988200	2.8790638e-08	-75.407487
988300	2.868692e-08	-75.423161
988400	2.8584631e-08	-75.438674
988500	2.8483753e-08	-75.454028
988600	2.8384268e-08	-75.469223
988700	2.8286159e-08	-75.48426
988800	2.818941e-08	-75.49914
988900	2.8094004e-08	-75.513864
989000	2.7999924e-08	-75.528431
989100	2.7907156e-08	-75.542844
989200	2.7815684e-08	-75.557103
989300	2.7725492e-08	-75.571207
989400	2.7636565e-08	-75.585159
989500	2.754889e-08	-75.598959
989600	2.7462451e-08	-75.612607
989700	2.7377235e-08	-75.626104
989800	2.7293228e-08	-75.639451
989900	2.7210417e-08	-75.652648
990000	2.7128787e-08	-75.665696
990100	2.7048326e-08	-75.678596
990200	2.6969022e-08	-75.691348
990300	2.6890862e-08	-75.703953
990400	2.6813833e-08	-75.716411
990500	2.6737924e-08	-75.728723
990600	2.6663122e-08	-75.74089
990700	2.6589417e-08	-75.752912
990800	2.6516797e-08	-75.764789
990900	2.644525e-08	-75.776523
991000	2.6374766e-08	-75.788114
991100	2.6305335e-08	-75.799562
991200	2.6236945e-08	-75.810867
991300	2.6169586e-08	-75.822031
991400	2.6103249e-08	-75.833054
991500	2.6037923e-08	-75.843937
991600	2.5973598e-08	-75.854679
991700	2.5910266e-08	-75.865281
991800	2.5847916e-08	-75.875745
991900	2.5786541e-08	-75.886069
992000	2.572613e-08	-75.896255
992100	2.5666674e-08	-75.906304
992200	2.5608167e-08	-75.916215
992300	2.5550598e-08	-75.925989
992400	2.5493959e-08	-75.935627
992500	2.5438243e-08	-75.945129
992600	2.5383442e-08	-75.954495
992700	2.5329547e-08	-75.963726
992800	2.5276551e-08	-75.972822
992900	2.5224447e-08	-75.981783
993000	2.5173228e-08	-75.990611
993100	2.5122885e-08	-75.999305
993200	2.5073412e-08	-76.007866
993300	2.5024803e-08	-76.016293
993400	2.497705e-08	-76.024589
993500	2.4930147e-08	-76.032752
993600	2.4884087e-08	-76.040783
993700	2.4838865e-08	-76.048683
993800	2.4794473e-08	-76.056451
993900	2.4750906e-08	-76.064089
994000	2.4708158e-08	-76.071596
994100	2.4666223e-08	-76.078973
994200	2.4625096e-08	-76.086221
994300	2.458477e-08	-76.093338
994400	2.4545241e-08	-76.100327
994500	2.4506503e-08	-76.107187
994600	2.4468551e-08	-76.113917
994700	2.443138e-08	-76.12052
994800	2.4394985e-08	-76.126994
994900	2.4359361e-08	-76.133341
995000	2.4324504e-08	-76.13956
995100	2.4290408e-08	-76.145652
995200	2.425707e-08	-76.151617
995300	2.4224485e-08	-76.157454
995400	2.4192649e-08	-76.163166
995500	2.4161557e-08	-76.168751
995600	2.4131205e-08	-76.17421
995700	2.410159e-08	-76.179543
995800	2.4072708e-08	-76.18475
995900	2.4044555e-08	-76.189833
996000	2.4017127e-08	-76.194789
996100	2.3990421e-08	-76.199621
996200	2.3964434e-08	-76.204328
996300	2.3939161e-08	-76.208911
996400	2.3914601e-08	-76.213369
996500	2.3890748e-08	-76.217702
996600	2.3867602e-08	-76.221912
996700	2.3845158e-08	-76.225998
996800	2.3823414e-08	-76.22996
996900	2.3802367e-08	-76.233798
997000	2.3782015e-08	-76.237514
997100	2.3762354e-08	-76.241105
997200	2.3743382e-08	-76.244574
997300	2.3725098e-08	-76.24792
997400	2.3707498e-08	-76.251143
997500	2.369058e-08	-76.254243
997600	2.3674343e-08	-76.257221
997700	2.3658784e-08	-76.260076
997800	2.3643901e-08	-76.262809
997900	2.3629692e-08	-76.265419
998000	2.3616157e-08	-76.267908
998100	2.3603292e-08	-76.270274
998200	2.3591096e-08	-76.272519
998300	2.3579568e-08	-76.274642
998400	2.3568707e-08	-76.276642
998500	2.355851e-08	-76.278522
998600	2.3548978e-08	-76.280279
998700	2.3540108e-08	-76.281916
998800	2.3531899e-08	-76.28343
998900	2.3524351e-08	-76.284824
999000	2.3517462e-08	-76.286095
999100	2.3511232e-08	-76.287246
999200	2.350566e-08	-76.288276
999300	2.3500745e-08	-76.289184
999400	2.3496486e-08	-76.289971
999500	2.3492884e-08	-76.290637
999600	2.3489937e-08	-76.291181
999700	2.3487645e-08	-76.291605
999800	2.3486009e-08	-76.291908
999900	2.3485027e-08	-76.292089
