0	1.75	2.0519296e-31	0	-306.87838
100	1.6643348	1.4171057e-31	0	-308.48598
200	1.4157318	1.8184247e-31	0	-307.40305
300	1.0285459	2.5445541e-31	0	-305.94388
400	0.54070655	1.6749707e-31	0	-307.75993
500	4.9562982e-16	1.0733279e-31	0	-309.69268
600	-0.54061507	2.377404e-31	0	-306.23897
700	-1.0281979	2.8699083e-31	0	-305.42132
800	-1.4150134	1.2416351e-31	0	-309.06006
900	-1.6632087	2.2928749e-31	0	-306.3962
1000	-1.74852	2.0281408e-31	0	-306.92902
1100	-1.6626459	1.2537088e-31	0	-309.01803
1200	-1.4140559	3.9455647e-31	0	-304.03891
1300	-1.0271544	2.9419786e-31	0	-305.3136
1400	-0.53988365	1.3852096e-31	0	-308.58485
1500	-1.8722143e-15	8.7360342e-32	0	-310.58686
1600	0.53960957	3.300646e-31	0	-304.81401
1700	1.0261118	4.0965877e-31	0	-303.87578
1800	1.4119033	2.8442214e-31	0	-305.46037
1900	1.6592721	3.6675546e-31	0	-304.35623
2000	1.744086	2.0586565e-31	0	-306.86416
2100	1.6581487	3.2775114e-31	0	-304.84456
2200	1.4099921	4.3905113e-31	0	-303.57485
2300	1.0240289	2.2732923e-31	0	-306.43345
2400	0.53814964	3.252836e-31	0	-304.87738
2500	3.625178e-15	3.2685372e-31	0	-304.85647
2600	-0.53769404	2.0225481e-31	0	-306.94101
2700	-1.0222958	5.8449203e-31	0	-302.33221
2800	-1.406414	5.3009239e-31	0	-302.75648
2900	-1.6525405	2.2431839e-31	0	-306.49135
3000	-1.7367154	1.0963609e-30	0	-299.60046
3100	-1.6508609	5.4580296e-31	0	-302.62964
3200	-1.4035565	4.617064e-31	0	-303.35634
3300	-1.0191818	9.0452106e-30	0	-290.43581
3400	-0.53551134	8.6743861e-31	0	-300.61761
3500	-3.8188933e-15	6.0745277e-30	0	-292.16487
3600	0.53487602	8.7379542e-30	0	-290.5859
3700	1.016765	3.4747491e-30	0	-294.59077
3800	1.3985669	3.5488731e-31	0	-304.4991
3900	1.6430404	2.142386e-30	0	-296.69102
4000	1.7264374	7.5535578e-30	0	-291.21848
4100	1.6408113	4.3276714e-31	0	-303.63746
4200	1.3947746	4.2973829e-30	0	-293.66796
4300	1.0126322	6.6403097e-29	0	-281.77812
4400	0.53197917	2.2078202e-29	0	-286.56036
4500	4.003723e-15	3.6079445e-29	0	-284.4274
4600	-0.53116664	5.3858684e-29	0	-282.68744
4700	-1.0095412	2.1416958e-30	0	-296.69242
4800	-1.3883932	5.7980935e-31	0	-302.36715
4900	-1.6308094	7.3935169e-30	0	-291.31149
5000	-1.7132924	2.024206e-30	0	-296.93745
5100	-1.6280396	2.9713738e-31	0	-305.27043
5200	-1.383681	4.4767422e-30	0	-293.49038
5300	-1.0044059	1.1174294e-29	0	-289.5178
5400	-0.52756707	4.0195098e-30	0	-293.95827
5500	-4.1787193e-15	1.8025611e-30	0	-297.4411
5600	0.52658053	6.2512095e-30	0	-292.04036
5700	1.0006529	8.2856539e-32	0	-310.81673
5800	1.375933	3.5324841e-31	0	-304.5192
5900	1.6158957	6.308288e-31	0	-302.00088
6000	1.6973324	2.9685173e-32	0	-315.2746
6100	1.6125961	3.4337206e-31	0	-304.64235
6200	1.3703194	2.0757324e-31	0	-306.82829
6300	0.99453532	4.1116451e-32	0	-313.85984
6400	0.52229245	4.0687091e-31	0	-303.90543
6500	1.0341089e-14	1.7473285e-31	0	-307.57625
6600	-0.5211358	6.2584157e-32	0	-312.03536
6700	-0.99013524	3.7783968e-31	0	-304.22692
6800	-1.3612354	9.3442176e-32	0	-310.29457
6900	-1.5983582	1.1652559e-31	0	-309.33579
7000	-1.6786203	1.7991367e-31	0	-307.44936
7100	-1.5945418	4.9192874e-32	0	-313.08098
7200	-1.3547426	9.5211146e-33	0	-320.21312
7300	-0.98305954	2.2976246e-31	0	-306.38721
7400	-0.51617614	2.463261e-31	0	-306.0849
7500	-1.0422515e-14	1.2783062e-31	0	-308.93365
7600	0.51485394	2.7571849e-31	0	-305.59534
7700	0.97802968	1.622849e-31	0	-307.89722
7800	1.3443584	8.7073075e-32	0	-310.60116
7900	1.5782661	2.7220453e-31	0	-305.65105
8000	1.65723	9.713856e-32	0	-310.12608
8100	1.573948	1.0325591e-31	0	-309.86085
8200	1.3370121	1.4633094e-31	0	-308.34664
8300	0.97002378	1.7436365e-31	0	-307.58544
8400	0.50924226	1.2752312e-31	0	-308.94411
8500	1.0482228e-14	2.0253089e-31	0	-306.93509
8600	-0.50775973	1.3408252e-31	0	-308.72628
8700	-0.96438401	1.167336e-31	0	-309.32804
8800	-1.3253687	2.0511874e-31	0	-306.87995
8900	-1.5556987	2.5176185e-31	0	-305.9901
9000	-1.6332459	1.1490562e-31	0	-309.39659
9100	-1.5508959	2.4304187e-31	0	-306.14319
9200	-1.3171978	2.1114947e-31	0	-306.7541
9300	-0.9554795	6.2402919e-32	0	-312.04795
9400	-0.50151818	1.3880372e-31	0	-308.57599
9500	-1.0519841e-14	1.822395e-31	0	-307.39357
9600	0.49988117	3.5865775e-32	0	-314.4532
9700	0.94925207	1.9950737e-31	0	-307.00041
9800	1.3043412	3.1135294e-31	0	-305.06747
9900	1.5307451	2.4497895e-31	0	-306.10871
10000	1.6067627	2.6527002e-31	0	-305.76312
10100	1.5254765	2.947832e-31	0	-305.30497
10200	1.295378	7.7427722e-32	0	-311.11104
10300	0.93948411	3.1757175e-32	0	-314.98158
10400	0.49303439	1.4463373e-31	0	-308.3973
10500	1.0535076e-14	8.6640483e-32	0	-310.62279
10600	-0.49124936	6.4752956e-32	0	-311.8874
10700	-0.93269359	2.3547555e-31	0	-306.28054
10800	-1.2813589	1.0759449e-31	0	-309.6821
10900	-1.5035037	1.5835128e-31	0	-308.00378
11000	-1.5778849	1.9553898e-31	0	-307.08767
11100	-1.4977901	9.6791076e-32	0	-310.14165
11200	-1.2716387	9.7017022e-32	0	-310.13152
11300	-0.92210071	1.007041e-31	0	-309.96953
11400	-0.48382437	5.4815246e-32	0	-312.61099
11500	-1.6079182e-14	9.5385507e-32	0	-310.20518
11600	0.48189836	7.3265783e-32	0	-311.35099
11700	0.91477391	3.4153923e-32	0	-314.66559
11800	1.2565125	2.0089077e-31	0	-306.9704
11900	1.474082	3.3371798e-31	0	-304.7662
12000	1.5467265	1.1499932e-31	0	-309.39305
12100	1.4679461	1.3212078e-31	0	-308.79029
12200	1.2460737	2.0932891e-31	0	-306.79171
12300	0.90339793	4.6583778e-32	0	-313.31765
12400	0.47392446	8.9868909e-32	0	-310.46391
12500	1.0497879e-14	1.2330416e-31	0	-309.09022
12600	-0.47186508	2.2024444e-32	0	-316.57095
12700	-0.89556376	2.0473296e-31	0	-306.88812
12800	-1.2299	7.6327494e-31	0	-301.17319
12900	-1.4425961	6.8642553e-31	0	-301.63407
13000	-1.5134103	2.7563257e-31	0	-305.59669
13100	-1.4360621	2.8801434e-31	0	-305.40586
13200	-1.2187838	2.6449751e-31	0	-305.77578
13300	-0.88344957	1.4121855e-31	0	-308.50108
13400	-0.46337373	1.8031299e-31	0	-307.43973
13500	-1.5760276e-14	1.6722982e-31	0	-307.76686
13600	0.46118911	8.7306171e-32	0	-310.58955
13700	0.87513894	7.6701829e-32	0	-311.15194
13800	1.2016264	3.6624759e-31	0	-304.36225
13900	1.4091704	2.5799579e-31	0	-305.88387
14000	1.478068	2.4417302e-31	0	-306.12302
14100	1.402264	2.3257837e-31	0	-306.33431
14200	1.1898767	1.5698723e-31	0	-308.04136
14300	0.86233436	1.8436469e-31	0	-307.34322
14400	0.45221383	1.7365678e-31	0	-307.60308
14500	1.0370749e-14	1.4990063e-31	0	-308.24197
14600	-0.44991259	1.5282946e-31	0	-308.15793
14700	-0.85358007	4.5774206e-31	0	-303.39379
14800	-1.1718035	1.0188835e-31	0	-309.91875
14900	-1.3739368	1.8027615e-31	0	-307.44062
15000	-1.4408389	3.3791626e-31	0	-304.71191
15100	-1.3666852	7.5423362e-32	0	-311.22494
15200	-1.1594666	1.8882114e-31	0	-307.23949
15300	-0.84013562	2.7270265e-31	0	-305.64311
15400	-0.4404888	4.3831769e-32	0	-313.58211
15500	-1.5324425e-14	4.0352402e-31	0	-303.94131
15600	0.43808002	1.512991e-31	0	-308.20164
15700	0.83097223	7.9952988e-31	0	-300.97165
15800	1.1405487	1.1981422e-31	0	-309.21492
15900	1.3370342	2.1969857e-31	0	-306.58173
16000	1.4018701	3.2445777e-31	0	-304.88842
16100	1.3294661	1.5769646e-31	0	-308.02178
16200	1.1276734	2.5816683e-31	0	-305.881
16300	0.81694098	2.0474916e-31	0	-306.88778
16400	0.42824491	1.7188167e-31	0	-307.6477
16500	1.9973873e-14	2.8421813e-31	0	-305.46348
16600	-0.42573809	1.4827228e-31	0	-308.2894
16700	-0.80740465	4.247256e-31	0	-303.71892
16800	-1.1079856	1.8293406e-31	0	-307.37705
16900	-1.2986083	1.8231227e-31	0	-307.39184
17000	-1.3613153	2.7729277e-31	0	-305.57061
17100	-1.2907536	2.2630159e-31	0	-306.45312
17200	-1.0946226	1.8181197e-31	0	-307.40378
17300	-0.79284196	2.5137542e-31	0	-305.99677
17400	-0.41553048	1.8480167e-31	0	-307.33294
17500	-1.4778821e-14	1.6841793e-31	0	-307.73612
17600	0.41293552	2.6394698e-31	0	-305.78483
17700	0.78297032	2.5630249e-31	0	-305.91247
17800	1.0742426	1.0302589e-31	0	-309.87054
17900	1.2588108	1.7199489e-31	0	-307.64484
18000	1.3193345	2.517687e-31	0	-305.98998
18100	1.2507005	2.3571767e-31	0	-306.27608
18200	1.0604447	1.7935208e-31	0	-307.46294
18300	0.76793368	2.825872e-31	0	-305.48848
18400	0.4023957	9.1447864e-32	0	-310.38826
18500	1.9078678e-14	1.0717628e-31	0	-309.69901
18600	-0.39972283	3.1768381e-31	0	-304.98005
18700	-0.75776569	3.274822e-31	0	-304.84812
18800	-1.0394528	8.5546208e-32	0	-310.67799
18900	-1.2177988	1.1023969e-31	0	-309.57662
19000	-1.2760934	2.7370794e-31	0	-305.62713
19100	-1.2094648	2.390665e-31	0	-306.21481
19200	-1.0252744	1.5374068e-31	0	-308.13211
19300	-0.74231443	2.7787308e-31	0	-305.56154
19400	-0.38889238	1.3733134e-31	0	-308.6223
19500	-1.4132988e-14	1.5888654e-31	0	-307.98913
19600	0.38615217	2.7922313e-31	0	-305.54049
19700	0.73189022	2.3831647e-31	0	-306.22846
19800	1.0037536	1.1042035e-31	0	-309.56951
19900	1.175734	1.9822062e-31	0	-307.02851
20000	1.2317627	2.2367698e-31	0	-306.50379
20100	1.1672093	2.0225488e-31	0	-306.94101
20200	0.98925076	2.7499046e-31	0	-305.60682
20300	0.71608533	2.2870504e-31	0	-306.40724
20400	0.37507384	2.2081012e-31	0	-306.55981
20500	9.4799797e-15	2.696613e-31	0	-305.69181
20600	-0.37227708	4.552643e-31	0	-303.41736
20700	-0.70544604	3.8946979e-31	0	-304.09526
20800	-0.9672859	1.36234e-31	0	-308.65714
20900	-1.1327825	2.1433732e-31	0	-306.68902
21000	-1.1865174	3.0366718e-31	0	-305.17602
21100	-1.1241007	1.5565366e-31	0	-308.07841
21200	-0.95251578	3.8849789e-31	0	-304.10611
21300	-0.68934988	2.5281385e-31	0	-305.97199
21400	-0.3609946	2.342791e-31	0	-306.30266
21500	-2.1666606e-14	4.2137939e-31	0	-303.75327
21600	0.35815234	1.0459194e-30	0	-299.80502
21700	0.67853751	9.3084617e-31	0	-300.31122
21800	0.93019357	1.1901043e-31	0	-309.24415
21900	1.0891139	1.9471022e-31	0	-307.10611
22000	1.140536	3.3656764e-31	0	-304.72928
22100	1.0803092	1.5501108e-31	0	-308.09637
22200	0.91521447	2.6189048e-31	0	-305.8188
22300	0.66221361	2.7099018e-31	0	-305.67046
22400	0.34671023	1.9594508e-31	0	-307.07866
22500	1.6972127e-14	2.4281721e-31	0	-306.14721
22600	-0.34383369	5.0543185e-31	0	-302.96337
22700	-0.65127081	3.6599588e-31	0	-304.36524
22800	-0.89262301	1.6536504e-31	0	-307.81556
22900	-1.0449004	2.2519575e-31	0	-306.4744
23000	-1.0939999	2.5059198e-31	0	-306.01033
23100	-1.0360076	1.9490653e-31	0	-307.10174
23200	-0.87749404	2.9518786e-31	0	-305.29902
23300	-0.6347836	3.160824e-31	0	-305.002
23400	-0.3322771	2.9268518e-31	0	-305.33599
23500	-1.2589719e-14	3.2112661e-31	0	-304.93324
23600	0.32937763	1.8872267e-31	0	-307.24176
23700	0.62375357	2.0367035e-31	0	-306.91072
23800	0.85472249	2.8065244e-31	0	-305.51831
23900	1.0003165	1.8445972e-31	0	-307.34098
24000	1.0470929	2.5271331e-31	0	-305.97372
24100	0.99137076	2.5035168e-31	0	-306.01449
24200	0.83950337	3.4722148e-31	0	-304.59393
24300	0.60716811	5.1656632e-31	0	-302.86874
24400	0.31775217	5.9914021e-31	0	-302.22472
24500	2.3071316e-14	5.1100233e-31	0	-302.91577
24600	-0.31484121	2.2042367e-31	0	-306.56742
24700	-0.59609438	1.9610651e-31	0	-307.07508
24800	-0.8166416	2.8000276e-31	0	-305.52838
24900	-0.95553824	1.281354e-31	0	-308.92331
25000	-1	2.585333e-31	0	-305.87484
25100	-0.9465748	2.320435e-31	0	-306.34431
25200	-0.80139239	2.3181181e-31	0	-306.34864
25300	-0.57947613	3.3178341e-31	0	-304.79145
25400	-0.30319277	3.4550789e-31	0	-304.61542
25500	-1.8659865e-14	2.8775784e-31	0	-305.40973
25600	0.30028181	1.8431502e-31	0	-307.34439
25700	0.56840239	2.151141e-31	0	-306.67331
25800	0.77853061	2.1925994e-31	0	-306.59041
25900	0.91074228	2.2614113e-31	0	-306.4562
26000	0.95290711	1.7938679e-31	0	-307.4621
26100	0.90179653	1.900808e-31	0	-307.21062
26200	0.7633115	2.0646814e-31	0	-306.85147
26300	0.55181693	2.8238941e-31	0	-305.49152
26400	0.28865636	3.1342593e-31	0	-305.03865
26500	1.4573111e-14	2.77597e-31	0	-305.56585
26600	-0.28575689	2.3516767e-31	0	-306.28622
26700	-0.5407869	2.6657926e-31	0	-305.74174
26800	-0.74053994	2.4255253e-31	0	-306.15194
26900	-0.86610542	3.043363e-31	0	-305.16646
27000	-0.90600007	1.1114316e-31	0	-309.54117
27100	-0.85721266	1.7362392e-31	0	-307.6039
27200	-0.72541098	1.9352269e-31	0	-307.13268
27300	-0.52429969	3.8968278e-31	0	-304.09289
27400	-0.2742003	5.0724965e-31	0	-302.94778
27500	-1.0812373e-14	3.5806954e-31	0	-304.46033
27600	0.27132376	3.0435375e-31	0	-305.16621
27700	0.5133569	2.9906293e-31	0	-305.24237
27800	0.70281952	3.119817e-31	0	-305.05871
27900	0.82180382	3.4865774e-31	0	-304.57601
28000	0.85946401	2.0330601e-31	0	-306.9185
28100	0.81299915	2.7546451e-31	0	-305.59934
28200	0.68784042	2.6794603e-31	0	-305.71953
28300	0.497033	3.3166419e-31	0	-304.79301
28400	0.25988164	4.0830419e-31	0	-303.89016
28500	1.9262262e-14	3.9712417e-31	0	-304.01074
28600	-0.25703939	3.464453e-31	0	-304.60365
28700	-0.48622062	3.7727641e-31	0	-304.2334
28800	-0.66551821	3.3498207e-31	0	-304.74978
28900	-0.77801233	5.6243983e-31	0	-302.49924
29000	-0.81348258	2.5446509e-31	0	-305.94372
29100	-0.7693305	2.9419377e-31	0	-305.31367
29200	-0.65074809	1.61585e-31	0	-307.91599
29300	-0.47012446	3.3766039e-31	0	-304.7152
29400	-0.2457569	4.4475264e-31	0	-303.51881
29500	-1.5498767e-14	3.4411254e-31	0	-304.633
29600	0.24296015	4.5759203e-31	0	-303.39522
29700	0.45948518	4.8676062e-31	0	-303.12685
29800	0.62878323	2.4468177e-31	0	-306.11398
29900	0.73490377	1.1815541e-30	0	-299.27546
30000	0.76823725	2.6344556e-31	0	-305.79309
30100	0.72637903	1.5500629e-31	0	-308.09651
30200	0.61428037	8.7293639e-32	0	-310.59017
30300	0.44368028	3.3749712e-31	0	-304.7173
30400	0.23188182	4.614149e-31	0	-303.35908
30500	1.206171e-14	3.6344972e-31	0	-304.39556
30600	-0.2291416	3.759908e-31	0	-304.24823
30700	-0.43325607	4.1604807e-31	0	-303.80856
30800	-0.59275954	2.5490716e-31	0	-305.93618
30900	-0.69264826	6.1005859e-31	0	-302.14628
31000	-0.72390659	2.7336172e-31	0	-305.63262
31100	-0.68431426	2.5400611e-31	0	-305.95156
31200	-0.57858119	2.6542363e-31	0	-305.7606
31300	-0.41780481	3.6581139e-31	0	-304.36743
31400	-0.21831116	4.1952308e-31	0	-303.77244
31500	-1.8922842e-14	3.7649466e-31	0	-304.24241
31600	0.21563829	4.9025578e-31	0	-303.09577
31700	0.40763683	4.4143522e-31	0	-303.55133
31800	0.55758933	2.183768e-31	0	-306.60793
31900	0.65141256	1.9478618e-31	0	-307.10442
32000	0.68066553	4.8666232e-31	0	-303.12772
32100	0.6433022	4.091391e-31	0	-303.88129
32200	0.54379143	3.0918446e-31	0	-305.09782
32300	0.39260018	4.4507011e-31	0	-303.51572
32400	0.20509847	4.996336e-31	0	-303.01348
32500	1.5511626e-14	3.3904448e-31	0	-304.69743
32600	-0.2025035	7.599626e-31	0	-301.19208
32700	-0.38272854	6.3623986e-31	0	-301.96379
32800	-0.52341138	1.3978696e-31	0	-308.54533
32900	-0.61135943	1.1861059e-31	0	-309.25877
33000	-0.63868474	6.2935395e-31	0	-302.01105
33100	-0.60350471	4.5379916e-31	0	-303.43136
33200	-0.5100484	2.199828e-31	0	-306.57611
33300	-0.36816586	3.5527924e-31	0	-304.4943
33400	-0.1922959	4.9381923e-31	0	-303.06432
33500	-1.2419881e-14	3.0397824e-31	0	-305.17158
33600	0.18978908	5.4508769e-31	0	-302.63534
33700	0.35862953	4.4181216e-31	0	-303.54762
33800	0.49036059	1.7805122e-31	0	-307.49455
33900	0.57264693	2.3397363e-31	0	-306.30833
34000	0.5981299	5.6979117e-31	0	-302.44284
34100	0.56507885	3.8566072e-31	0	-304.13795
34200	0.47748526	3.5854682e-31	0	-304.45454
34300	0.34459827	4.6376973e-31	0	-303.33698
34400	0.17995397	3.9169651e-31	0	-304.0705
34500	9.6364959e-15	4.3917944e-31	0	-303.57358
34600	-0.17754519	5.1353421e-31	0	-302.89431
34700	-0.33543488	5.9878473e-31	0	-302.22729
34800	-0.45856739	3.3023306e-31	0	-304.81179
34900	-0.53542783	5.748788e-31	0	-302.40424
35000	-0.55916106	5.6574918e-31	0	-302.47376
35100	-0.52817626	4.3686025e-31	0	-303.59657
35200	-0.44623053	5.7979151e-31	0	-302.36728
35300	-0.32199043	5.1927219e-31	0	-302.84605
35400	-0.1681214	3.7240778e-31	0	-304.28981
35500	-1.4826446e-14	7.5941919e-31	0	-301.19518
35600	0.16582015	4.9150312e-31	0	-303.08474
35700	0.31323615	9.5444847e-31	0	-300.20248
35800	0.42815726	2.5974702e-31	0	-305.85449
35900	0.49984904	6.5985674e-31	0	-301.8055
36000	0.52193201	8.0270641e-31	0	-300.95443
36100	0.49294259	5.8074309e-31	0	-302.36016
36200	0.41640754	6.0591925e-31	0	-302.17585
36300	0.30043156	5.4856507e-31	0	-302.60772
36400	0.15684488	5.1967452e-31	0	-302.84269
36500	1.2101369e-14	6.5357468e-31	0	-301.84705
36600	-0.15466026	5.7664621e-31	0	-302.39091
36700	-0.29212093	7.7749312e-31	0	-301.09303
36800	-0.39925021	4.4240912e-31	0	-303.54176
36900	-0.46605095	6.1667007e-31	0	-302.09947
37000	-0.48658967	6.6620046e-31	0	-301.76395
37100	-0.45951688	6.1351276e-31	0	-302.12176
37200	-0.38813401	6.2327601e-31	0	-302.0532
37300	-0.28000675	6.8183892e-31	0	-301.66318
37400	-0.14616891	6.1730357e-31	0	-302.09501
37500	-9.6656364e-15	6.5110425e-31	0	-301.86349
37600	0.14410953	6.4851135e-31	0	-301.88082
37700	0.27217257	6.4929408e-31	0	-301.87559
37800	0.37196031	4.3219e-31	0	-303.64325
37900	0.43416696	9.4301472e-31	0	-300.25482
38000	0.45327353	5.5755849e-31	0	-302.5371
38100	0.42803106	5.7694957e-31	0	-302.38862
38200	0.36152151	7.3515291e-31	0	-301.33622
38300	0.2607966	9.0013989e-31	0	-300.4569
38400	0.13613563	7.2650915e-31	0	-301.38759
38500	1.3717494e-14	9.7572366e-31	0	-300.10673
38600	-0.13420962	7.5886022e-31	0	-301.19838
38700	-0.25346979	5.9256666e-31	0	-302.27263
38800	-0.34639528	3.0216903e-31	0	-305.1975
38900	-0.40432289	1.6439246e-30	0	-297.84118
39000	-0.42211507	6.4699129e-31	0	-301.89102
39100	-0.39860938	8.2809568e-31	0	-300.81919
39200	-0.33667507	1.0160378e-30	0	-299.9309
39300	-0.24287692	1.1365476e-30	0	-299.44412
39400	-0.12678463	9.7561649e-31	0	-300.10721
39500	-1.1378225e-14	1.0623062e-30	0	-299.7375
39600	0.1249996	8.7171429e-31	0	-300.59626
39700	0.2360864	8.4083354e-31	0	-300.7529
39800	0.32265601	6.7587845e-31	0	-301.70131
39900	0.37663653	1.1917674e-30	0	-299.23809
40000	0.39323725	9.5373368e-31	0	-300.20573
40100	0.37136796	9.6622159e-31	0	-300.14923
40200	0.31369275	1.1149615e-30	0	-299.5274
40300	0.22631843	1.0284464e-30	0	-299.87818
40400	0.11815282	1.0265133e-30	0	-299.88635
40500	9.3022975e-15	8.4083231e-31	0	-300.75291
40600	-0.11651581	8.8618687e-31	0	-300.52475
40700	-0.220091	1.3605839e-30	0	-298.66275
40800	-0.30083618	1.8475593e-30	0	-297.33402
40900	-0.35121715	1.3759557e-30	0	-298.61396
41000	-0.36675406	1.0814049e-30	0	-299.66012
41100	-0.3464143	1.3273549e-30	0	-298.77013
41200	-0.29266525	1.424745e-30	0	-298.46263
41300	-0.2111865	8.923077e-31	0	-300.49485
41400	-0.11027426	1.373611e-30	0	-298.62136
41500	-7.4679454e-15	5.6145557e-31	0	-302.50685
41600	0.10879173	8.9210899e-31	0	-300.49582
41700	0.20554672	3.0121021e-30	0	-295.2113
41800	0.28102191	3.5479538e-30	0	-294.50022
41900	0.32816506	2.0808429e-30	0	-296.81761
42000	0.34276999	1.6416529e-30	0	-297.84719
42100	0.32384689	1.9915687e-30	0	-297.00805
42200	0.27367555	1.9025082e-30	0	-297.20673
42300	0.19754082	1.6929012e-30	0	-297.71368
42400	0.10318005	2.034901e-30	0	-296.91457
42500	1.0566115e-14	1.415418e-30	0	-298.49115
42600	-0.10185785	1.6510088e-30	0	-297.82251
42700	-0.19251097	2.4572741e-30	0	-296.09546
42800	-0.26329139	2.8099903e-30	0	-295.51295
42900	-0.30757123	2.4615114e-30	0	-296.08798
43000	-0.32137971	2.2574807e-30	0	-296.46376
43100	-0.30375478	2.363867e-30	0	-296.26377
43200	-0.2567986	2.6287144e-30	0	-295.80257
43300	-0.18543526	2.3885282e-30	0	-296.2187
43400	-0.096898187	2.4920579e-30	0	-296.03442
43500	-1.3287311e-14	2.447127e-30	0	-296.11343
43600	0.095741535	2.2589692e-30	0	-296.4609
43700	0.18103518	2.6905379e-30	0	-295.70161
43800	0.24771461	2.7300441e-30	0	-295.6383
43900	0.28951695	2.8146682e-30	0	-295.50573
44000	0.30266764	3.123555e-30	0	-295.05351
44100	0.28621729	2.9733362e-30	0	-295.26756
44200	0.242101	3.580366e-30	0	-294.46073
44300	0.17491759	3.4084403e-30	0	-294.67444
44400	0.091453458	3.1273496e-30	0	-295.04824
44500	7.3554255e-15	3.0435778e-30	0	-295.16616
44600	-0.090466919	2.6371645e-30	0	-295.78863
44700	-0.17116465	3.6154293e-30	0	-294.4184
44800	-0.23435303	3.652759e-30	0	-294.37379
44900	-0.27407346	3.8576201e-30	0	-294.13681
45000	-0.28670761	4.2063564e-30	0	-293.76094
45100	-0.27130361	4.0266351e-30	0	-293.95058
45200	-0.22964076	4.7225223e-30	0	-293.25826
45300	-0.16602933	4.6111034e-30	0	-293.36195
45400	-0.086867353	4.6331528e-30	0	-293.34123
45500	-1.000778e-14	4.9793508e-30	0	-293.02827
45600	0.08605482	4.595205e-30	0	-293.37695
45700	0.16293833	5.3586471e-30	0	-292.70945
45800	0.22325938	5.7270967e-30	0	-292.42065
45900	0.26130172	5.790208e-30	0	-292.37306
46000	0.27356263	6.0608958e-30	0	-292.17463
46100	0.2590726	6.8561036e-30	0	-291.63923
46200	0.21946706	7.1834393e-30	0	-291.43668
46300	0.15880554	7.813228e-30	0	-291.0717
46400	0.083157971	7.9120441e-30	0	-291.01711
46500	4.859732e-15	8.3002337e-30	0	-290.8091
46600	-0.082522651	8.7542388e-30	0	-290.57782
46700	-0.15638868	9.5055686e-30	0	-290.22022
46800	-0.21447745	9.5661489e-30	0	-290.19263
46900	-0.25125212	1.0625739e-29	0	-289.73641
47000	-0.26328456	1.0641625e-29	0	-289.72992
47100	-0.24957254	1.2631864e-29	0	-288.98533
47200	-0.21162004	1.4777591e-29	0	-288.30396
47300	-0.15327473	1.6130191e-29	0	-287.9236
47400	-0.080339951	1.5915208e-29	0	-287.98188
47500	-7.4943727e-15	1.7644976e-29	0	-287.53379
47600	0.079884351	1.9180327e-29	0	-287.17144
47700	0.15154157	2.1123663e-29	0	-286.75231
47800	0.2080419	2.3328177e-29	0	-286.32119
47900	0.24396433	2.643917e-29	0	-285.77752
48000	0.25591397	2.8723568e-29	0	-285.41762
48100	0.24284091	3.4567557e-29	0	-284.61331
48200	0.20613067	4.0542667e-29	0	-283.92088
48300	0.14945875	4.8092687e-29	0	-283.17921
48400	0.078424415	5.7764838e-29	0	-282.38336
48500	1.005469e-14	7.2620712e-29	0	-281.38939
48600	-0.078150334	9.5264129e-29	0	-280.21071
48700	-0.1484161	1.3960123e-28	0	-278.55111
48800	-0.20397812	2.4101503e-28	0	-276.17956
48900	-0.23946711	6.7362734e-28	0	-271.7158
49000	-0.25147995	0.03515625	0	-14.539975
49100	-0.23890429	1.6494755e-28	0	-277.82654
49200	-0.20302062	4.2390298e-30	0	-293.72734
49300	-0.14737263	5.1041452e-30	0	-292.92077
49400	-0.077418922	2.9367363e-29	0	-285.32135
49500	-5.5204633e-15	6.7850027e-29	0	-281.6845
49600	0.077327442	1.3556057e-28	0	-278.67867
49700	0.14702463	2.8428076e-28	0	-275.46253
49800	0.20230216	6.8876885e-28	0	-271.61927
49900	0.23777821	2.8668717e-27	0	-265.42592
50000	0.25	0.25	0	-6.0205999
50100	0.23777821	2.8555774e-27	0	-265.44306
50200	0.20230216	6.7684578e-28	0	-271.6951
50300	0.14702463	2.7517145e-28	0	-275.60397
50400	0.077327442	1.2798682e-28	0	-278.92835
50500	8.2196044e-15	6.3226079e-29	0	-281.99104
50600	-0.077418922	2.6109519e-29	0	-285.83201
50700	-0.14737263	3.6570829e-30	0	-294.36865
50800	-0.20302062	5.8084901e-30	0	-292.35937
50900	-0.23890429	1.7982669e-28	0	-277.45146
51000	-0.25147995	0.03515625	0	-14.539975
51100	-0.23946711	6.9122075e-28	0	-271.60383
51200	-0.20397812	2.4250913e-28	0	-276.15272
51300	-0.1484161	1.3854189e-28	0	-278.58419
51400	-0.078150334	9.4124036e-29	0	-280.26299
51500	-1.1047765e-14	7.1072618e-29	0	-281.48298
51600	0.078424415	5.5728692e-29	0	-282.53921
51700	0.14945875	4.6426776e-29	0	-283.33231
51800	0.20613067	3.9615979e-29	0	-284.0213
51900	0.24284091	3.3131886e-29	0	-284.79754
52000	0.25591397	2.7749864e-29	0	-285.56739
52100	0.24396433	2.5961866e-29	0	-285.85664
52200	0.2080419	2.2274917e-29	0	-286.52184
52300	0.15154157	2.0147777e-29	0	-286.95773
52400	0.079884351	1.7974481e-29	0	-287.45344
52500	6.7321243e-15	1.667514e-29	0	-287.77931
52600	-0.080339951	1.446409e-29	0	-288.39709
52700	-0.15327473	1.4204047e-29	0	-288.47588
52800	-0.21162004	1.3666682e-29	0	-288.64337
52900	-0.24957254	1.1912445e-29	0	-289.23999
53000	-0.26328456	9.7186798e-30	0	-290.12393
53100	-0.25125212	1.0521747e-29	0	-289.77912
53200	-0.21447745	9.2835585e-30	0	-290.32286
53300	-0.15638868	8.7816001e-30	0	-290.56426
53400	-0.082522651	7.3560717e-30	0	-291.33354
53500	-9.8512746e-15	7.8937408e-30	0	-291.02717
53600	0.083157971	7.1245968e-30	0	-291.4724
53700	0.15880554	6.4624076e-30	0	-291.89606
53800	0.21946706	6.4995901e-30	0	-291.87114
53900	0.2590726	6.1975007e-30	0	-292.07783
54000	0.27356263	5.0048787e-30	0	-293.00606
54100	0.26130172	5.526115e-30	0	-292.5758
54200	0.22325938	5.3559859e-30	0	-292.71161
54300	0.16293833	4.5272822e-30	0	-293.44162
54400	0.08605482	4.3176729e-30	0	-293.6475
54500	1.329808e-14	4.445999e-30	0	-293.52031
54600	-0.086867353	3.8588114e-30	0	-294.13546
54700	-0.16602933	3.7992035e-30	0	-294.20307
54800	-0.22964076	4.4703322e-30	0	-293.4966
54900	-0.27130361	3.1930875e-30	0	-294.95789
55000	-0.28670761	3.1469372e-30	0	-295.02112
55100	-0.27407346	3.7418859e-30	0	-294.26909
55200	-0.23435303	3.1862604e-30	0	-294.96719
55300	-0.17116465	2.910828e-30	0	-295.35983
55400	-0.090466919	3.4195327e-30	0	-294.66033
55500	-8.7976372e-15	2.543813e-30	0	-295.94515
55600	0.091453458	2.6878041e-30	0	-295.70602
55700	0.17491759	2.6799186e-30	0	-295.71878
55800	0.242101	3.2195766e-30	0	-294.92201
55900	0.28621729	1.8680687e-30	0	-297.28607
56000	0.30266764	2.3441402e-30	0	-296.30016
56100	0.28951695	2.8276514e-30	0	-295.48574
56200	0.24771461	2.4545128e-30	0	-296.10035
56300	0.18103518	2.4697374e-30	0	-296.07349
56400	0.095741535	2.261671e-30	0	-296.45571
56500	1.26762e-14	1.9576368e-30	0	-297.08268
56600	-0.096898187	2.5938778e-30	0	-295.8605
56700	-0.18543526	2.1255834e-30	0	-296.72522
56800	-0.2567986	2.0367125e-30	0	-296.9107
56900	-0.30375478	1.9857541e-30	0	-297.02075
57000	-0.32137971	1.8575742e-30	0	-297.31054
57100	-0.30757123	1.6566517e-30	0	-297.80769
57200	-0.26329139	2.5770121e-30	0	-295.88884
57300	-0.19251097	2.248611e-30	0	-296.48086
57400	-0.10185785	1.6592727e-30	0	-297.80082
57500	-1.7068498e-14	2.6339296e-30	0	-295.79396
57600	0.10318005	1.943614e-30	0	-297.1139
57700	0.19754082	9.2532872e-31	0	-300.33704
57800	0.27367555	8.5053107e-30	0	-290.7031
57900	0.32384689	1.1656192e-30	0	-299.33443
58000	0.34276999	2.8538415e-30	0	-295.4457
58100	0.32816506	8.9794683e-32	0	-310.46749
58200	0.28102191	2.7830597e-30	0	-295.55477
58300	0.20554672	2.1839001e-30	0	-296.60767
58400	0.10879173	1.5892199e-30	0	-297.98816
58500	1.198357e-14	4.5280735e-30	0	-293.44087
58600	-0.11027426	2.4686331e-30	0	-296.07543
58700	-0.2111865	1.9792798e-30	0	-297.03493
58800	-0.29266525	2.8603014e-29	0	-285.43588
58900	-0.3464143	1.4132249e-29	0	-288.49789
59000	-0.36675406	1.0953943e-29	0	-289.6043
59100	-0.35121715	2.1260547e-30	0	-296.72426
59200	-0.30083618	2.3053959e-30	0	-296.37254
59300	-0.220091	2.4930868e-30	0	-296.03263
59400	-0.11651581	2.8547345e-31	0	-305.44434
59500	-1.6930412e-14	1.5369263e-30	0	-298.13347
59600	0.11815282	1.5957397e-30	0	-297.97038
59700	0.22631843	1.1753276e-31	0	-309.29841
59800	0.31369275	5.9200075e-30	0	-292.27678
59900	0.37136796	9.2162042e-31	0	-300.35448
60000	0.39323725	2.2273119e-30	0	-296.52219
60100	0.37663653	1.0508762e-32	0	-319.78448
60200	0.32265601	6.9425038e-31	0	-301.58484
60300	0.2360864	7.3215126e-31	0	-301.35399
60400	0.1249996	2.4590974e-31	0	-306.09224
60500	1.09786e-14	8.2842499e-31	0	-300.81747
60600	-0.12678463	4.7208308e-31	0	-303.25982
60700	-0.24287692	1.836193e-31	0	-307.36082
60800	-0.33667507	4.2865388e-31	0	-303.67893
60900	-0.39860938	5.7267016e-31	0	-302.42095
61000	-0.42211507	3.2876458e-31	0	-304.83115
61100	-0.40432289	6.6410576e-31	0	-301.77763
61200	-0.34639528	5.8913131e-31	0	-302.29788
61300	-0.25346979	4.4294975e-31	0	-303.53646
61400	-0.13420962	5.5839747e-31	0	-302.53057
61500	-1.6503576e-14	4.6343833e-31	0	-303.34008
61600	0.13613563	2.0627692e-31	0	-306.85549
61700	0.2607966	2.9447667e-31	0	-305.30949
61800	0.36152151	3.5761436e-31	0	-304.46585
61900	0.42803106	3.6495218e-31	0	-304.37764
62000	0.45327353	4.8566299e-31	0	-303.13665
62100	0.43416696	4.3410945e-31	0	-303.62401
62200	0.37196031	2.7069801e-31	0	-305.67515
62300	0.27217257	6.3771824e-31	0	-301.95371
62400	0.14410953	4.8379691e-31	0	-303.15337
62500	2.2783805e-14	2.8044321e-31	0	-305.52155
62600	-0.14616891	3.5116757e-31	0	-304.54486
62700	-0.28000675	3.2641179e-31	0	-304.86234
62800	-0.38813401	1.8568342e-31	0	-307.31227
62900	-0.45951688	4.3239116e-31	0	-303.64123
63000	-0.48658967	4.7326129e-31	0	-303.24899
63100	-0.46605095	2.4605918e-31	0	-306.0896
63200	-0.39925021	3.2038284e-31	0	-304.94331
63300	-0.29212093	5.2931735e-31	0	-302.76284
63400	-0.15466026	2.6641562e-31	0	-305.7444
63500	-1.5558547e-14	4.6327059e-31	0	-303.34165
63600	0.15684488	4.4119506e-31	0	-303.55369
63700	0.30043156	1.8657216e-31	0	-307.29153
63800	0.41640754	3.2647968e-31	0	-304.86144
63900	0.49294259	3.3190371e-31	0	-304.78988
64000	0.52193201	2.5744472e-31	0	-305.89316
64100	0.49984904	3.0298731e-31	0	-305.18576
64200	0.42815726	2.8448803e-31	0	-305.45936
64300	0.31323615	4.9982672e-31	0	-303.01181
64400	0.16582015	4.1424948e-31	0	-303.82738
64500	2.2504182e-14	5.3293829e-31	0	-302.73323
64600	-0.1681214	2.7307636e-31	0	-305.63716
64700	-0.32199043	1.7857302e-31	0	-307.48184
64800	-0.44623053	3.434621e-31	0	-304.64121
64900	-0.52817626	2.0812068e-31	0	-306.81685
65000	-0.55916106	2.2997483e-31	0	-306.3832
65100	-0.53542783	3.1545945e-31	0	-305.01056
65200	-0.45856739	1.4682401e-31	0	-308.33203
65300	-0.33543488	2.8747842e-31	0	-305.41395
65400	-0.17754519	3.8998021e-31	0	-304.08957
65500	-3.0327683e-14	2.3548332e-31	0	-306.2804
65600	0.17995397	2.4566843e-31	0	-306.09651
65700	0.34459827	2.3199701e-31	0	-306.34518
65800	0.47748526	1.6040277e-31	0	-307.94788
65900	0.56507885	1.761588e-31	0	-307.54096
66000	0.5981299	2.864401e-31	0	-305.42966
66100	0.57264693	7.4526834e-32	0	-311.27687
66200	0.49036059	4.356773e-32	0	-313.60835
66300	0.35862953	2.5213306e-31	0	-305.9837
66400	0.18978908	2.8474516e-31	0	-305.45544
66500	2.1507376e-14	1.4416799e-31	0	-308.41131
66600	-0.1922959	3.6517343e-31	0	-304.37501
66700	-0.36816586	2.2443133e-31	0	-306.48917
66800	-0.5100484	1.052578e-31	0	-309.77746
66900	-0.60350471	2.1151488e-31	0	-306.74659
67000	-0.63868474	2.5555883e-31	0	-305.92509
67100	-0.61135943	5.856632e-32	0	-312.32352
67200	-0.52341138	7.9994628e-32	0	-310.96939
67300	-0.38272854	6.1008102e-31	0	-302.14612
67400	-0.2025035	4.5495365e-31	0	-303.42033
67500	-3.0053647e-14	2.0351213e-31	0	-306.9141
67600	0.20509847	4.3772178e-31	0	-303.58802
67700	0.39260018	1.9846006e-31	0	-307.02327
67800	0.54379143	1.7772147e-31	0	-307.5026
67900	0.6433022	2.2879902e-31	0	-306.40546
68000	0.68066553	2.02049e-31	0	-306.94543
68100	0.65141256	5.5405701e-32	0	-312.56446
68200	0.55758933	1.1581611e-31	0	-309.36231
68300	0.40763683	1.8166594e-31	0	-307.40726
68400	0.21563829	2.6808587e-31	0	-305.71726
68500	3.9565864e-14	2.2443676e-31	0	-306.48906
68600	-0.21831116	2.0955907e-31	0	-306.78694
68700	-0.41780481	1.7548962e-31	0	-307.55749
68800	-0.57858119	1.5625698e-31	0	-308.06161
68900	-0.68431426	1.2370278e-31	0	-309.07621
69000	-0.72390659	1.0227291e-31	0	-309.90239
69100	-0.69264826	4.4324459e-31	0	-303.53357
69200	-0.59275954	8.901196e-32	0	-310.50552
69300	-0.43325607	1.4660089e-31	0	-308.33863
69400	-0.2291416	1.9845608e-31	0	-307.02336
69500	-2.8875115e-14	1.6336111e-31	0	-307.86851
69600	0.23188182	1.9826539e-31	0	-307.02753
69700	0.44368028	2.5344072e-31	0	-305.96124
69800	0.61428037	3.6661423e-32	0	-314.35791
69900	0.72637903	1.8133531e-31	0	-307.41518
70000	0.76823725	2.0907217e-31	0	-306.79704
70100	0.73490377	9.2901003e-31	0	-300.3198
70200	0.62878323	5.3839295e-32	0	-312.68901
70300	0.45948518	1.8049015e-31	0	-307.43547
70400	0.24296015	1.8995754e-31	0	-307.21343
70500	3.9134522e-14	2.3028216e-31	0	-306.3774
70600	-0.2457569	2.6967902e-31	0	-305.69153
70700	-0.47012446	1.8825229e-31	0	-307.2526
70800	-0.65074809	7.2716079e-32	0	-311.3837
70900	-0.7693305	1.9477223e-31	0	-307.10473
71000	-0.81348258	1.0788359e-31	0	-309.67045
71100	-0.77801233	3.6855863e-31	0	-304.33493
71200	-0.66551821	1.4060973e-31	0	-308.51985
71300	-0.48622062	1.3081942e-31	0	-308.83328
71400	-0.25703939	1.296839e-31	0	-308.87114
71500	-5.0409859e-14	2.2499274e-31	0	-306.47832
71600	0.25988164	1.7652442e-31	0	-307.53195
71700	0.497033	1.614981e-31	0	-307.91833
71800	0.68784042	1.8807524e-31	0	-307.25668
71900	0.81299915	1.1591599e-31	0	-309.35857
72000	0.85946401	8.4659145e-32	0	-310.72326
72100	0.82180382	2.4519878e-31	0	-306.10482
72200	0.70281952	1.1983442e-31	0	-309.21418
72300	0.5133569	1.469681e-31	0	-308.32777
72400	0.27132376	1.1115582e-31	0	-309.54068
72500	3.7627931e-14	1.5816986e-31	0	-308.00876
72600	-0.2742003	1.0956209e-31	0	-309.6034
72700	-0.52429969	1.6410155e-31	0	-307.84887
72800	-0.72541098	2.0139719e-31	0	-306.95947
72900	-0.85721266	4.751576e-32	0	-313.23162
73000	-0.90600007	4.4623119e-32	0	-313.5044
73100	-0.86610542	3.6603193e-31	0	-304.36481
73200	-0.74053994	6.6204026e-32	0	-311.79116
73300	-0.5407869	1.2556226e-31	0	-309.01141
73400	-0.28575689	4.5921388e-32	0	-313.37985
73500	-4.9640326e-14	1.4414277e-31	0	-308.41207
73600	0.28865636	7.3136225e-32	0	-311.35867
73700	0.55181693	9.7886779e-32	0	-310.09276
73800	0.7633115	1.3368583e-31	0	-308.73915
73900	0.90179653	6.1977516e-32	0	-312.07766
74000	0.95290711	7.3751119e-32	0	-311.32231
74100	0.91074228	1.9555262e-31	0	-307.08736
74200	0.77853061	6.0199519e-32	0	-312.20407
74300	0.56840239	9.4419521e-32	0	-310.24938
74400	0.30028181	8.5305193e-32	0	-310.69025
74500	6.2678472e-14	7.4605862e-32	0	-311.27227
74600	-0.30319277	9.9092218e-32	0	-310.0396
74700	-0.57947613	1.2376199e-31	0	-309.07413
74800	-0.80139239	1.0393137e-31	0	-309.83253
74900	-0.9465748	5.7817275e-32	0	-312.37942
75000	-1	1.9026109e-31	0	-307.2065
75100	-0.95553824	2.1250911e-31	0	-306.72622
75200	-0.8166416	1.6218383e-31	0	-307.89992
75300	-0.59609438	5.5825576e-32	0	-312.53167
75400	-0.31484121	1.2696812e-31	0	-308.96305
75500	-4.7646195e-14	7.7737057e-32	0	-311.09372
75600	0.31775217	7.6992224e-32	0	-311.13553
75700	0.60716811	1.4373436e-31	0	-308.42439
75800	0.83950337	2.1403863e-31	0	-306.69508
75900	0.99137076	3.7455292e-32	0	-314.26487
76000	1.0470929	4.1401447e-31	0	-303.82984
76100	1.0003165	6.9710371e-31	0	-301.56703
76200	0.85472249	3.3542231e-31	0	-304.74408
76300	0.62375357	5.3961821e-32	0	-312.67913
76400	0.32937763	1.7750203e-31	0	-307.50797
76500	6.1376618e-14	1.2704972e-31	0	-308.96026
76600	-0.3322771	5.7121241e-32	0	-312.43202
76700	-0.6347836	1.34862e-31	0	-308.7011
76800	-0.87749404	1.7005289e-31	0	-307.69416
76900	-1.0360076	2.7100221e-32	0	-315.67027
77000	-1.0939999	1.9652932e-31	0	-307.06573
77100	-1.0449004	2.8331634e-31	0	-305.47728
77200	-0.89262301	1.194985e-31	0	-309.22638
77300	-0.65127081	8.3614588e-32	0	-310.77718
77400	-0.34383369	1.107245e-31	0	-309.55756
77500	-4.4345634e-14	5.7347227e-32	0	-312.41488
77600	0.34671023	1.0426295e-31	0	-309.8187
77700	0.66221361	1.1918442e-31	0	-309.2378
77800	0.91521447	9.9312982e-32	0	-310.02994
77900	1.0803092	3.9648134e-31	0	-304.01777
78000	1.140536	9.2729802e-32	0	-310.32781
78100	1.0891139	4.9242919e-32	0	-313.07656
78200	0.93019357	2.0946153e-32	0	-316.78896
78300	0.67853751	1.0294355e-31	0	-309.87401
78400	0.35815234	2.8357991e-32	0	-315.47325
78500	5.87269e-14	1.3217841e-32	0	-318.78839
78600	-0.3609946	1.2603309e-31	0	-308.99515
78700	-0.68934988	6.3515387e-32	0	-311.97121
78800	-0.95251578	1.1058664e-31	0	-309.56297
78900	-1.1241007	1.6790304e-30	0	-297.74941
79000	-1.1865174	3.2445314e-32	0	-314.88848
79100	-1.1327825	1.8441694e-32	0	-317.34199
79200	-0.9672859	1.5399711e-32	0	-318.12487
79300	-0.70544604	4.564889e-32	0	-313.4057
79400	-0.37227708	3.8567227e-32	0	-314.13782
79500	-7.4066505e-14	3.129842e-32	0	-315.04478
79600	0.37507384	7.3365333e-32	0	-311.34509
79700	0.71608533	4.6123547e-32	0	-313.36077
79800	0.98925076	8.5600721e-32	0	-310.67523
79900	1.1672093	4.2140117e-31	0	-303.75304
80000	1.2317627	4.0573226e-32	0	-313.9176
80100	1.175734	6.4160905e-32	0	-311.9273
80200	1.0037536	4.0762449e-32	0	-313.8974
80300	0.73189022	5.6452521e-32	0	-312.48317
80400	0.38615217	6.9754506e-32	0	-311.56428
80500	5.4688251e-14	4.5319123e-32	0	-313.43719
80600	-0.38889238	2.8751655e-32	0	-315.41337
80700	-0.74231443	6.817666e-32	0	-311.66364
80800	-1.0252744	6.4068714e-32	0	-311.93354
80900	-1.2094648	1.0028429e-31	0	-309.98767
81000	-1.2760934	6.9528908e-32	0	-311.57835
81100	-1.2177988	7.1830706e-32	0	-311.4369
81200	-1.0394528	3.988187e-32	0	-313.99224
81300	-0.75776569	7.9604058e-32	0	-310.99065
81400	-0.39972283	4.4584219e-32	0	-313.50819
81500	-1.0747781e-13	2.8589236e-32	0	-315.43797
81600	0.4023957	8.8563832e-33	0	-320.52744
81700	0.76793368	6.469796e-32	0	-311.89109
81800	1.0604447	6.3428733e-32	0	-311.97714
81900	1.2507005	1.4670757e-31	0	-308.33547
82000	1.3193345	6.9470264e-32	0	-311.58201
82100	1.2588108	7.9216843e-32	0	-311.01182
82200	1.0742426	3.9066182e-32	0	-314.08199
82300	0.78297032	7.224969e-32	0	-311.41164
82400	0.41293552	4.2442829e-32	0	-313.72196
82500	4.9261355e-14	4.8092238e-32	0	-313.17925
82600	-0.41553048	4.7292009e-32	0	-313.25212
82700	-0.79284196	5.4018585e-32	0	-312.67457
82800	-1.0946226	4.297842e-32	0	-313.6675
82900	-1.2907536	1.0485343e-31	0	-309.79417
83000	-1.3613153	7.7278593e-32	0	-311.11941
83100	-1.2986083	5.8927619e-32	0	-312.29681
83200	-1.1079856	9.5143986e-32	0	-310.21619
83300	-0.80740465	1.8009094e-31	0	-307.44508
83400	-0.42573809	4.425769e-32	0	-313.54011
83500	-6.5675079e-14	1.1684132e-31	0	-309.32404
83600	0.42824491	1.9114151e-32	0	-317.18645
83700	0.81694098	3.4634473e-32	0	-314.60491
83800	1.1276734	9.9775596e-32	0	-310.00976
83900	1.3294661	3.2355052e-32	0	-314.90058
84000	1.4018701	8.5210188e-32	0	-310.69508
84100	1.3370342	8.6352456e-32	0	-310.63725
84200	1.1405487	9.2183891e-32	0	-310.35345
84300	0.83097223	4.3941914e-31	0	-303.57121
84400	0.43808002	8.9110077e-32	0	-310.50073
84500	8.2891169e-14	2.1309309e-31	0	-306.71431
84600	-0.4404888	1.7246146e-33	0	-327.63308
84700	-0.84013562	2.5056904e-32	0	-316.01073
84800	-1.1594666	4.9572571e-32	0	-313.04759
84900	-1.3666852	1.4172529e-32	0	-318.48553
85000	-1.4408389	9.5470904e-32	0	-310.20129
85100	-1.3739368	5.8861106e-32	0	-312.30172
85200	-1.1718035	5.1990497e-32	0	-312.84076
85300	-0.85358007	2.0996943e-31	0	-306.77844
85400	-0.44991259	4.8440477e-32	0	-313.14792
85500	-1.0085005e-13	4.5291467e-32	0	-313.43984
85600	0.45221383	5.3068377e-32	0	-312.75164
85700	0.86233436	3.0379619e-32	0	-315.17418
85800	1.1898767	5.5969812e-32	0	-312.52046
85900	1.402264	6.3345524e-32	0	-311.98284
86000	1.478068	5.6556127e-32	0	-312.4752
86100	1.4091704	1.0577204e-31	0	-309.75629
86200	1.2016264	1.8391104e-31	0	-307.35392
86300	0.87513894	2.9294716e-32	0	-315.33211
86400	0.46118911	3.0810715e-32	0	-315.11298
86500	1.194859e-13	7.6626001e-32	0	-311.15624
86600	-0.46337373	5.3021891e-32	0	-312.75545
86700	-0.88344957	1.0007047e-32	0	-319.99694
86800	-1.2187838	1.5674298e-31	0	-308.04812
86900	-1.4360621	6.1344382e-32	0	-312.12225
87000	-1.5134103	6.3879415e-32	0	-311.94639
87100	-1.4425961	3.8160776e-31	0	-304.18383
87200	-1.2299	5.7766648e-31	0	-302.38323
87300	-0.89556376	3.4851752e-31	0	-304.57775
87400	-0.47186508	4.1362902e-32	0	-313.83389
87500	-5.1737856e-14	7.2423148e-32	0	-311.40123
87600	0.47392446	2.854527e-32	0	-315.44466
87700	0.90339793	1.5471163e-32	0	-318.10477
87800	1.2460737	9.9888787e-32	0	-310.00483
87900	1.4679461	1.3355504e-32	0	-318.7434
88000	1.5467265	4.9266821e-33	0	-323.07445
88100	1.474082	1.2052138e-31	0	-309.18936
88200	1.2565125	8.7802679e-32	0	-310.56492
88300	0.91477391	4.6302712e-32	0	-313.34394
88400	0.48189836	1.6990979e-32	0	-317.69782
88500	6.9673877e-14	2.1606961e-32	0	-316.65406
88600	-0.48382437	6.3251584e-33	0	-321.98929
88700	-0.92210071	8.123394e-33	0	-320.90262
88800	-1.2716387	2.4603181e-32	0	-316.09009
88900	-1.4977901	8.2343973e-33	0	-320.84368
89000	-1.5778849	2.2638845e-32	0	-316.45146
89100	-1.5035037	5.1822674e-32	0	-312.8548
89200	-1.2813589	1.2105296e-32	0	-319.17025
89300	-0.93269359	3.0281348e-32	0	-315.18825
89400	-0.49124936	3.3024031e-32	0	-314.8117
89500	-8.8182382e-14	1.5840013e-32	0	-318.00244
89600	0.49303439	2.0417797e-32	0	-316.89991
89700	0.93948411	1.6474835e-32	0	-317.83179
89800	1.295378	2.4453684e-32	0	-316.11656
89900	1.5254765	6.7067691e-32	0	-311.73487
90000	1.6067627	1.5588402e-31	0	-308.07198
90100	1.5307451	1.5722238e-31	0	-308.03486
90200	1.3043412	4.4507813e-32	0	-313.51564
90300	0.94925207	2.1775656e-32	0	-316.62029
90400	0.49988117	4.3403043e-32	0	-313.6248
90500	1.0718372e-13	6.292938e-32	0	-312.01147
90600	-0.50151818	4.4911197e-32	0	-313.47645
90700	-0.9554795	1.5010695e-32	0	-318.23599
90800	-1.3171978	6.3153169e-32	0	-311.99605
90900	-1.5508959	6.0517783e-32	0	-312.18117
91000	-1.6332459	2.4084257e-32	0	-316.18267
91100	-1.5556987	7.9778311e-32	0	-310.98115
91200	-1.3253687	3.0717155e-32	0	-315.12619
91300	-0.96438401	1.3106732e-32	0	-318.82506
91400	-0.50775973	1.7816875e-32	0	-317.49168
91500	-1.2659385e-13	5.003708e-32	0	-313.00708
91600	0.50924226	1.1931495e-32	0	-319.23305
91700	0.97002378	2.246474e-32	0	-316.48499
91800	1.3370121	4.3601242e-32	0	-313.60501
91900	1.573948	9.3160942e-33	0	-320.30766
92000	1.65723	9.5685407e-33	0	-320.19154
92100	1.5782661	9.0819206e-32	0	-310.41822
92200	1.3443584	8.4639521e-33	0	-320.72427
92300	0.97802968	1.5231782e-32	0	-318.17249
92400	0.51485394	1.2652654e-32	0	-318.97818
92500	1.4632485e-13	5.1316805e-32	0	-312.8974
92600	-0.51617614	6.6981202e-33	0	-321.74047
92700	-0.98305954	1.4752805e-32	0	-318.31125
92800	-1.3547426	3.211311e-32	0	-314.93318
92900	-1.5945418	1.4508426e-32	0	-318.3838
93000	-1.6786203	2.8773024e-32	0	-315.41014
93100	-1.5983582	1.8044117e-31	0	-307.43664
93200	-1.3612354	1.5825556e-31	0	-308.00641
93300	-0.99013524	3.9835804e-32	0	-313.99726
93400	-0.5211358	8.6766456e-32	0	-310.61648
93500	-7.0315851e-14	9.9808095e-32	0	-310.00834
93600	0.52229245	2.1754676e-32	0	-316.62447
93700	0.99453532	8.2387267e-33	0	-320.8414
93800	1.3703194	3.4503793e-32	0	-314.62133
93900	1.6125961	1.3213195e-32	0	-318.78992
94000	1.6973324	1.9547758e-32	0	-317.08903
94100	1.6158957	6.624338e-32	0	-311.78858
94200	1.375933	1.5588639e-32	0	-318.07192
94300	1.0006529	1.2726419e-32	0	-318.95294
94400	0.52658053	4.4379703e-33	0	-323.52816
94500	8.9426282e-14	4.3887597e-32	0	-313.57658
94600	-0.52756707	1.3398695e-32	0	-318.72938
94700	-1.0044059	6.7214155e-33	0	-321.72539
94800	-1.383681	3.2357218e-32	0	-314.90029
94900	-1.6280396	1.2912517e-33	0	-328.88989
95000	-1.7132924	2.1349523e-32	0	-316.70612
95100	-1.6308094	3.3264016e-32	0	-314.78025
95200	-1.3883932	2.0110097e-31	0	-306.96586
95300	-1.0095412	9.0247454e-32	0	-310.44565
95400	-0.53116664	3.6730405e-32	0	-314.34974
95500	-1.0873465e-13	2.2509911e-32	0	-316.47626
95600	0.53197917	7.6237059e-32	0	-311.17834
95700	1.0126322	1.5379799e-32	0	-318.13049
95800	1.3947746	6.5688e-33	0	-321.82514
95900	1.6408113	3.3723189e-32	0	-314.72071
96000	1.7264374	3.4515541e-31	0	-304.61985
96100	1.6430404	7.4692002e-31	0	-301.26726
96200	1.3985669	9.4946388e-31	0	-300.22522
96300	1.016765	3.5115141e-31	0	-304.54506
96400	0.53487602	5.5565812e-32	0	-312.55192
96500	1.2814663e-13	4.3639478e-32	0	-313.6012
96600	-0.53551134	1.2496969e-31	0	-309.03195
96700	-1.0191818	3.3836953e-32	0	-314.70609
96800	-1.4035565	3.8564349e-32	0	-314.13814
96900	-1.6508609	3.961295e-32	0	-314.02163
97000	-1.7367154	1.2437183e-33	0	-329.05278
97100	-1.6525405	9.5409551e-32	0	-310.20408
97200	-1.406414	1.5177423e-31	0	-308.18802
97300	-1.0222958	1.6113444e-31	0	-307.92812
97400	-0.53769404	4.5516395e-32	0	-313.41832
97500	-1.4756639e-13	2.6892492e-32	0	-315.70369
97600	0.53814964	9.875961e-32	0	-310.05421
97700	1.0240289	6.7409653e-32	0	-311.71278
97800	1.4099921	7.48619e-32	0	-311.25739
97900	1.6581487	8.6833401e-32	0	-310.61313
98000	1.744086	1.5472981e-32	0	-318.10426
98100	1.6592721	3.894338e-32	0	-314.09566
98200	1.4119033	5.4484624e-32	0	-312.63726
98300	1.0261118	4.0325446e-32	0	-313.94421
98400	0.53960957	1.6056257e-32	0	-317.94356
98500	6.7610375e-14	5.132338e-32	0	-312.89685
98600	-0.53988365	5.7958852e-32	0	-312.3688
98700	-1.0271544	9.8696164e-32	0	-310.057
98800	-1.4140559	2.1888192e-31	0	-306.5979
98900	-1.6626459	5.592892e-32	0	-312.52364
99000	-1.74852	5.9350882e-32	0	-312.26573
99100	-1.6632087	1.0329693e-31	0	-309.85913
99200	-1.4150134	2.9793737e-32	0	-315.25875
99300	-1.0281979	8.9633187e-33	0	-320.47531
99400	-0.54061507	8.235811e-32	0	-310.84294
99500	-8.6586961e-14	2.7369492e-32	0	-315.62733
99600	0.54070655	2.8140633e-32	0	-315.50666
99700	1.0285459	1.3232913e-31	0	-308.78345
99800	1.4157318	6.0189842e-32	0	-312.20477
99900	1.6643348	2.3499771e-32	0	-316.28936
100000	1.75	4.5879497e-32	0	-313.38381
100100	1.6643348	3.2799808e-32	0	-314.84129
100200	1.4157318	8.0761963e-33	0	-320.92793
100300	1.0285459	6.4810382e-32	0	-311.88355
100400	0.54070655	2.6084007e-32	0	-315.83626
100500	1.0544903e-13	3.4882992e-33	0	-324.57386
100600	-0.54061507	4.4603169e-32	0	-313.50634
100700	-1.0281979	1.0003191e-31	0	-309.99861
100800	-1.4150134	3.1862675e-32	0	-314.96718
100900	-1.6632087	1.045311e-31	0	-309.80754
101000	-1.74852	5.0546826e-32	0	-312.96306
101100	-1.6626459	2.1939361e-32	0	-316.58776
101200	-1.4140559	4.8905908e-32	0	-313.10639
101300	-1.0271544	8.6854217e-32	0	-310.61209
101400	-0.53988365	6.8859541e-33	0	-321.62036
101500	-1.241009e-13	3.228806e-32	0	-314.90958
101600	0.53960957	1.3277047e-31	0	-308.76899
101700	1.0261118	1.365969e-31	0	-308.64559
101800	1.4119033	1.4417685e-31	0	-308.41104
101900	1.6592721	2.8405955e-31	0	-305.46591
102000	1.744086	3.8288674e-32	0	-314.1693
102100	1.6581487	1.343775e-31	0	-308.71673
102200	1.4099921	1.4690791e-31	0	-308.32955
102300	1.0240289	6.1136969e-32	0	-312.13696
102400	0.53814964	1.2446163e-31	0	-309.04965
102500	1.4244785e-13	1.5905875e-31	0	-307.98442
102600	-0.53769404	3.4916733e-32	0	-314.56966
102700	-1.0222958	3.0405246e-31	0	-305.17051
102800	-1.406414	3.6126207e-31	0	-304.42178
102900	-1.6525405	7.9871331e-32	0	-310.97609
103000	-1.7367154	7.8242139e-31	0	-301.06559
103100	-1.6508609	4.0742013e-31	0	-303.89958
103200	-1.4035565	1.6717684e-31	0	-307.76824
103300	-1.0191818	8.3134491e-30	0	-290.80219
103400	-0.53551134	1.4864814e-30	0	-298.27841
103500	-1.6039673e-13	7.0568392e-30	0	-291.5139
103600	0.53487602	8.8025739e-30	0	-290.5539
103700	1.016765	2.8867167e-30	0	-295.39596
103800	1.3985669	4.9945996e-31	0	-303.01499
103900	1.6430404	1.9075078e-30	0	-297.19534
104000	1.7264374	7.1737972e-30	0	-291.44251
104100	1.6408113	6.0503642e-31	0	-302.18218
104200	1.3947746	3.3712e-30	0	-294.72215
104300	1.0126322	6.5320627e-29	0	-281.8495
104400	0.53197917	2.4472544e-29	0	-286.11321
104500	8.0073396e-14	3.8750349e-29	0	-284.11724
104600	-0.53116664	5.2536615e-29	0	-282.79538
104700	-1.0095412	1.3540967e-30	0	-298.6835
104800	-1.3883932	9.4765209e-31	0	-300.23351
104900	-1.6308094	6.6190817e-30	0	-291.79202
105000	-1.7132924	1.8070027e-30	0	-297.43041
105100	-1.6280396	6.0106352e-31	0	-302.2108
105200	-1.383681	3.6835531e-30	0	-294.33733
105300	-1.0044059	1.0847239e-29	0	-289.64681
105400	-0.52756707	5.1408895e-30	0	-292.88962
105500	-9.7783721e-14	2.737761e-30	0	-295.62604
105600	0.52658053	6.2627385e-30	0	-292.03236
105700	1.0006529	6.7323919e-33	0	-321.71831
105800	1.375933	2.3518574e-31	0	-306.28589
105900	1.6158957	5.8470629e-31	0	-302.33062
106000	1.6973324	1.0981952e-32	0	-319.5932
106100	1.6125961	1.7791308e-31	0	-307.49792
106200	1.3703194	1.8701737e-31	0	-307.28118
106300	0.99453532	5.7757985e-32	0	-312.38388
106400	0.52229245	1.998374e-31	0	-306.99323
106500	1.1499044e-13	1.0118063e-31	0	-309.94903
106600	-0.5211358	6.3662747e-33	0	-321.96115
106700	-0.99013524	1.5784091e-31	0	-308.0178
106800	-1.3612354	6.5157489e-32	0	-311.86036
106900	-1.5983582	2.6471899e-32	0	-315.77215
107000	-1.6786203	5.3364106e-32	0	-312.72751
107100	-1.5945418	2.3069752e-32	0	-316.36957
107200	-1.3547426	4.7498727e-32	0	-313.23318
107300	-0.98305954	1.5152645e-31	0	-308.19512
107400	-0.51617614	1.7609452e-31	0	-307.54254
107500	-1.3160889e-13	1.3397889e-32	0	-318.72964
107600	0.51485394	1.7251781e-32	0	-317.63166
107700	0.97802968	1.901983e-31	0	-307.20793
107800	1.3443584	4.1207227e-32	0	-313.85027
107900	1.5782661	2.5604096e-32	0	-315.91691
108000	1.65723	5.2236268e-32	0	-312.82028
108100	1.573948	2.4407766e-32	0	-316.12472
108200	1.3370121	6.0610409e-33	0	-322.17453
108300	0.97002378	1.1877489e-31	0	-309.25275
108400	0.50924226	4.2624884e-32	0	-313.70337
108500	1.4755831e-13	1.8145079e-32	0	-317.41241
108600	-0.50775973	3.4072084e-32	0	-314.67601
108700	-0.96438401	2.7464479e-32	0	-315.61229
108800	-1.3253687	2.6585999e-32	0	-315.75347
108900	-1.5556987	4.7225027e-32	0	-313.25828
109000	-1.6332459	1.4044289e-32	0	-318.525
109100	-1.5508959	2.65449e-32	0	-315.76019
109200	-1.3171978	6.7870322e-32	0	-311.6832
109300	-0.9554795	9.448886e-33	0	-320.24619
109400	-0.50151818	3.6472537e-32	0	-314.38034
109500	-1.627624e-13	2.9379991e-32	0	-315.31948
109600	0.49988117	5.8382303e-33	0	-322.33719
109700	0.94925207	3.1912905e-32	0	-314.96034
109800	1.3043412	4.4800698e-32	0	-313.48715
109900	1.5307451	3.9899546e-33	0	-323.99032
110000	1.6067627	4.4171761e-32	0	-313.54855
110100	1.5254765	2.9615646e-32	0	-315.28479
110200	1.295378	3.0486654e-32	0	-315.1589
110300	0.93948411	1.7344327e-32	0	-317.60843
110400	0.49303439	9.4734457e-32	0	-310.23492
110500	8.6620096e-14	2.2844412e-32	0	-316.4122
110600	-0.49124936	1.9215232e-32	0	-317.16354
110700	-0.93269359	5.7642058e-32	0	-312.39261
110800	-1.2813589	1.1934367e-32	0	-319.23201
110900	-1.5035037	1.5138744e-33	0	-328.1991
111000	-1.5778849	4.3452205e-32	0	-313.61988
111100	-1.4977901	1.3470439e-33	0	-328.70618
111200	-1.2716387	1.2251017e-32	0	-319.11828
111300	-0.92210071	3.3769278e-32	0	-314.71478
111400	-0.48382437	1.2893121e-32	0	-318.89642
111500	-1.0183224e-13	3.1177042e-33	0	-325.06165
111600	0.48189836	2.655426e-32	0	-315.75866
111700	0.91477391	3.5418332e-32	0	-314.50772
111800	1.2565125	1.4199878e-34	0	-338.47715
111900	1.474082	8.1595052e-32	0	-310.88336
112000	1.5467265	5.9566284e-32	0	-312.24999
112100	1.4679461	4.0093604e-32	0	-313.96925
112200	1.2460737	1.0234228e-30	0	-299.89945
112300	0.90339793	1.3800494e-31	0	-308.60105
112400	0.47392446	1.2008254e-30	0	-299.2052
112500	1.1622821e-13	7.8643901e-31	0	-301.04335
112600	-0.47186508	2.6557584e-31	0	-305.75811
112700	-0.89556376	1.0391033e-31	0	-309.83341
112800	-1.2299	2.6181273e-31	0	-305.82009
112900	-1.4425961	8.4312949e-31	0	-300.74106
113000	-1.5134103	1.6808857e-31	0	-307.74462
113100	-1.4360621	8.558644e-31	0	-300.67595
113200	-1.2187838	8.4019696e-30	0	-290.75619
113300	-0.88344957	1.6804929e-30	0	-297.74563
113400	-0.46337373	6.3242386e-30	0	-291.98992
113500	-1.2974724e-13	4.4225698e-30	0	-293.54325
113600	0.46118911	9.4528323e-32	0	-310.24438
113700	0.87513894	3.0873634e-31	0	-305.10412
113800	1.2016264	6.7447485e-31	0	-301.71034
113900	1.4091704	1.7796161e-31	0	-307.49674
114000	1.478068	2.098903e-31	0	-306.78008
114100	1.402264	4.9297642e-31	0	-303.07174
114200	1.1898767	1.2525044e-30	0	-299.02221
114300	0.86233436	5.3743711e-31	0	-302.69672
114400	0.45221383	6.4866579e-31	0	-301.87979
114500	1.4233485e-13	5.6427472e-31	0	-302.48509
114600	-0.44991259	5.0249608e-32	0	-312.98867
114700	-0.85358007	4.4675175e-32	0	-313.49934
114800	-1.1718035	7.0218073e-32	0	-311.53551
114900	-1.3739368	5.6338972e-32	0	-312.49191
115000	-1.4408389	2.778109e-32	0	-315.56251
115100	-1.3666852	6.495922e-32	0	-311.87359
115200	-1.1594666	9.1305803e-32	0	-310.39502
115300	-0.84013562	2.8660373e-32	0	-315.42718
115400	-0.4404888	4.3627378e-32	0	-313.60241
115500	-7.3136783e-14	4.8817873e-32	0	-313.11421
115600	0.43808002	1.4941246e-32	0	-318.25613
115700	0.83097223	2.187075e-32	0	-316.60136
115800	1.1405487	3.8261608e-33	0	-324.17237
115900	1.3370342	2.0186916e-32	0	-316.9493
116000	1.4018701	3.2924692e-32	0	-314.82478
116100	1.3294661	1.7477302e-31	0	-307.57526
116200	1.1276734	1.524367e-31	0	-308.1691
116300	0.81694098	6.064549e-32	0	-312.17201
116400	0.42824491	4.9696393e-32	0	-313.03675
116500	8.5986536e-14	1.2493188e-32	0	-319.03327
116600	-0.42573809	2.974154e-32	0	-315.26637
116700	-0.80740465	2.0828311e-32	0	-316.81346
116800	-1.1079856	1.7318076e-33	0	-327.615
116900	-1.2986083	2.1851764e-32	0	-316.60513
117000	-1.3613153	1.9715532e-32	0	-317.05191
117100	-1.2907536	3.1337882e-32	0	-315.0393
117200	-1.0946226	5.6778689e-32	0	-312.45815
117300	-0.79284196	3.6452828e-32	0	-314.38269
117400	-0.41553048	1.1522162e-32	0	-319.38466
117500	-9.7868548e-14	2.4590428e-32	0	-316.09234
117600	0.41293552	4.3698529e-32	0	-313.59533
117700	0.78297032	1.6753681e-32	0	-317.7589
117800	1.0742426	4.3894148e-33	0	-323.57593
117900	1.2588108	3.7050161e-33	0	-324.3121
118000	1.3193345	6.4308424e-33	0	-321.91732
118100	1.2507005	1.8117703e-32	0	-317.41897
118200	1.0604447	1.3605208e-32	0	-318.66295
118300	0.76793368	3.0141442e-32	0	-315.20836
118400	0.4023957	7.6230703e-33	0	-321.1787
118500	1.0874774e-13	3.069987e-32	0	-315.12863
118600	-0.39972283	6.0577363e-32	0	-312.1769
118700	-0.75776569	3.3301843e-32	0	-314.77532
118800	-1.0394528	3.2200496e-32	0	-314.92137
118900	-1.2177988	1.4585866e-32	0	-318.36068
119000	-1.2760934	1.7291708e-32	0	-317.62162
119100	-1.2094648	3.631299e-32	0	-314.39938
119200	-1.0252744	2.3557316e-32	0	-316.27874
119300	-0.74231443	4.4890677e-32	0	-313.47844
119400	-0.38889238	1.796902e-32	0	-317.45476
119500	-1.1859657e-13	3.124424e-32	0	-315.0523
119600	0.38615217	2.618836e-32	0	-315.81892
119700	0.73189022	2.8756781e-32	0	-315.4126
119800	1.0037536	2.2474689e-33	0	-326.48306
119900	1.175734	2.0824982e-33	0	-326.81415
120000	1.2317627	2.0819081e-32	0	-316.81538
120100	1.1672093	2.1814418e-32	0	-316.61256
120200	0.98925076	2.0288303e-32	0	-316.92754
120300	0.71608533	3.2423983e-32	0	-314.89134
120400	0.37507384	2.3290747e-32	0	-316.32817
120500	1.2739523e-13	5.1195401e-32	0	-312.90769
120600	-0.37227708	1.4562062e-31	0	-308.36777
120700	-0.70544604	6.4813646e-32	0	-311.88334
120800	-0.9672859	6.4403378e-33	0	-321.91091
120900	-1.1327825	1.1285701e-32	0	-319.47471
121000	-1.1865174	8.5719658e-33	0	-320.6692
121100	-1.1241007	5.4398067e-33	0	-322.64417
121200	-0.95251578	4.7576498e-32	0	-313.22608
121300	-0.68934988	2.0671784e-32	0	-316.84622
121400	-0.3609946	1.3284789e-32	0	-318.76645
121500	-6.8988399e-14	1.7781069e-31	0	-307.50042
121600	0.35815234	5.6425674e-31	0	-302.48523
121700	0.67853751	3.6378056e-31	0	-304.39161
121800	0.93019357	1.0680124e-31	0	-309.71424
121900	1.0891139	1.2670011e-32	0	-318.97223
122000	1.140536	2.960571e-33	0	-325.28625
122100	1.0803092	1.3579653e-32	0	-318.67111
122200	0.91521447	2.6900495e-32	0	-315.7024
122300	0.66221361	1.4449568e-32	0	-318.40145
122400	0.34671023	1.9420925e-33	0	-327.1173
122500	7.8289888e-14	4.2616867e-32	0	-313.70418
122600	-0.34383369	1.2653052e-31	0	-308.97805
122700	-0.65127081	7.415252e-32	0	-311.29874
122800	-0.89262301	9.1495961e-33	0	-320.38598
122900	-1.0449004	1.3964519e-32	0	-318.54974
123000	-1.0939999	3.3364793e-33	0	-324.76712
123100	-1.0360076	9.4779559e-33	0	-320.23285
123200	-0.87749404	8.6965141e-33	0	-320.60655
123300	-0.6347836	1.5686895e-32	0	-318.04463
123400	-0.3322771	2.8479886e-32	0	-315.45462
123500	-8.6556055e-14	3.6519283e-32	0	-314.37478
123600	0.32937763	5.2005033e-32	0	-312.83955
123700	0.62375357	4.0655729e-32	0	-313.90878
123800	0.85472249	4.1138127e-32	0	-313.85755
123900	1.0003165	7.0439313e-33	0	-321.52185
124000	1.0470929	4.0259527e-32	0	-313.95131
124100	0.99137076	1.2945311e-32	0	-318.87887
124200	0.83950337	1.1755806e-32	0	-319.29748
124300	0.60716811	1.6676637e-31	0	-307.77892
124400	0.31775217	1.7250934e-31	0	-307.63187
124500	9.3788827e-14	9.4656686e-32	0	-310.23849
124600	-0.31484121	2.8105734e-31	0	-305.51205
124700	-0.59609438	6.807921e-32	0	-311.66985
124800	-0.8166416	5.2065331e-32	0	-312.83451
124900	-0.95553824	2.9448154e-32	0	-315.30942
125000	-1	1.1408451e-32	0	-319.42773
125100	-0.9465748	3.7385066e-33	0	-324.27302
125200	-0.80139239	1.2532223e-32	0	-319.01972
125300	-0.57947613	3.3762135e-32	0	-314.7157
125400	-0.30319277	3.0486989e-32	0	-315.15885
125500	-9.9998202e-14	1.7762488e-32	0	-317.50496
125600	0.30028181	3.5905486e-32	0	-314.44839
125700	0.56840239	1.0183743e-32	0	-319.92093
125800	0.77853061	1.3693565e-32	0	-318.63483
125900	0.91074228	3.7511786e-33	0	-324.25832
126000	0.95290711	5.2436811e-34	0	-332.80364
126100	0.90179653	5.4658604e-33	0	-322.62341
126200	0.7633115	8.6043451e-34	0	-330.65282
126300	0.55181693	7.5169172e-33	0	-321.2396
126400	0.28865636	1.7299072e-32	0	-317.61977
126500	1.0520222e-13	5.071764e-33	0	-322.94841
126600	-0.28575689	1.1226495e-33	0	-329.49756
126700	-0.5407869	2.2570862e-32	0	-316.46452
126800	-0.74053994	1.9344543e-32	0	-317.13442
126900	-0.86610542	1.5473585e-33	0	-328.10409
127000	-0.90600007	7.0900087e-34	0	-331.49353
127100	-0.85721266	1.3845662e-32	0	-318.58686
127200	-0.72541098	9.3418654e-33	0	-320.29566
127300	-0.52429969	2.1855953e-32	0	-316.6043
127400	-0.2742003	6.5422391e-32	0	-311.84274
127500	-5.9252676e-14	9.0231965e-33	0	-320.4464
127600	0.27132376	4.8513686e-34	0	-333.14136
127700	0.5133569	1.1948217e-31	0	-309.22697
127800	0.70281952	7.5243384e-32	0	-311.23532
127900	0.82180382	1.3315514e-32	0	-318.75642
128000	0.85946401	1.0069298e-32	0	-319.97001
128100	0.81299915	2.2177404e-32	0	-316.54089
128200	0.68784042	1.801091e-34	0	-337.44464
128300	0.497033	1.4730821e-32	0	-318.31773
128400	0.25988164	1.9531108e-32	0	-317.09273
128500	6.5162677e-14	7.3287989e-33	0	-321.34967
128600	-0.25703939	3.2010627e-33	0	-324.94706
128700	-0.48622062	1.4806414e-32	0	-318.2955
128800	-0.66551821	2.5598424e-32	0	-315.91787
128900	-0.77801233	1.4589331e-32	0	-318.35965
129000	-0.81348258	1.3756139e-32	0	-318.61503
129100	-0.7693305	1.4835893e-32	0	-318.28686
129200	-0.65074809	5.7371259e-33	0	-322.41306
129300	-0.47012446	1.6340815e-32	0	-317.86726
129400	-0.2457569	3.9017446e-32	0	-314.08741
129500	-7.0132056e-14	4.8527339e-32	0	-313.14014
129600	0.24296015	1.3793529e-32	0	-318.60325
129700	0.45948518	1.3594037e-32	0	-318.66652
129800	0.62878323	1.1312673e-32	0	-319.46435
129900	0.73490377	4.8059103e-33	0	-323.18224
130000	0.76823725	3.1378469e-32	0	-315.03368
130100	0.72637903	5.5830026e-32	0	-312.53132
130200	0.61428037	4.0160326e-34	0	-333.96203
130300	0.44368028	2.1654305e-32	0	-316.64456
130400	0.23188182	1.6382657e-31	0	-307.85616
130500	7.4199612e-14	1.8830407e-31	0	-307.2514
130600	-0.2291416	2.046448e-31	0	-306.88999
130700	-0.43325607	5.71228e-32	0	-312.43191
130800	-0.59275954	2.9113384e-33	0	-325.35907
130900	-0.69264826	2.6864445e-33	0	-325.70822
131000	-0.72390659	1.8888481e-32	0	-317.23803
131100	-0.68431426	1.0215042e-32	0	-319.9076
131200	-0.57858119	2.3721926e-33	0	-326.2485
131300	-0.41780481	7.7912656e-33	0	-321.08392
131400	-0.21831116	4.4918478e-32	0	-313.47575
131500	-7.7411548e-14	2.6204383e-32	0	-315.81626
131600	0.21563829	1.7169047e-32	0	-317.65254
131700	0.40763683	1.2057057e-32	0	-319.18759
131800	0.55758933	2.1258309e-33	0	-326.72471
131900	0.65141256	3.8713959e-34	0	-334.12132
132000	0.68066553	1.2273729e-32	0	-319.11023
132100	0.6433022	5.1906819e-34	0	-332.84776
132200	0.54379143	7.5926563e-33	0	-321.19606
132300	0.39260018	2.6103135e-33	0	-325.83307
132400	0.20509847	1.5570361e-32	0	-318.07701
132500	4.2332578e-14	6.6323758e-32	0	-311.78331
132600	-0.2025035	3.847671e-32	0	-314.14802
132700	-0.38272854	3.9738689e-33	0	-324.00786
132800	-0.52341138	1.220436e-32	0	-319.13485
132900	-0.61135943	3.3786241e-32	0	-314.7126
133000	-0.63868474	8.0225894e-33	0	-320.95685
133100	-0.60350471	2.8403611e-33	0	-325.46626
133200	-0.5100484	1.4997471e-31	0	-308.23982
133300	-0.36816586	1.5508019e-31	0	-308.09444
133400	-0.1922959	1.1340839e-31	0	-309.45355
133500	-4.6347138e-14	3.0900764e-31	0	-305.10031
133600	0.18978908	2.6923322e-32	0	-315.69871
133700	0.35862953	2.9708506e-33	0	-325.27119
133800	0.49036059	3.5173521e-32	0	-314.53784
133900	0.57264693	5.0414687e-33	0	-322.97443
134000	0.5981299	7.658437e-33	0	-321.1586
134100	0.56507885	9.796047e-33	0	-320.08949
134200	0.47748526	1.2954098e-32	0	-318.87593
134300	0.34459827	2.9179207e-32	0	-315.34927
134400	0.17995397	4.3856829e-33	0	-323.57963
134500	4.9600675e-14	7.2930486e-32	0	-311.37091
134600	-0.17754519	6.6949042e-33	0	-321.74256
134700	-0.33543488	4.3597921e-33	0	-323.60534
134800	-0.45856739	1.6739563e-32	0	-317.76256
134900	-0.53542783	1.6891669e-32	0	-317.72327
135000	-0.55916106	1.2405753e-32	0	-319.06377
135100	-0.52817626	1.743422e-32	0	-317.58597
135200	-0.44623053	1.0116892e-32	0	-319.94953
135300	-0.32199043	1.1282327e-33	0	-329.47601
135400	-0.1681214	4.2225487e-33	0	-323.74425
135500	-5.2157073e-14	7.9553736e-33	0	-320.99339
135600	0.16582015	2.4502261e-33	0	-326.10794
135700	0.31323615	1.5013445e-32	0	-318.2352
135800	0.42815726	1.2863154e-32	0	-318.90653
135900	0.49984904	4.2854465e-32	0	-313.68004
136000	0.52193201	3.0711434e-32	0	-315.127
136100	0.49294259	3.3932175e-32	0	-314.69388
136200	0.41640754	6.3753662e-32	0	-311.95495
136300	0.30043156	1.572973e-33	0	-328.03279
136400	0.15684488	3.9074311e-34	0	-334.08109
136500	5.4086284e-14	4.1389197e-33	0	-323.83113
136600	-0.15466026	7.4458534e-33	0	-321.28086
136700	-0.29212093	5.6210851e-33	0	-322.5018
136800	-0.39925021	3.5651864e-33	0	-324.47918
136900	-0.46605095	1.6194342e-32	0	-317.90637
137000	-0.48658967	2.9090893e-34	0	-335.36243
137100	-0.45951688	5.0497298e-33	0	-322.96732
137200	-0.38813401	1.8408932e-32	0	-317.34971
137300	-0.28000675	1.4747339e-33	0	-328.31286
137400	-0.14616891	5.2895105e-34	0	-332.76585
137500	-5.5463899e-14	8.7431372e-33	0	-320.58333
137600	0.14410953	7.2217578e-34	0	-331.41357
137700	0.27217257	4.3630976e-33	0	-323.60205
137800	0.37196031	1.0311509e-32	0	-319.86678
137900	0.43416696	8.8366837e-32	0	-310.53711
138000	0.45327353	1.414236e-32	0	-318.49478
138100	0.42803106	2.7142195e-33	0	-325.66355
138200	0.36152151	7.9123953e-33	0	-321.01692
138300	0.2607966	1.8761889e-32	0	-317.26723
138400	0.13613563	9.6768309e-33	0	-320.14267
138500	3.1506434e-14	3.587629e-32	0	-314.45192
138600	-0.13420962	1.1048568e-32	0	-319.56694
138700	-0.25346979	2.2838154e-32	0	-316.41339
138800	-0.34639528	1.2817459e-31	0	-308.92198
138900	-0.40432289	3.5823843e-31	0	-304.45828
139000	-0.42211507	2.7290951e-32	0	-315.63981
139100	-0.39860938	1.1588142e-32	0	-319.35986
139200	-0.33667507	4.7971846e-32	0	-313.19014
139300	-0.24287692	3.2528111e-32	0	-314.87741
139400	-0.12678463	1.014866e-32	0	-319.93591
139500	-3.3735051e-14	2.6977497e-32	0	-315.68998
139600	0.1249996	1.9942557e-33	0	-327.00219
139700	0.2360864	5.0746423e-33	0	-322.94595
139800	0.32265601	1.8095989e-32	0	-317.42418
139900	0.37663653	4.2176698e-32	0	-313.74927
140000	0.39323725	1.1498115e-32	0	-319.39373
140100	0.37136796	6.7626862e-34	0	-331.69881
140200	0.31369275	1.041293e-32	0	-319.82427
140300	0.22631843	2.1269965e-33	0	-326.72233
140400	0.11815282	6.1255316e-33	0	-322.12856
140500	3.5535007e-14	1.6153563e-33	0	-327.91732
140600	-0.11651581	7.0590862e-32	0	-311.51252
140700	-0.220091	1.4475826e-31	0	-308.39357
140800	-0.30083618	9.4011816e-32	0	-310.26818
140900	-0.35121715	1.8631502e-32	0	-317.29752
141000	-0.36675406	4.2968605e-32	0	-313.66849
141100	-0.3464143	2.0664928e-32	0	-316.84766
141200	-0.29266525	1.3673186e-33	0	-328.6413
141300	-0.2111865	3.1326877e-32	0	-315.04083
141400	-0.11027426	2.7700063e-32	0	-315.57519
141500	-3.699335e-14	9.3339553e-32	0	-310.29934
141600	0.10879173	4.808673e-31	0	-303.17975
141700	0.20554672	7.2159783e-31	0	-301.41705
141800	0.28102191	5.4748697e-31	0	-302.61626
141900	0.32816506	6.9006428e-32	0	-311.6111
142000	0.34276999	5.7467097e-32	0	-312.40581
142100	0.32384689	9.3166211e-32	0	-310.30742
142200	0.27367555	8.2407511e-33	0	-320.84033
142300	0.19754082	1.887846e-33	0	-327.24033
142400	0.10318005	6.6327679e-32	0	-311.78305
142500	3.8200729e-14	3.8302502e-33	0	-324.16773
142600	-0.10185785	4.4986833e-32	0	-313.46915
142700	-0.19251097	1.450485e-31	0	-308.38487
142800	-0.26329139	1.2666591e-31	0	-308.9734
142900	-0.30757123	2.6990167e-32	0	-315.68794
143000	-0.32137971	2.5526221e-32	0	-315.93013
143100	-0.30375478	3.2944088e-32	0	-314.82223
143200	-0.2567986	1.1831526e-32	0	-319.26959
143300	-0.18543526	2.3099126e-32	0	-316.36404
143400	-0.096898187	1.9335736e-32	0	-317.13639
143500	-2.1533636e-14	1.2068573e-32	0	-319.18344
143600	0.095741535	2.2151565e-34	0	-336.54596
143700	0.18103518	5.8356993e-32	0	-312.33907
143800	0.24771461	1.3109711e-32	0	-318.82407
143900	0.28951695	2.9624257e-33	0	-325.28353
144000	0.30266764	2.9870659e-32	0	-315.24755
144100	0.28621729	4.0395198e-33	0	-323.9367
144200	0.242101	9.2300039e-33	0	-320.34798
144300	0.17491759	4.7833211e-32	0	-313.2027
144400	0.091453458	3.1232758e-32	0	-315.0539
144500	2.3508488e-14	2.3570373e-32	0	-316.27634
144600	-0.090466919	4.522441e-32	0	-313.44627
144700	-0.17116465	8.626579e-32	0	-310.64161
144800	-0.23435303	3.2173849e-32	0	-314.92497
144900	-0.27407346	2.0900832e-33	0	-326.79836
145000	-0.28670761	9.9375519e-33	0	-320.02721
145100	-0.27130361	7.6758613e-33	0	-321.14873
145200	-0.22964076	9.0147715e-33	0	-320.45045
145300	-0.16602933	1.1596606e-32	0	-319.35669
145400	-0.086867353	8.3348364e-33	0	-320.79103
145500	-2.5361821e-14	1.8380311e-32	0	-317.35647
145600	0.08605482	1.1671673e-32	0	-319.32867
145700	0.16293833	3.0515935e-32	0	-315.15473
145800	0.22325938	1.4118557e-32	0	-318.5021
145900	0.26130172	3.5196541e-33	0	-324.535
146000	0.27356263	6.5729e-33	0	-321.82243
146100	0.2590726	2.3328016e-32	0	-316.32122
146200	0.21946706	1.2155359e-32	0	-319.15232
146300	0.15880554	1.4948174e-32	0	-318.25412
146400	0.083157971	2.3633218e-32	0	-316.26477
146500	2.7189531e-14	1.3181092e-32	0	-318.80049
146600	-0.082522651	1.766336e-34	0	-337.52927
146700	-0.15638868	1.3495201e-31	0	-308.69821
146800	-0.21447745	1.5573147e-32	0	-318.07624
146900	-0.25125212	1.8769682e-32	0	-317.26543
147000	-0.26328456	3.8042912e-33	0	-324.19726
147100	-0.24957254	1.176948e-32	0	-319.29243
147200	-0.21162004	1.9529429e-32	0	-317.0931
147300	-0.15327473	6.565085e-32	0	-311.8276
147400	-0.080339951	2.7725524e-32	0	-315.5712
147500	-2.9088736e-14	3.1193721e-32	0	-315.05933
147600	0.079884351	1.0933789e-32	0	-319.61229
147700	0.15154157	3.9747838e-31	0	-304.00686
147800	0.2080419	1.6953522e-31	0	-307.7074
147900	0.24396433	3.6128472e-32	0	-314.4215
148000	0.25591397	4.8104032e-33	0	-323.17819
148100	0.24284091	3.5678757e-32	0	-314.4759
148200	0.20613067	1.0132158e-32	0	-319.94298
148300	0.14945875	1.900588e-32	0	-317.21112
148400	0.078424415	1.7008209e-32	0	-317.69341
148500	3.1157144e-14	9.9044708e-33	0	-320.04169
148600	-0.078150334	1.0006648e-33	0	-329.99711
148700	-0.1484161	7.2209912e-32	0	-311.41403
148800	-0.20397812	4.6744164e-32	0	-313.30273
148900	-0.23946711	2.3179945e-32	0	-316.34888
149000	-0.25147995	3.3530477e-33	0	-324.7456
149100	-0.23890429	1.5464991e-32	0	-318.1065
149200	-0.20302062	3.9964093e-32	0	-313.9833
149300	-0.14737263	7.0338536e-33	0	-321.52807
149400	-0.077418922	9.04952e-32	0	-310.43374
149500	-1.9260531e-14	2.0424363e-31	0	-306.89851
149600	0.077327442	1.9045941e-31	0	-307.20198
149700	0.14702463	8.0380212e-32	0	-310.94851
149800	0.20230216	5.7167909e-32	0	-312.42848
149900	0.23777821	1.642563e-32	0	-317.84478
150000	0.25	5.0297567e-33	0	-322.98453
150100	0.23777821	5.3624549e-32	0	-312.70636
150200	0.20230216	1.1248001e-31	0	-309.48925
150300	0.14702463	1.865994e-32	0	-317.2909
150400	0.077327442	4.7952527e-31	0	-303.19189
150500	2.1959672e-14	1.1502258e-30	0	-299.39217
150600	-0.077418922	1.3002273e-30	0	-298.85981
150700	-0.14737263	5.1148175e-31	0	-302.9117
150800	-0.20302062	9.4700124e-32	0	-310.23649
150900	-0.23890429	3.2560896e-32	0	-314.87304
151000	-0.25147995	2.0555674e-32	0	-316.87068
151100	-0.23946711	1.329395e-32	0	-318.76346
151200	-0.20397812	2.2278258e-32	0	-316.52119
151300	-0.1484161	5.9449998e-33	0	-322.25848
151400	-0.078150334	6.0710513e-32	0	-312.16736
151500	-2.4950189e-14	1.7198494e-31	0	-307.6451
151600	0.078424415	1.6555014e-31	0	-307.8107
151700	0.14945875	8.820527e-32	0	-310.54505
151800	0.20613067	1.8186419e-32	0	-317.40253
151900	0.24284091	2.4750238e-33	0	-326.06421
152000	0.25591397	5.6297022e-33	0	-322.49515
152100	0.24396433	2.1067442e-32	0	-316.76388
152200	0.2080419	2.566649e-34	0	-335.90634
152300	0.15154157	9.35106e-33	0	-320.29139
152400	0.079884351	2.4812581e-33	0	-326.05328
152500	2.8326487e-14	1.980522e-32	0	-317.0322
152600	-0.080339951	3.7021976e-33	0	-324.3154
152700	-0.15327473	3.0300631e-33	0	-325.18548
152800	-0.21162004	5.4508734e-33	0	-322.63534
152900	-0.24957254	1.9032516e-33	0	-327.20504
153000	-0.26328456	5.54708e-33	0	-322.55936
153100	-0.25125212	1.8971516e-32	0	-317.21898
153200	-0.21447745	1.4368553e-32	0	-318.42587
153300	-0.15638868	5.2040116e-32	0	-312.83662
153400	-0.082522651	1.5599166e-32	0	-318.06899
153500	-3.2181074e-14	1.1561174e-31	0	-309.36998
153600	0.083157971	1.2275582e-32	0	-319.10958
153700	0.15880554	4.1642139e-33	0	-323.80467
153800	0.21946706	1.2498657e-32	0	-319.03137
153900	0.2590726	2.9849386e-33	0	-325.25065
154000	0.27356263	8.7607124e-33	0	-320.57461
154100	0.26130172	3.6329854e-33	0	-324.39736
154200	0.22325938	9.4040108e-33	0	-320.26687
154300	0.16293833	5.2091851e-33	0	-322.8323
154400	0.08605482	9.8734655e-33	0	-320.0553
154500	3.6603939e-14	2.0164215e-32	0	-316.95419
154600	-0.086867353	1.36111e-32	0	-318.66107
154700	-0.16602933	9.5022934e-33	0	-320.22172
154800	-0.22964076	7.5168776e-33	0	-321.23963
154900	-0.27130361	1.8580359e-32	0	-317.30946
155000	-0.28670761	1.1461854e-32	0	-319.40745
155100	-0.27407346	1.8419262e-33	0	-327.34728
155200	-0.23435303	4.54387e-33	0	-323.42574
155300	-0.17116465	1.4901866e-32	0	-318.26759
155400	-0.090466919	1.1910127e-32	0	-319.24084
155500	-2.49507e-14	1.1608378e-33	0	-329.35228
155600	0.091453458	9.3942694e-33	0	-320.27137
155700	0.17491759	7.6854184e-33	0	-321.14332
155800	0.242101	2.2238762e-34	0	-336.52889
155900	0.28621729	8.5762634e-32	0	-310.66702
156000	0.30266764	6.1802579e-34	0	-332.08993
156100	0.28951695	6.4604999e-32	0	-311.89734
156200	0.24771461	7.7070189e-33	0	-321.13114
156300	0.18103518	1.0666787e-31	0	-309.71966
156400	0.095741535	2.1356754e-32	0	-316.70465
156500	2.9781118e-14	6.2064685e-32	0	-312.07155
156600	-0.096898187	4.4912706e-32	0	-313.47631
156700	-0.18543526	2.2915169e-32	0	-316.39877
156800	-0.2567986	1.2120886e-32	0	-319.16466
156900	-0.30375478	2.8486507e-32	0	-315.45361
157000	-0.32137971	2.2357747e-32	0	-316.50572
157100	-0.30757123	3.0905178e-32	0	-315.09969
157200	-0.26329139	1.5078608e-31	0	-308.21639
157300	-0.19251097	9.3183058e-32	0	-310.30663
157400	-0.10185785	3.4651087e-32	0	-314.60283
157500	-3.5274348e-14	2.5212604e-31	0	-305.98382
157600	0.10318005	1.3528814e-31	0	-308.6874
157700	0.19754082	4.6655175e-31	0	-303.311
157800	0.27367555	3.6109353e-30	0	-294.4238
157900	0.32384689	1.9586456e-30	0	-297.08044
158000	0.34276999	2.0491272e-30	0	-296.88431
158100	0.32816506	1.3902611e-30	0	-298.56904
158200	0.28102191	6.3473117e-31	0	-301.9741
158300	0.20554672	1.8211682e-31	0	-307.3965
158400	0.10879173	3.324031e-31	0	-304.78335
158500	4.1508974e-14	1.2979582e-30	0	-298.86739
158600	-0.11027426	1.4523793e-30	0	-298.3792
158700	-0.2111865	3.9202318e-30	0	-294.06688
158800	-0.29266525	1.9489764e-29	0	-287.10193
158900	-0.3464143	1.9042112e-29	0	-287.20285
159000	-0.36675406	1.070223e-29	0	-289.70526
159100	-0.35121715	6.496427e-30	0	-291.87325
159200	-0.30083618	1.1333359e-30	0	-299.45641
159300	-0.220091	7.0949297e-31	0	-301.49052
159400	-0.11651581	2.1681684e-31	0	-306.63907
159500	-4.8558835e-14	7.2303958e-32	0	-311.40838
159600	0.11815282	8.897584e-31	0	-300.50728
159700	0.22631843	1.3240948e-30	0	-298.78081
159800	0.31369275	3.049108e-30	0	-295.15827
159900	0.37136796	2.1960264e-30	0	-296.58362
160000	0.39323725	1.9633104e-30	0	-297.07011
160100	0.37663653	1.0527872e-30	0	-299.77659
160200	0.32265601	2.2761921e-32	0	-316.42791
160300	0.2360864	1.6960821e-31	0	-307.70553
160400	0.1249996	1.3757178e-31	0	-308.61471
160500	3.3335425e-14	2.6429667e-33	0	-325.77908
160600	-0.12678463	1.1989251e-31	0	-309.21208
160700	-0.24287692	2.1273488e-31	0	-306.72161
160800	-0.33667507	1.8457392e-32	0	-317.3383
160900	-0.39860938	6.7556508e-32	0	-311.70333
161000	-0.42211507	1.4403742e-31	0	-308.41525
161100	-0.40432289	3.1723488e-33	0	-324.98619
161200	-0.34639528	5.2787248e-32	0	-312.77471
161300	-0.25346979	3.9036239e-32	0	-314.08532
161400	-0.13420962	1.8106227e-32	0	-317.42172
161500	-4.0508581e-14	2.1554504e-32	0	-316.66462
161600	0.13613563	1.0499734e-31	0	-309.78822
161700	0.2607966	7.6713202e-32	0	-311.1513
161800	0.36152151	1.6465761e-31	0	-307.83418
161900	0.42803106	5.663621e-32	0	-312.46906
162000	0.45327353	5.4330514e-32	0	-312.64956
162100	0.43416696	1.1762014e-31	0	-309.29518
162200	0.37196031	8.2966637e-32	0	-310.81097
162300	0.27217257	2.0124468e-34	0	-336.96276
162400	0.14410953	2.6194225e-32	0	-315.81794
162500	4.8558835e-14	2.6945214e-32	0	-315.69518
162600	-0.14616891	1.1345838e-32	0	-319.45163
162700	-0.28000675	3.4976591e-32	0	-314.56223
162800	-0.38813401	8.3267769e-32	0	-310.79523
162900	-0.45951688	5.3954148e-33	0	-322.67975
163000	-0.48658967	7.5201139e-33	0	-321.23776
163100	-0.46605095	7.2620858e-32	0	-311.38939
163200	-0.39925021	2.0451982e-32	0	-316.89265
163300	-0.29212093	2.0397972e-32	0	-316.90413
163400	-0.15466026	4.3500794e-32	0	-313.61503
163500	-5.7543462e-14	4.7451211e-33	0	-323.23753
163600	0.15684488	1.8602999e-33	0	-327.30417
163700	0.30043156	4.8706516e-32	0	-313.12413
163800	0.41640754	1.5788215e-32	0	-318.01667
163900	0.49294259	3.9219088e-33	0	-324.06503
164000	0.52193201	3.0998555e-32	0	-315.08659
164100	0.49984904	8.4407028e-33	0	-320.73621
164200	0.42815726	1.9034538e-32	0	-317.20458
164300	0.31323615	4.2637341e-32	0	-313.7021
164400	0.16582015	1.240639e-32	0	-319.06355
164500	6.7513214e-14	1.8537945e-32	0	-317.31938
164600	-0.1681214	1.0757932e-32	0	-319.68271
164700	-0.32199043	1.2468849e-31	0	-309.04174
164800	-0.44623053	2.2004694e-32	0	-316.57485
164900	-0.52817626	9.5054909e-33	0	-320.22025
165000	-0.55916106	2.4777956e-32	0	-316.05935
165100	-0.53542783	9.0766659e-33	0	-320.42074
165200	-0.45856739	5.4468572e-32	0	-312.63854
165300	-0.33543488	3.9101153e-32	0	-314.0781
165400	-0.17754519	9.0966662e-33	0	-320.41118
165500	-7.8511953e-14	2.8408785e-32	0	-315.46547
165600	0.17995397	9.783667e-33	0	-320.09498
165700	0.34459827	8.0366515e-32	0	-310.94925
165800	0.47748526	5.0702757e-32	0	-312.94968
165900	0.56507885	4.7843489e-32	0	-313.20177
166000	0.5981299	5.6604661e-32	0	-312.47148
166100	0.57264693	2.09676e-32	0	-316.78451
166200	0.49036059	1.1915004e-32	0	-319.23906
166300	0.35862953	6.7104784e-33	0	-321.73247
166400	0.18978908	4.511177e-32	0	-313.4571
166500	9.0576311e-14	8.3625411e-32	0	-310.77662
166600	-0.1922959	1.5987274e-31	0	-307.96226
166700	-0.36816586	7.4240536e-31	0	-301.29359
166800	-0.5100484	1.672079e-30	0	-297.76743
166900	-0.60350471	2.0343007e-31	0	-306.91585
167000	-0.63868474	2.1772258e-31	0	-306.62097
167100	-0.61135943	1.4726104e-31	0	-308.31912
167200	-0.52341138	2.1755447e-31	0	-306.62432
167300	-0.38272854	8.2228651e-32	0	-310.84977
167400	-0.2025035	2.8980354e-31	0	-305.37896
167500	-1.037354e-13	3.6389424e-31	0	-304.39025
167600	0.20509847	9.9468901e-31	0	-300.02313
167700	0.39260018	4.7913757e-30	0	-293.1954
167800	0.54379143	1.0658129e-29	0	-289.72319
167900	0.6433022	1.0730937e-31	0	-309.69362
168000	0.68066553	2.6674134e-31	0	-305.7391
168100	0.65141256	2.7947373e-31	0	-305.53659
168200	0.55758933	3.627174e-31	0	-304.40432
168300	0.40763683	2.1374265e-31	0	-306.70109
168400	0.21563829	2.7779461e-31	0	-305.56276
168500	1.1801056e-13	2.0508985e-31	0	-306.88056
168600	-0.21831116	2.8221891e-31	0	-305.49414
168700	-0.41780481	7.8278278e-31	0	-301.06359
168800	-0.57858119	1.3839071e-30	0	-298.58893
168900	-0.68431426	3.4945128e-33	0	-324.56613
169000	-0.72390659	2.2280026e-32	0	-316.52084
169100	-0.69264826	3.9738317e-32	0	-314.00791
169200	-0.59275954	1.6660421e-32	0	-317.78314
169300	-0.43325607	1.6327547e-32	0	-317.87079
169400	-0.2291416	3.2213792e-32	0	-314.91958
169500	-4.8610864e-14	4.6329874e-32	0	-313.34139
169600	0.23188182	2.9335865e-32	0	-315.32601
169700	0.44368028	1.6700178e-32	0	-317.77279
169800	0.61428037	4.0328499e-33	0	-323.94388
169900	0.72637903	8.7482939e-33	0	-320.58077
170000	0.76823725	1.3789285e-34	0	-338.60458
170100	0.73490377	5.0187308e-33	0	-322.99406
170200	0.62878323	2.2224907e-32	0	-316.5316
170300	0.45948518	9.9042431e-34	0	-330.04179
170400	0.24296015	4.6264408e-32	0	-313.34753
170500	6.0055826e-14	4.4024872e-32	0	-313.56302
170600	-0.2457569	1.0903075e-31	0	-309.62451
170700	-0.47012446	8.2579434e-32	0	-310.83128
170800	-0.65074809	9.5438569e-33	0	-320.20276
170900	-0.7693305	1.0797562e-32	0	-319.66674
171000	-0.81348258	5.5023334e-33	0	-322.59453
171100	-0.77801233	3.4876672e-33	0	-324.57465
171200	-0.66551821	2.073529e-33	0	-326.8329
171300	-0.48622062	2.2320916e-34	0	-336.51288
171400	-0.25703939	1.1479386e-32	0	-319.40081
171500	-7.2538567e-14	3.2083645e-33	0	-324.93716
171600	0.25988164	8.6009712e-33	0	-320.65453
171700	0.497033	1.0319676e-32	0	-319.86334
171800	0.68784042	1.0389127e-32	0	-319.83421
171900	0.81299915	1.8033079e-33	0	-327.4393
172000	0.85946401	3.7149435e-33	0	-324.30048
172100	0.82180382	7.6478936e-33	0	-321.16458
172200	0.70281952	6.1741583e-33	0	-322.09422
172300	0.5133569	1.5885999e-33	0	-327.98985
172400	0.27132376	7.9539535e-33	0	-320.99417
172500	8.6068234e-14	4.1485843e-33	0	-323.821
172600	-0.2742003	7.9564116e-33	0	-320.99283
172700	-0.52429969	3.9910493e-33	0	-323.98913
172800	-0.72541098	2.6112649e-33	0	-325.83149
172900	-0.85721266	6.0120509e-34	0	-332.20977
173000	-0.90600007	6.1264407e-34	0	-332.12792
173100	-0.86610542	3.4946265e-32	0	-314.56599
173200	-0.74053994	2.0025503e-32	0	-316.98417
173300	-0.5407869	1.5853773e-32	0	-317.99867
173400	-0.28575689	4.573799e-32	0	-313.39723
173500	-1.0064593e-13	5.1184198e-32	0	-312.90864
173600	0.28865636	2.0065805e-32	0	-316.97543
173700	0.55181693	2.9657271e-33	0	-325.27869
173800	0.7633115	2.691132e-33	0	-325.70065
173900	0.90179653	2.1175285e-34	0	-336.74171
174000	0.95290711	1.1097177e-32	0	-319.54787
174100	0.91074228	3.782931e-33	0	-324.22172
174200	0.77853061	3.9354277e-33	0	-324.05008
174300	0.56840239	3.4740177e-33	0	-324.59168
174400	0.30028181	1.4882142e-32	0	-318.27335
174500	1.1626466e-13	2.2586767e-32	0	-316.46146
174600	-0.30319277	2.7120657e-32	0	-315.667
174700	-0.57947613	9.3798641e-33	0	-320.27803
174800	-0.80139239	7.6778119e-33	0	-321.14763
174900	-0.9465748	2.4867098e-32	0	-316.04375
175000	-1	4.0832413e-32	0	-313.88995
175100	-0.95553824	2.7339023e-32	0	-315.63217
175200	-0.8166416	1.0979639e-32	0	-319.59412
175300	-0.59609438	1.1268757e-32	0	-319.48124
175400	-0.31484121	2.2958961e-33	0	-326.39048
175500	-1.3290934e-13	2.113258e-33	0	-326.75047
175600	0.31775217	1.9748524e-32	0	-317.04465
175700	0.60716811	2.3441244e-32	0	-316.30019
175800	0.83950337	2.3701847e-33	0	-326.25218
175900	0.99137076	1.2796084e-31	0	-308.92923
176000	1.0470929	1.7665519e-31	0	-307.52874
176100	1.0003165	2.5602739e-31	0	-305.91714
176200	0.85472249	1.5906194e-31	0	-307.98434
176300	0.62375357	7.5010874e-32	0	-311.24876
176400	0.32937763	7.02199e-33	0	-321.5354
176500	1.5055683e-13	4.4758202e-32	0	-313.49127
176600	-0.3322771	8.4450466e-33	0	-320.73398
176700	-0.6347836	1.4847149e-33	0	-328.28357
176800	-0.87749404	3.8868981e-33	0	-324.10397
176900	-1.0360076	3.7411592e-32	0	-314.26994
177000	-1.0939999	3.767753e-32	0	-314.23918
177100	-1.0449004	2.8163985e-32	0	-315.50306
177200	-0.89262301	9.537994e-33	0	-320.20543
177300	-0.65127081	9.3734391e-33	0	-320.28101
177400	-0.34383369	2.3944538e-33	0	-326.20794
177500	-1.6917602e-13	2.4340788e-33	0	-326.13665
177600	0.34671023	6.0544655e-34	0	-332.17924
177700	0.66221361	9.134929e-35	0	-340.39295
177800	0.91521447	1.5321607e-33	0	-328.14696
177900	1.0803092	1.3873345e-31	0	-308.57819
178000	1.140536	2.9983811e-33	0	-325.23113
178100	1.0891139	1.4249863e-32	0	-318.46189
178200	0.93019357	1.4426358e-32	0	-318.40843
178300	0.67853751	3.6245723e-34	0	-334.40743
178400	0.35815234	1.2762413e-32	0	-318.94067
178500	1.8872797e-13	1.4786379e-32	0	-318.30138
178600	-0.3609946	3.3716044e-33	0	-324.72163
178700	-0.68934988	8.1621321e-33	0	-320.88196
178800	-0.95251578	1.331267e-32	0	-318.75735
178900	-1.1241007	1.1332535e-30	0	-299.45673
179000	-1.1865174	5.4492274e-32	0	-312.63665
179100	-1.1327825	1.669623e-32	0	-317.77382
179200	-0.9672859	2.5606401e-32	0	-315.91651
179300	-0.70544604	2.9595107e-33	0	-325.2878
179400	-0.37227708	2.9310952e-32	0	-315.3297
179500	-2.0916613e-13	2.286145e-32	0	-316.40896
179600	0.37507384	6.5021743e-33	0	-321.86941
179700	0.71608533	1.5131926e-32	0	-318.20106
179800	0.98925076	2.2512279e-32	0	-316.47581
179900	1.1672093	1.6920223e-31	0	-307.71594
180000	1.2317627	2.4131056e-32	0	-316.17424
180100	1.175734	7.2095714e-33	0	-321.42091
180200	1.0037536	5.0519441e-33	0	-322.96541
180300	0.73189022	8.8002172e-33	0	-320.55507
180400	0.38615217	1.0489504e-32	0	-319.79245
180500	8.7867147e-14	9.2197128e-34	0	-330.35283
180600	-0.38889238	2.962148e-33	0	-325.28393
180700	-0.74231443	7.4387889e-33	0	-321.28498
180800	-1.0252744	7.4124411e-33	0	-321.30039
180900	-1.2094648	2.0724647e-33	0	-326.83513
181000	-1.2760934	3.1174366e-32	0	-315.06202
181100	-1.2177988	7.2252814e-33	0	-321.41145
181200	-1.0394528	3.4449108e-33	0	-324.62822
181300	-0.75776569	6.2762226e-34	0	-332.02302
181400	-0.39972283	9.7790764e-33	0	-320.09702
181500	-1.0492831e-13	5.2024503e-33	0	-322.83792
181600	0.4023957	2.0006254e-33	0	-326.98834
181700	0.76793368	2.321599e-32	0	-316.34213
181800	1.0604447	2.8756062e-32	0	-315.41271
181900	1.2507005	1.3094574e-32	0	-318.82909
182000	1.3193345	7.7655119e-32	0	-311.0983
182100	1.2588108	4.5501141e-32	0	-313.41978
182200	1.0742426	6.9841309e-33	0	-321.55888
182300	0.78297032	2.0139492e-32	0	-316.95951
182400	0.41293552	1.3423394e-32	0	-318.72138
182500	1.2282631e-13	1.4229985e-33	0	-328.46796
182600	-0.41553048	7.0481386e-34	0	-331.51926
182700	-0.79284196	7.73415e-33	0	-321.11587
182800	-1.0946226	3.8870869e-33	0	-324.10376
182900	-1.2907536	1.0016231e-32	0	-319.99296
183000	-1.3613153	2.0933234e-32	0	-316.79164
183100	-1.2986083	3.7129565e-33	0	-324.3028
183200	-1.1079856	8.8712421e-34	0	-330.52016
183300	-0.80740465	6.3062769e-34	0	-332.00227
183400	-0.42573809	8.1426293e-34	0	-330.89235
183500	-1.4150589e-13	1.8456426e-33	0	-327.33852
183600	0.42824491	7.3935429e-33	0	-321.31147
183700	0.81694098	5.4264374e-33	0	-322.65485
183800	1.1276734	1.7246895e-32	0	-317.63289
183900	1.3294661	3.0030737e-32	0	-315.22434
184000	1.4018701	3.6565306e-32	0	-314.36931
184100	1.3370342	1.0644819e-32	0	-319.72862
184200	1.1405487	1.3472055e-33	0	-328.70566
184300	0.83097223	8.6000818e-33	0	-320.65497
184400	0.43808002	1.7071208e-33	0	-327.67736
184500	1.6090515e-13	1.9195467e-33	0	-327.16801
184600	-0.4404888	6.1794625e-32	0	-312.09049
184700	-0.84013562	4.1530482e-32	0	-313.81633
184800	-1.1594666	6.1417667e-32	0	-312.11707
184900	-1.3666852	1.9557487e-31	0	-307.08687
185000	-1.4408389	1.9048085e-31	0	-307.20149
185100	-1.3739368	1.3618749e-31	0	-308.65863
185200	-1.1718035	9.2636303e-33	0	-320.33219
185300	-0.85358007	1.4662636e-32	0	-318.33788
185400	-0.44991259	1.7896271e-32	0	-317.47237
185500	-1.8095589e-13	1.4881781e-33	0	-328.27345
185600	0.45221383	1.2328399e-32	0	-319.09093
185700	0.86233436	3.7510074e-32	0	-314.25852
185800	1.1898767	9.4668906e-33	0	-320.23793
185900	1.402264	2.7588557e-32	0	-315.59271
186000	1.478068	4.8881427e-32	0	-313.10856
186100	1.4091704	1.9282316e-32	0	-317.14841
186200	1.2016264	1.6664125e-33	0	-327.78217
186300	0.87513894	1.5389377e-32	0	-318.12779
186400	0.46118911	1.2937151e-33	0	-328.88161
186500	2.0158405e-13	1.8462326e-34	0	-337.33714
186600	-0.46337373	1.8809809e-32	0	-317.25616
186700	-0.88344957	3.5604889e-32	0	-314.4849
186800	-1.2187838	4.2504838e-32	0	-313.71562
186900	-1.4360621	7.971513e-32	0	-310.98459
187000	-1.5134103	6.5513875e-32	0	-311.83667
187100	-1.4425961	4.2075272e-33	0	-323.75973
187200	-1.2299	4.008722e-33	0	-323.96994
187300	-0.89556376	1.7962538e-32	0	-317.45632
187400	-0.47186508	4.3772717e-32	0	-313.58796
187500	-2.2271008e-13	6.7247575e-33	0	-321.72323
187600	0.47392446	1.0927452e-31	0	-309.61481
187700	0.90339793	2.735494e-31	0	-305.62964
187800	1.2460737	3.6125079e-31	0	-304.42191
187900	1.4679461	3.5050904e-31	0	-304.55301
188000	1.5467265	2.125519e-31	0	-306.72535
188100	1.474082	5.1545729e-33	0	-322.87807
188200	1.2565125	1.8665083e-33	0	-327.2897
188300	0.91477391	3.4041236e-32	0	-314.67995
188400	0.48189836	5.5096338e-33	0	-322.58877
188500	2.4424951e-13	1.1560024e-32	0	-319.37041
188600	-0.48382437	4.4130544e-32	0	-313.55261
188700	-0.92210071	3.4851565e-32	0	-314.57778
188800	-1.2716387	5.7068758e-32	0	-312.43602
188900	-1.4977901	7.2392517e-32	0	-311.40306
189000	-1.5778849	4.1983489e-32	0	-313.76921
189100	-1.5035037	9.4775992e-34	0	-330.23302
189200	-1.2813589	1.3850214e-32	0	-318.58544
189300	-0.93269359	1.3055188e-32	0	-318.84217
189400	-0.49124936	6.537214e-33	0	-321.84607
189500	-2.6611337e-13	3.8159936e-33	0	-324.18392
189600	0.49303439	2.5170358e-33	0	-325.99111
189700	0.93948411	5.213034e-34	0	-332.82909
189800	1.295378	1.2464751e-32	0	-319.04316
189900	1.5254765	6.2819099e-33	0	-322.01908
190000	1.6067627	1.5666033e-33	0	-328.05041
190100	1.5307451	2.5706942e-33	0	-325.8995
190200	1.3043412	3.7341698e-32	0	-314.27806
190300	0.94925207	9.7617153e-34	0	-330.10474
190400	0.49988117	3.8661535e-32	0	-314.12721
190500	2.8820877e-13	1.9562272e-32	0	-317.08581
190600	-0.50151818	1.3999825e-32	0	-318.53877
190700	-0.9554795	8.4822145e-33	0	-320.71491
190800	-1.3171978	3.7542286e-32	0	-314.25479
190900	-1.5508959	3.8600882e-33	0	-324.13403
191000	-1.6332459	6.5909763e-33	0	-321.8105
191100	-1.5556987	2.8862993e-33	0	-325.39659
191200	-1.3253687	1.8721823e-32	0	-317.27652
191300	-0.96438401	3.5590024e-33	0	-324.48672
191400	-0.50775973	5.289272e-33	0	-322.76604
191500	-1.2336134e-13	8.8940878e-34	0	-330.50899
191600	0.50924226	9.9555172e-34	0	-330.01936
191700	0.97002378	1.8860232e-33	0	-327.24453
191800	1.3370121	1.4209185e-32	0	-318.47431
191900	1.573948	1.0204138e-32	0	-319.91224
192000	1.65723	4.2599528e-33	0	-323.70595
192100	1.5782661	1.0543022e-32	0	-319.77035
192200	1.3443584	5.7325822e-32	0	-312.4165
192300	0.97802968	8.0849701e-33	0	-320.92322
192400	0.51485394	4.050051e-32	0	-313.9254
192500	1.4304775e-13	1.8804431e-34	0	-337.2574
192600	-0.51617614	8.5700102e-34	0	-330.67019
192700	-0.98305954	8.2920515e-33	0	-320.81338
192800	-1.3547426	4.3108011e-35	0	-343.65442
192900	-1.5945418	2.4703756e-32	0	-316.07237
193000	-1.6786203	8.9653909e-33	0	-320.47431
193100	-1.5983582	3.9753997e-32	0	-314.00619
193200	-1.3612354	2.2541042e-31	0	-306.47026
193300	-0.99013524	2.9029688e-32	0	-315.37158
193400	-0.5211358	1.7306247e-31	0	-307.61797
193500	-1.62969e-13	1.3664961e-32	0	-318.64392
193600	0.52229245	4.9049965e-33	0	-323.09361
193700	0.99453532	7.4155086e-33	0	-321.29859
193800	1.3703194	5.6663762e-34	0	-332.46695
193900	1.6125961	1.844374e-32	0	-317.34151
194000	1.6973324	1.0107782e-32	0	-319.95344
194100	1.6158957	1.4462448e-32	0	-318.39758
194200	1.375933	7.2041344e-32	0	-311.42418
194300	1.0006529	1.8290358e-32	0	-317.37778
194400	0.52658053	2.1177052e-32	0	-316.74135
194500	1.8303128e-13	1.4171773e-32	0	-318.48576
194600	-0.52756707	2.4311518e-33	0	-326.14188
194700	-1.0044059	1.1162197e-32	0	-319.5225
194800	-1.383681	1.2867225e-32	0	-318.90515
194900	-1.6280396	1.1529549e-32	0	-319.38188
195000	-1.7132924	8.017299e-32	0	-310.95972
195100	-1.6308094	1.8862509e-31	0	-307.24401
195200	-1.3883932	1.2238811e-31	0	-309.12261
195300	-1.0095412	2.1135035e-32	0	-316.74997
195400	-0.53116664	1.9347648e-32	0	-317.13372
195500	-2.0313867e-13	4.9420303e-32	0	-313.06095
195600	0.53197917	8.1865671e-33	0	-320.86898
195700	1.0126322	6.4218072e-32	0	-311.92343
195800	1.3947746	1.7052883e-32	0	-317.68202
195900	1.6408113	2.7668207e-32	0	-315.58019
196000	1.7264374	5.1790687e-31	0	-302.85748
196100	1.6430404	1.0740558e-30	0	-299.68973
196200	1.3985669	7.13302e-31	0	-301.46727
196300	1.016765	1.8639362e-31	0	-307.29569
196400	0.53487602	1.9964522e-33	0	-326.99741
196500	2.2319369e-13	6.7951729e-32	0	-311.67799
196600	-0.53551134	4.4672326e-32	0	-313.49961
196700	-1.0191818	1.2805894e-32	0	-318.9259
196800	-1.4035565	1.8351622e-32	0	-317.36326
196900	-1.6508609	4.0264507e-33	0	-323.95078
197000	-1.7367154	7.0562228e-32	0	-311.51428
197100	-1.6525405	1.7815164e-31	0	-307.4921
197200	-1.406414	1.5195707e-31	0	-308.18279
197300	-1.0222958	1.9793578e-32	0	-317.03476
197400	-0.53769404	2.9079402e-33	0	-325.36415
197500	-2.4309795e-13	1.8138226e-32	0	-317.41405
197600	0.53814964	4.6603294e-33	0	-323.31583
197700	1.0240289	2.9620211e-33	0	-325.28412
197800	1.4099921	1.6352729e-32	0	-317.8641
197900	1.6581487	3.680391e-33	0	-324.34106
198000	1.744086	9.0378071e-33	0	-320.43937
198100	1.6592721	8.0387067e-33	0	-320.94814
198200	1.4119033	1.6099368e-32	0	-317.93191
198300	1.0261118	9.7132746e-34	0	-330.12634
198400	0.53960957	2.3841571e-33	0	-326.22665
198500	2.6275279e-13	1.4943067e-32	0	-318.2556
198600	-0.53988365	9.2222781e-33	0	-320.35162
198700	-1.0271544	8.2162082e-33	0	-320.85329
198800	-1.4140559	3.4238256e-32	0	-314.65488
198900	-1.6626459	5.6369492e-32	0	-312.48956
199000	-1.74852	1.1664577e-31	0	-309.33131
199100	-1.6632087	5.5790892e-33	0	-322.53437
199200	-1.4150134	3.8798406e-32	0	-314.11186
199300	-1.0281979	6.0820979e-34	0	-332.15947
199400	-0.54061507	3.2765015e-32	0	-314.8459
199500	-2.820599e-13	2.4459928e-32	0	-316.11545
199600	0.54070655	2.8830122e-33	0	-325.40154
199700	1.0285459	3.2764765e-34	0	-334.84593
199800	1.4157318	1.2058354e-32	0	-319.18712
199900	1.6643348	2.3770146e-33	0	-326.23968
200000	1.75	3.5417016e-32	0	-314.50788
200100	1.6643348	7.6201052e-34	0	-331.18039
200200	1.4157318	1.3104174e-32	0	-318.8259
200300	1.0285459	1.3651852e-33	0	-328.64808
200400	0.54070655	1.2254876e-32	0	-319.11691
200500	3.0092197e-13	1.1373077e-32	0	-319.44122
200600	-0.54061507	4.9445446e-33	0	-323.05874
200700	-1.0281979	6.7544707e-33	0	-321.70409
200800	-1.4150134	1.2958699e-32	0	-318.87439
200900	-1.6632087	1.3252383e-33	0	-328.77706
201000	-1.74852	3.1957243e-32	0	-314.95431
201100	-1.6626459	4.4858568e-32	0	-313.48155
201200	-1.4140559	9.284615e-33	0	-320.32236
201300	-1.0271544	6.7939188e-33	0	-321.6788
201400	-0.53988365	1.5465812e-32	0	-318.10627
201500	-3.1924332e-13	4.6457369e-33	0	-323.32945
201600	0.53960957	7.8516232e-33	0	-321.05041
201700	1.0261118	2.1260951e-32	0	-316.72417
201800	1.4119033	3.7123954e-32	0	-314.30346
201900	1.6592721	1.0604894e-32	0	-319.74494
202000	1.744086	1.2107949e-31	0	-309.16929
202100	1.6581487	1.918912e-31	0	-307.16945
202200	1.4099921	8.2290888e-33	0	-320.84648
202300	1.0240289	1.0144089e-31	0	-309.93787
202400	0.53814964	2.2265874e-32	0	-316.5236
202500	3.3693053e-13	4.1376622e-33	0	-323.83245
202600	-0.53769404	7.8382967e-33	0	-321.05778
202700	-1.0222958	1.6110201e-32	0	-317.92899
202800	-1.406414	1.5365028e-32	0	-318.13467
202900	-1.6525405	7.7904037e-33	0	-321.0844
203000	-1.7367154	4.530087e-32	0	-313.43893
203100	-1.6508609	3.9581232e-32	0	-314.02511
203200	-1.4035565	3.4621632e-33	0	-324.60652
203300	-1.0191818	3.5251616e-33	0	-324.52821
203400	-0.53551134	6.5186955e-33	0	-321.85839
203500	-1.5699454e-13	4.52166e-33	0	-323.44702
203600	0.53487602	1.3717095e-32	0	-318.62738
203700	1.016765	2.6646876e-32	0	-315.74354
203800	1.3985669	3.2065788e-32	0	-314.93958
203900	1.6430404	1.5864921e-31	0	-307.99562
204000	1.7264374	2.5131761e-31	0	-305.99777
204100	1.6408113	2.2320038e-31	0	-306.51305
204200	1.3947746	5.6734236e-32	0	-312.46155
204300	1.0126322	2.8889454e-32	0	-315.39261
204400	0.53197917	2.7020164e-32	0	-315.68312
204500	1.7447742e-13	6.4116025e-32	0	-311.93033
204600	-0.53116664	4.9307548e-32	0	-313.07087
204700	-1.0095412	1.4737001e-32	0	-318.31591
204800	-1.3883932	1.9771298e-31	0	-307.03965
204900	-1.6308094	1.1034699e-30	0	-299.5724
205000	-1.7132924	1.9725141e-30	0	-297.0498
205100	-1.6280396	1.4985634e-30	0	-298.24325
205200	-1.383681	3.072052e-31	0	-305.12571
205300	-1.0044059	7.6696137e-33	0	-321.15227
205400	-0.52756707	7.8270292e-32	0	-311.06403
205500	-1.9138872e-13	6.39e-32	0	-311.94499
205600	0.52658053	6.5623089e-34	0	-331.82943
205700	1.0006529	8.3816608e-33	0	-320.7667
205800	1.375933	2.9306698e-32	0	-315.33033
205900	1.6158957	9.8783269e-32	0	-310.05317
206000	1.6973324	2.7103058e-31	0	-305.66982
206100	1.6125961	2.4449806e-31	0	-306.11725
206200	1.3703194	8.6795132e-32	0	-310.61505
206300	0.99453532	7.7607491e-33	0	-321.10096
206400	0.52229245	1.6142047e-32	0	-317.92041
206500	2.0764359e-13	3.5168616e-32	0	-314.53845
206600	-0.5211358	1.8133365e-32	0	-317.41522
206700	-0.99013524	1.0087508e-32	0	-319.96216
206800	-1.3612354	4.1514107e-32	0	-313.81804
206900	-1.5983582	5.0091823e-33	0	-323.00233
207000	-1.6786203	6.0405918e-33	0	-322.18921
207100	-1.5945418	6.8893857e-33	0	-321.61819
207200	-1.3547426	1.6291431e-32	0	-317.88041
207300	-0.98305954	6.4209346e-34	0	-331.92402
207400	-0.51617614	5.8622731e-33	0	-322.31934
207500	-2.231611e-13	3.2448567e-32	0	-314.88804
207600	0.51485394	2.0435884e-32	0	-316.89607
207700	0.97802968	4.2381457e-32	0	-313.72824
207800	1.3443584	2.4158633e-31	0	-306.16928
207900	1.5782661	2.1405505e-34	0	-336.69475
208000	1.65723	1.8114567e-33	0	-327.41972
208100	1.573948	1.4632099e-32	0	-318.34693
208200	1.3370121	5.9838464e-33	0	-322.2302
208300	0.97002378	1.1624195e-33	0	-329.34637
208400	0.50924226	3.7571258e-33	0	-324.25144
208500	2.3786486e-13	7.5212477e-33	0	-321.2371
208600	-0.50775973	7.6085082e-33	0	-321.187
208700	-0.96438401	3.3767742e-33	0	-324.71498
208800	-1.3253687	4.6290746e-32	0	-313.34506
208900	-1.5556987	1.4084685e-33	0	-328.51253
209000	-1.6332459	2.4036555e-34	0	-336.19128
209100	-1.5508959	1.0120223e-33	0	-329.9481
209200	-1.3171978	5.1658611e-33	0	-322.86857
209300	-0.9554795	1.5344594e-33	0	-328.14045
209400	-0.50151818	2.3566212e-33	0	-326.2771
209500	-2.5168347e-13	4.013294e-33	0	-323.96499
209600	0.49988117	8.7780726e-33	0	-320.56601
209700	0.94925207	2.9559716e-33	0	-325.293
209800	1.3043412	2.2868724e-32	0	-316.40758
209900	1.5307451	1.6012527e-33	0	-327.9554
210000	1.6067627	3.3049013e-33	0	-324.80842
210100	1.5254765	1.1341206e-33	0	-329.45341
210200	1.295378	7.8658617e-33	0	-321.04254
210300	0.93948411	5.2536155e-33	0	-322.79542
210400	0.49303439	1.4983182e-32	0	-318.24396
210500	2.6455109e-13	5.7914852e-32	0	-312.3721
210600	-0.49124936	4.9740755e-32	0	-313.03288
210700	-0.93269359	2.870474e-32	0	-315.42046
210800	-1.2813589	8.1673234e-32	0	-310.8792
210900	-1.5035037	1.1462294e-32	0	-319.40728
211000	-1.5778849	3.1768243e-32	0	-314.98007
211100	-1.4977901	1.1942077e-32	0	-319.2292
211200	-1.2716387	1.0627686e-32	0	-319.73561
211300	-0.92210071	1.7151778e-32	0	-317.65691
211400	-0.48382437	1.1662846e-32	0	-319.33195
211500	-2.7640788e-13	1.9881678e-32	0	-317.01547
211600	0.48189836	3.6976138e-32	0	-314.32078
211700	0.91477391	4.0262175e-32	0	-313.95103
211800	1.2565125	3.1580454e-32	0	-315.00582
211900	1.474082	1.0182329e-31	0	-309.92153
212000	1.5467265	5.4986127e-32	0	-312.59747
212100	1.4679461	7.9142373e-32	0	-311.01591
212200	1.2460737	1.0859459e-30	0	-299.64192
212300	0.90339793	6.2378002e-32	0	-312.04969
212400	0.47392446	9.8408906e-31	0	-300.06966
212500	2.8720044e-13	7.6291726e-31	0	-301.17523
212600	-0.47186508	2.0490842e-31	0	-306.8844
212700	-0.89556376	5.9945015e-32	0	-312.22247
212800	-1.2299	2.681298e-31	0	-305.71655
212900	-1.4425961	7.047781e-31	0	-301.51948
213000	-1.5134103	6.8920838e-32	0	-311.61649
213100	-1.4360621	7.4375069e-31	0	-301.28573
213200	-1.2187838	8.1152933e-30	0	-290.90696
213300	-0.88344957	1.4158982e-30	0	-298.48968
213400	-0.46337373	5.8107183e-30	0	-292.3577
213500	-2.9688223e-13	4.3921817e-30	0	-293.5732
213600	0.46118911	3.4477159e-32	0	-314.62469
213700	0.87513894	1.5684035e-31	0	-308.04542
213800	1.2016264	7.1079113e-31	0	-301.48258
213900	1.4091704	1.6642181e-31	0	-307.7879
214000	1.478068	1.1074645e-31	0	-309.5567
214100	1.402264	5.1212993e-31	0	-302.9062
214200	1.1898767	1.3220529e-30	0	-298.78751
214300	0.86233436	3.9882056e-31	0	-303.99222
214400	0.45221383	4.5972835e-31	0	-303.37499
214500	1.3946748e-13	4.7858625e-31	0	-303.2004
214600	-0.44991259	2.1895613e-32	0	-316.59643
214700	-0.85358007	1.1672972e-32	0	-319.32819
214800	-1.1718035	5.6077797e-32	0	-312.51209
214900	-1.3739368	1.455679e-32	0	-318.36934
215000	-1.4408389	4.8312194e-33	0	-323.15943
215100	-1.3666852	2.9781719e-32	0	-315.2605
215200	-1.1594666	4.2793013e-32	0	-313.68627
215300	-0.84013562	1.6944621e-32	0	-317.70968
215400	-0.4404888	8.0651524e-33	0	-320.93387
215500	-1.5115076e-13	1.5264733e-32	0	-318.16311
215600	0.43808002	1.9092307e-32	0	-317.19142
215700	0.83097223	1.3369388e-33	0	-328.73888
215800	1.1405487	2.7530258e-33	0	-325.6019
215900	1.3370342	6.9371951e-33	0	-321.58816
216000	1.4018701	5.1448505e-34	0	-332.88627
216100	1.3294661	1.09416e-31	0	-309.60919
216200	1.1276734	8.683476e-32	0	-310.61306
216300	0.81694098	2.1778089e-32	0	-316.6198
216400	0.42824491	4.1933274e-34	0	-333.77441
216500	1.6181734e-13	5.6924033e-33	0	-322.44704
216600	-0.42573809	1.20739e-31	0	-309.18152
216700	-0.80740465	4.6735625e-33	0	-323.30352
216800	-1.1079856	4.0626056e-33	0	-323.91195
216900	-1.2986083	2.6379176e-32	0	-315.78739
217000	-1.3613153	2.0791289e-33	0	-326.82119
217100	-1.2907536	9.3261057e-33	0	-320.303
217200	-1.0946226	5.231126e-32	0	-312.81405
217300	-0.79284196	3.6592972e-33	0	-324.36602
217400	-0.41553048	1.5763986e-33	0	-328.02334
217500	-1.714335e-13	7.0661213e-33	0	-321.50819
217600	0.41293552	1.5693034e-32	0	-318.04293
217700	0.78297032	1.5185158e-33	0	-328.18581
217800	1.0742426	8.3231852e-33	0	-320.7971
217900	1.2588108	1.1769993e-32	0	-319.29224
218000	1.3193345	4.4550452e-33	0	-323.51148
218100	1.2507005	5.8740195e-33	0	-322.31065
218200	1.0604447	3.3885085e-33	0	-324.69991
218300	0.76793368	1.5272164e-32	0	-318.16099
218400	0.4023957	2.9188315e-33	0	-325.34791
218500	1.7997309e-13	1.9815068e-32	0	-317.03004
218600	-0.39972283	9.7884097e-34	0	-330.09288
218700	-0.75776569	3.3270347e-34	0	-334.77943
218800	-1.0394528	2.1218303e-33	0	-326.73289
218900	-1.2177988	5.6895875e-32	0	-312.44919
219000	-1.2760934	2.3924237e-32	0	-316.21162
219100	-1.2094648	5.7711154e-33	0	-322.3874
219200	-1.0252744	2.9489342e-33	0	-325.30335
219300	-0.74231443	6.6440462e-32	0	-311.77567
219400	-0.38889238	1.4927663e-32	0	-318.26008
219500	-1.8741781e-13	5.9853768e-32	0	-312.22909
219600	0.38615217	4.3180656e-33	0	-323.64711
219700	0.73189022	1.078621e-32	0	-319.67131
219800	1.0037536	7.1740304e-33	0	-321.44237
219900	1.175734	2.5001694e-32	0	-316.02031
220000	1.2317627	1.3131964e-32	0	-318.8167
220100	1.1672093	9.0608612e-33	0	-320.42831
220200	0.98925076	4.3222276e-33	0	-323.64292
220300	0.71608533	5.705933e-33	0	-322.43673
220400	0.37507384	1.2480009e-32	0	-319.03785
220500	1.9375733e-13	1.150354e-32	0	-319.39169
220600	-0.37227708	1.8602808e-32	0	-317.30422
220700	-0.70544604	1.4223648e-32	0	-318.46989
220800	-0.9672859	2.3722518e-32	0	-316.24839
220900	-1.1327825	2.1057284e-32	0	-316.76598
221000	-1.1865174	7.3903859e-32	0	-311.31333
221100	-1.1241007	3.9912376e-31	0	-303.98892
221200	-0.95251578	1.4933839e-32	0	-318.25829
221300	-0.68934988	3.9615281e-31	0	-304.02137
221400	-0.3609946	2.5728924e-31	0	-305.89578
221500	-1.9898947e-13	6.6714321e-32	0	-311.75781
221600	0.35815234	4.328727e-32	0	-313.6364
221700	0.67853751	1.1699165e-31	0	-309.31845
221800	0.93019357	2.9670822e-31	0	-305.2767
221900	1.0891139	5.6415761e-32	0	-312.486
222000	1.140536	6.2408966e-31	0	-302.04753
222100	1.0803092	3.2606226e-30	0	-294.86699
222200	0.91521447	1.6366239e-31	0	-307.86051
222300	0.66221361	2.5549819e-30	0	-295.92612
222400	0.34671023	1.1741265e-30	0	-299.30285
222500	2.0312027e-13	3.1561279e-32	0	-315.00845
222600	-0.34383369	1.5012384e-31	0	-308.2355
222700	-0.65127081	1.943899e-31	0	-307.11326
222800	-0.89262301	6.9349498e-32	0	-311.58957
222900	-1.0449004	8.724731e-32	0	-310.59248
223000	-1.0939999	2.284112e-31	0	-306.41283
223100	-1.0360076	5.224003e-31	0	-302.81997
223200	-0.87749404	9.0281628e-32	0	-310.44401
223300	-0.6347836	2.4696e-31	0	-306.07373
223400	-0.3322771	1.1372502e-31	0	-309.44144
223500	-2.0616401e-13	1.9125398e-32	0	-317.1839
223600	0.32937763	1.0490146e-32	0	-319.79218
223700	0.62375357	6.751514e-33	0	-321.70599
223800	0.85472249	2.0427361e-32	0	-316.89788
223900	1.0003165	2.7020372e-33	0	-325.68309
224000	1.0470929	1.583825e-32	0	-318.00293
224100	0.99137076	4.8263643e-32	0	-313.1638
224200	0.83950337	1.0073107e-32	0	-319.96837
224300	0.60716811	4.3580712e-33	0	-323.60706
224400	0.31775217	1.0083619e-32	0	-319.96384
224500	2.0814324e-13	8.5570962e-33	0	-320.67674
224600	-0.31484121	5.2287327e-33	0	-322.81604
224700	-0.59609438	5.4900331e-33	0	-322.60425
224800	-0.8166416	1.0165558e-32	0	-319.92869
224900	-0.95553824	3.3250172e-32	0	-314.78206
225000	-1	1.0249915e-31	0	-309.8928
225100	-0.9465748	1.3014273e-31	0	-308.8558
225200	-0.80139239	3.3638774e-32	0	-314.7316
225300	-0.57947613	8.1355345e-33	0	-320.89614
225400	-0.30319277	8.3136806e-35	0	-340.80207
225500	-9.8080092e-14	1.5458916e-32	0	-318.10821
225600	0.30028181	6.1128729e-33	0	-322.13755
225700	0.56840239	2.1201934e-33	0	-326.73625
225800	0.77853061	9.0965278e-33	0	-320.41124
225900	0.91074228	4.7986949e-33	0	-323.18877
226000	0.95290711	1.6456915e-32	0	-317.83652
226100	0.90179653	3.7741274e-32	0	-314.23183
226200	0.7633115	1.0451676e-32	0	-319.80814
226300	0.55181693	1.6828244e-33	0	-327.73961
226400	0.28865636	5.6627682e-33	0	-322.46971
226500	1.0337648e-13	4.9896933e-33	0	-323.01926
226600	-0.28575689	9.4529229e-33	0	-320.24434
226700	-0.5407869	2.8991152e-32	0	-315.37735
226800	-0.74053994	4.6362726e-33	0	-323.33831
226900	-0.86610542	1.6976089e-33	0	-327.70162
227000	-0.90600007	6.1863872e-33	0	-322.08563
227100	-0.85721266	2.0163285e-32	0	-316.95439
227200	-0.72541098	4.3966752e-33	0	-323.56876
227300	-0.52429969	9.0622223e-35	0	-340.42765
227400	-0.2742003	1.9712656e-32	0	-317.05255
227500	-1.0769298e-13	6.9342857e-33	0	-321.58998
227600	0.27132376	2.8005601e-32	0	-315.52755
227700	0.5133569	7.48327e-32	0	-311.25909
227800	0.70281952	9.8765761e-33	0	-320.05394
227900	0.82180382	5.2142483e-32	0	-312.82808
228000	0.85946401	5.3113421e-35	0	-342.74796
228100	0.81299915	3.1940118e-32	0	-314.95663
228200	0.68784042	5.2718388e-33	0	-322.78038
228300	0.497033	1.459687e-33	0	-328.3574
228400	0.25988164	1.0344528e-32	0	-319.85289
228500	1.1106309e-13	2.5149981e-33	0	-325.99462
228600	-0.25703939	7.1075474e-33	0	-321.4828
228700	-0.48622062	4.1516079e-33	0	-323.81784
228800	-0.66551821	3.4142448e-33	0	-324.66705
228900	-0.77801233	1.4340417e-32	0	-318.43438
229000	-0.81348258	3.020573e-33	0	-325.19911
229100	-0.7693305	1.5765048e-32	0	-318.02305
229200	-0.65074809	3.7286006e-33	0	-324.28454
229300	-0.47012446	6.7043429e-33	0	-321.73644
229400	-0.2457569	2.5323405e-32	0	-315.96478
229500	-1.1352802e-13	5.1937527e-32	0	-312.84519
229600	0.24296015	3.7867513e-32	0	-314.21733
229700	0.45948518	6.2885931e-33	0	-322.01447
229800	0.62878323	4.2073015e-33	0	-323.75996
229900	0.73490377	2.0075345e-33	0	-326.97337
230000	0.76823725	2.5424031e-34	0	-335.94756
230100	0.72637903	1.8692649e-32	0	-317.28329
230200	0.61428037	5.9587676e-34	0	-332.24844
230300	0.44368028	1.2451461e-32	0	-319.0478
230400	0.23188182	1.4585641e-31	0	-308.36074
230500	1.1513644e-13	2.8024035e-31	0	-305.52469
230600	-0.2291416	2.7944683e-31	0	-305.53701
230700	-0.43325607	6.3485955e-32	0	-311.97322
230800	-0.59275954	1.8661498e-32	0	-317.29053
230900	-0.69264826	2.8953876e-33	0	-325.38293
231000	-0.72390659	6.2034374e-33	0	-322.07368
231100	-0.68431426	8.5365119e-33	0	-320.6872
231200	-0.57858119	1.4290279e-32	0	-318.44959
231300	-0.41780481	1.260658e-33	0	-328.99403
231400	-0.21831116	3.185308e-32	0	-314.96849
231500	-1.1594426e-13	5.6974987e-32	0	-312.44316
231600	0.21563829	4.531536e-32	0	-313.43755
231700	0.40763683	5.4576614e-33	0	-322.62993
231800	0.55758933	1.7131889e-32	0	-317.66195
231900	0.65141256	9.1285789e-34	0	-330.39597
232000	0.68066553	1.3179056e-33	0	-328.80116
232100	0.6433022	4.2288139e-33	0	-323.73781
232200	0.54379143	1.4320337e-32	0	-318.44047
232300	0.39260018	1.5785232e-32	0	-318.01749
232400	0.20509847	4.5669172e-32	0	-313.40377
232500	1.1601433e-13	6.1265477e-32	0	-312.12784
232600	-0.2025035	3.6492532e-32	0	-314.37796
232700	-0.38272854	2.0206904e-32	0	-316.945
232800	-0.52341138	1.6798795e-32	0	-317.74722
232900	-0.61135943	2.9836862e-32	0	-315.25247
233000	-0.63868474	8.1583501e-33	0	-320.88398
233100	-0.60350471	9.9258977e-33	0	-320.0323
233200	-0.5100484	2.0171544e-31	0	-306.95261
233300	-0.36816586	1.8674038e-31	0	-307.28762
233400	-0.1922959	1.8262295e-31	0	-307.38445
233500	-1.1541607e-13	3.4381976e-31	0	-304.63669
233600	0.18978908	5.2087496e-32	0	-312.83267
233700	0.35862953	3.0620523e-32	0	-315.13987
233800	0.49036059	5.1372988e-32	0	-312.89265
233900	0.57264693	2.1936198e-33	0	-326.58839
234000	0.5981299	3.7812164e-33	0	-324.22368
234100	0.56507885	1.0654814e-32	0	-319.72454
234200	0.47748526	1.6535792e-32	0	-317.81575
234300	0.34459827	4.4227819e-32	0	-313.54304
234400	0.17995397	2.1124656e-32	0	-316.7521
234500	1.1422513e-13	6.8584934e-32	0	-311.63771
234600	-0.17754519	4.2299073e-33	0	-323.73669
234700	-0.33543488	5.34217e-33	0	-322.72282
234800	-0.45856739	1.4569944e-32	0	-318.36542
234900	-0.53542783	1.6016103e-33	0	-327.95443
235000	-0.55916106	2.4138645e-33	0	-326.17287
235100	-0.52817626	7.9614073e-33	0	-320.9901
235200	-0.44623053	1.577131e-33	0	-328.02132
235300	-0.32199043	3.9040821e-33	0	-324.08481
235400	-0.1681214	4.6685299e-33	0	-323.3082
235500	-1.1252292e-13	1.3666652e-32	0	-318.64338
235600	0.16582015	1.2399582e-32	0	-319.06593
235700	0.31323615	7.0486763e-33	0	-321.51892
235800	0.42815726	1.5004816e-33	0	-328.23769
235900	0.49984904	1.9935843e-33	0	-327.00365
236000	0.52193201	1.897872e-32	0	-317.21733
236100	0.49294259	1.2482755e-32	0	-319.0369
236200	0.41640754	2.7356178e-32	0	-315.62945
236300	0.30043156	2.6519889e-32	0	-315.76428
236400	0.15684488	6.7751519e-33	0	-321.69081
236500	5.3096202e-14	4.1429411e-32	0	-313.82691
236600	-0.15466026	5.4409502e-32	0	-312.64325
236700	-0.29212093	5.0988211e-32	0	-312.9253
236800	-0.39925021	3.063366e-33	0	-325.13801
236900	-0.46605095	2.8371058e-33	0	-325.47124
237000	-0.48658967	2.6859069e-32	0	-315.70909
237100	-0.45951688	1.427309e-34	0	-338.45482
237200	-0.38813401	5.3910763e-33	0	-322.68325
237300	-0.28000675	1.7884488e-32	0	-317.47523
237400	-0.14616891	3.3805187e-34	0	-334.71017
237500	-5.4541286e-14	8.1456612e-33	0	-320.89074
237600	0.14410953	7.8782573e-33	0	-321.0357
237700	0.27217257	1.3384801e-32	0	-318.73388
237800	0.37196031	7.7156821e-34	0	-331.12626
237900	0.43416696	9.9494678e-33	0	-320.022
238000	0.45327353	1.8358437e-32	0	-317.36164
238100	0.42803106	1.7259915e-34	0	-337.62961
238200	0.36152151	3.4526697e-33	0	-324.61845
238300	0.2607966	3.6378409e-32	0	-314.39156
238400	0.13613563	4.1988321e-32	0	-313.76871
238500	5.5511439e-14	1.637467e-32	0	-317.85827
238600	-0.13420962	1.0078566e-32	0	-319.96601
238700	-0.25346979	7.078448e-34	0	-331.50062
238800	-0.34639528	9.044984e-33	0	-320.43592
238900	-0.40432289	2.385338e-32	0	-316.2245
239000	-0.42211507	6.3652911e-32	0	-311.96182
239100	-0.39860938	2.4386564e-33	0	-326.12849
239200	-0.33667507	8.4947494e-33	0	-320.70849
239300	-0.24287692	1.1078259e-31	0	-309.55528
239400	-0.12678463	2.2687131e-31	0	-306.4422
239500	-5.6091876e-14	1.4305867e-31	0	-308.44486
239600	0.1249996	2.1831786e-32	0	-316.60911
239700	0.2360864	8.9138068e-34	0	-330.49937
239800	0.32265601	1.0101323e-32	0	-319.95622
239900	0.37663653	3.214854e-33	0	-324.92839
240000	0.39323725	2.5625052e-32	0	-315.91335
240100	0.37136796	1.4142889e-33	0	-328.49462
240200	0.31369275	3.9224181e-33	0	-324.06446
240300	0.22631843	2.8039537e-32	0	-315.52229
240400	0.11815282	3.8033471e-32	0	-314.19834
240500	5.6372003e-14	2.1997285e-32	0	-316.57631
240600	-0.11651581	1.1018515e-34	0	-339.57877
240700	-0.220091	1.6908784e-34	0	-337.71888
240800	-0.30083618	8.3196142e-34	0	-330.79897
240900	-0.35121715	4.405407e-33	0	-323.56014
241000	-0.36675406	6.0042795e-33	0	-322.21539
241100	-0.3464143	1.9457088e-32	0	-317.10922
241200	-0.29266525	1.1647812e-32	0	-319.33756
241300	-0.2111865	4.5872878e-32	0	-313.38444
241400	-0.11027426	8.7801982e-32	0	-310.56496
241500	-5.6444865e-14	2.2983455e-32	0	-316.38585
241600	0.10879173	7.3069659e-33	0	-321.36263
241700	0.20554672	1.7269329e-32	0	-317.62725
241800	0.28102191	2.7816664e-32	0	-315.55695
241900	0.32816506	2.3737932e-33	0	-326.24557
242000	0.34276999	5.0658228e-33	0	-322.9535
242100	0.32384689	3.197938e-31	0	-304.9513
242200	0.27367555	1.2411251e-31	0	-309.06184
242300	0.19754082	2.3691001e-31	0	-306.25417
242400	0.10318005	3.5127406e-31	0	-304.54354
242500	5.6406579e-14	8.7974832e-33	0	-320.55642
242600	-0.10185785	4.764688e-33	0	-323.21966
242700	-0.19251097	3.4628516e-32	0	-314.60566
242800	-0.26329139	3.5074338e-33	0	-324.55011
242900	-0.30757123	2.4216204e-33	0	-326.15894
243000	-0.32137971	3.8089453e-33	0	-324.19195
243100	-0.30375478	5.0409755e-32	0	-312.97485
243200	-0.2567986	2.3898596e-32	0	-316.21628
243300	-0.18543526	2.7570922e-32	0	-315.59549
243400	-0.096898187	5.875458e-32	0	-312.30958
243500	-5.6355739e-14	1.9749942e-33	0	-327.04434
243600	0.095741535	1.9441566e-33	0	-327.11269
243700	0.18103518	1.0494027e-32	0	-319.79058
243800	0.24771461	7.3383294e-33	0	-321.34403
243900	0.28951695	3.020047e-33	0	-325.19986
244000	0.30266764	6.0305856e-33	0	-322.19641
244100	0.28621729	4.6748549e-33	0	-323.30232
244200	0.242101	2.2945721e-33	0	-326.39298
244300	0.17491759	1.5444796e-33	0	-328.11218
244400	0.091453458	4.2161183e-33	0	-323.75087
244500	5.639281e-14	4.7066603e-34	0	-333.27287
244600	-0.090466919	2.5816633e-33	0	-325.881
244700	-0.17116465	1.6228207e-32	0	-317.89729
244800	-0.23435303	2.5246117e-32	0	-315.97805
244900	-0.27407346	1.0042688e-32	0	-319.9815
245000	-0.28670761	3.9546623e-32	0	-314.02891
245100	-0.27130361	3.8737782e-32	0	-314.11865
245200	-0.22964076	1.9176341e-32	0	-317.17234
245300	-0.16602933	1.7172267e-32	0	-317.65172
245400	-0.086867353	3.1625145e-33	0	-324.99967
245500	-5.6619499e-14	4.7581991e-35	0	-343.22557
245600	0.08605482	1.9202407e-34	0	-337.16644
245700	0.16293833	5.7090563e-33	0	-322.43436
245800	0.22325938	3.6917642e-33	0	-324.32766
245900	0.26130172	6.3366186e-34	0	-331.98142
246000	0.27356263	3.5709238e-33	0	-324.47219
246100	0.2590726	3.6799532e-33	0	-324.34158
246200	0.21946706	1.1410522e-32	0	-319.42694
246300	0.15880554	4.5102316e-33	0	-323.45801
246400	0.083157971	6.4405753e-34	0	-331.91075
246500	5.7138123e-14	1.3731176e-32	0	-318.62292
246600	-0.082522651	8.461617e-34	0	-330.72547
246700	-0.15638868	4.7639183e-32	0	-313.22036
246800	-0.21447745	1.7254716e-32	0	-317.63092
246900	-0.25125212	3.3911469e-33	0	-324.69653
247000	-0.26328456	6.4781527e-33	0	-321.88549
247100	-0.24957254	3.1827872e-33	0	-324.97192
247200	-0.21162004	1.7958326e-32	0	-317.45734
247300	-0.15327473	4.4814323e-33	0	-323.48583
247400	-0.080339951	6.7126115e-33	0	-321.73108
247500	-5.8050965e-14	6.8259853e-32	0	-311.65835
247600	0.079884351	1.2411149e-32	0	-319.06188
247700	0.15154157	2.422006e-31	0	-306.15825
247800	0.2080419	1.3299965e-31	0	-308.7615
247900	0.24396433	1.691172e-33	0	-327.71812
248000	0.25591397	3.214146e-32	0	-314.92934
248100	0.24284091	2.3300232e-32	0	-316.3264
248200	0.20613067	1.885387e-32	0	-317.24599
248300	0.14945875	3.1617206e-34	0	-335.00077
248400	0.078424415	2.3434772e-33	0	-326.30139
248500	3.0659508e-14	1.4363722e-32	0	-318.42733
248600	-0.078150334	1.8367469e-33	0	-327.35951
248700	-0.1484161	5.7608964e-32	0	-312.3951
248800	-0.20397812	1.617168e-32	0	-317.91245
248900	-0.23946711	3.1162959e-34	0	-335.06361
249000	-0.25147995	3.6528257e-33	0	-324.37371
249100	-0.23890429	1.3392399e-33	0	-328.73142
249200	-0.20302062	7.6214846e-33	0	-321.1796
249300	-0.14737263	1.3515337e-33	0	-328.69173
249400	-0.077418922	3.9205039e-32	0	-314.06658
249500	-3.3000599e-14	1.308282e-31	0	-308.83299
249600	0.077327442	2.3138372e-31	0	-306.35667
249700	0.14702463	9.8658294e-32	0	-310.05866
249800	0.20230216	4.4525569e-32	0	-313.51391
249900	0.23777821	5.2777782e-32	0	-312.77549
250000	0.25	5.0764156e-33	0	-322.94443
250100	0.23777821	2.4238567e-32	0	-316.15493
250200	0.20230216	5.9669959e-32	0	-312.24244
250300	0.14702463	1.3787539e-32	0	-318.60513
250400	0.077327442	3.4005755e-31	0	-304.68448
250500	3.569974e-14	9.4898763e-31	0	-300.22739
250600	-0.077418922	1.3531009e-30	0	-298.6867
250700	-0.14737263	6.4869924e-31	0	-301.87957
250800	-0.20302062	1.0275262e-31	0	-309.88207
250900	-0.23890429	9.7714235e-32	0	-310.10042
251000	-0.25147995	8.060412e-32	0	-310.93643
251100	-0.23946711	8.1332399e-33	0	-320.89736
251200	-0.20397812	1.3841215e-32	0	-318.58826
251300	-0.1484161	3.4533569e-32	0	-314.61759
251400	-0.078150334	2.7982461e-32	0	-315.53114
251500	-3.8852613e-14	1.0677911e-31	0	-309.71514
251600	0.078424415	2.2920954e-31	0	-306.39767
251700	0.14945875	1.5384589e-31	0	-308.12914
251800	0.20613067	1.8215552e-32	0	-317.39558
251900	0.24284091	2.3267812e-32	0	-316.33244
252000	0.25591397	3.0488543e-32	0	-315.15863
252100	0.24396433	1.3520662e-32	0	-318.69002
252200	0.2080419	1.5489368e-32	0	-318.09966
252300	0.15154157	1.1019434e-32	0	-319.57841
252400	0.079884351	1.1397719e-32	0	-319.43182
252500	4.2552984e-14	2.4752592e-33	0	-326.06379
252600	-0.080339951	4.2471271e-32	0	-313.71905
252700	-0.15327473	2.2564523e-32	0	-316.46574
252800	-0.21162004	1.4436929e-33	0	-328.40525
252900	-0.24957254	2.1683206e-32	0	-316.63876
253000	-0.26328456	2.6706786e-33	0	-325.73378
253100	-0.25125212	2.7765378e-33	0	-325.56496
253200	-0.21447745	5.1921026e-32	0	-312.84657
253300	-0.15638868	2.095051e-32	0	-316.78805
253400	-0.082522651	1.5595987e-32	0	-318.06987
253500	-4.689208e-14	8.6215823e-32	0	-310.64413
253600	0.083157971	6.6438634e-32	0	-311.77579
253700	0.15880554	2.6801228e-32	0	-315.71845
253800	0.21946706	5.7559218e-33	0	-322.39885
253900	0.2590726	7.6007055e-33	0	-321.19146
254000	0.27356263	5.0495114e-33	0	-322.96751
254100	0.26130172	2.4253685e-33	0	-326.15222
254200	0.22325938	1.9155779e-32	0	-317.177
254300	0.16293833	1.6641057e-34	0	-337.78819
254400	0.08605482	4.1553557e-33	0	-323.81392
254500	5.195798e-14	1.445862e-32	0	-318.39873
254600	-0.086867353	2.5079927e-32	0	-316.00674
254700	-0.16602933	1.1347425e-33	0	-329.45103
254800	-0.22964076	1.4295175e-33	0	-328.44811
254900	-0.27130361	4.9283973e-33	0	-323.07294
255000	-0.28670761	1.9228272e-33	0	-327.1606
255100	-0.27407346	1.5981132e-33	0	-327.96392
255200	-0.23435303	1.7216197e-32	0	-317.64063
255300	-0.17116465	8.424466e-33	0	-320.74458
255400	-0.090466919	8.6160597e-33	0	-320.64691
255500	-5.7835022e-14	2.1430749e-32	0	-316.68963
255600	0.091453458	1.0784491e-31	0	-309.672
255700	0.17491759	1.3535096e-32	0	-318.68539
255800	0.242101	6.4230979e-33	0	-321.92255
255900	0.28621729	1.0151767e-32	0	-319.93458
256000	0.30266764	1.4275636e-33	0	-328.45405
256100	0.28951695	1.9707863e-32	0	-317.0536
256200	0.24771461	2.6203549e-32	0	-315.8164
256300	0.18103518	2.7309837e-32	0	-315.63681
256400	0.095741535	1.8687813e-32	0	-317.28442
256500	6.4603222e-14	2.7924523e-32	0	-315.54014
256600	-0.096898187	4.0645355e-31	0	-303.90989
256700	-0.18543526	1.3529627e-31	0	-308.68714
256800	-0.2567986	1.1625125e-32	0	-319.34602
256900	-0.30375478	1.0972278e-32	0	-319.59703
257000	-0.32137971	1.7525301e-32	0	-317.56335
257100	-0.30757123	1.0991656e-32	0	-319.58937
257200	-0.26329139	2.1356467e-32	0	-316.70471
257300	-0.19251097	7.3599159e-33	0	-321.33127
257400	-0.10185785	7.1679095e-33	0	-321.44607
257500	-7.2337725e-14	1.5109134e-32	0	-318.2076
257600	0.10318005	7.9476952e-32	0	-310.99759
257700	0.19754082	5.437211e-33	0	-322.64624
257800	0.27367555	7.4105855e-33	0	-321.30147
257900	0.32384689	1.6015364e-32	0	-317.95463
258000	0.34276999	1.1810178e-32	0	-319.27744
258100	0.32816506	3.204674e-32	0	-314.94216
258200	0.28102191	3.1744384e-32	0	-314.98333
258300	0.20554672	2.2410291e-31	0	-306.49552
258400	0.10879173	4.2676609e-31	0	-303.6981
258500	8.1108269e-14	4.2628499e-31	0	-303.703
258600	-0.11027426	1.7864352e-31	0	-307.48013
258700	-0.2111865	5.8254016e-32	0	-312.34674
258800	-0.29266525	6.5411381e-32	0	-311.84347
258900	-0.3464143	8.7918197e-34	0	-330.55921
259000	-0.36675406	1.4569613e-31	0	-308.36552
259100	-0.35121715	1.1731159e-31	0	-309.30659
259200	-0.30083618	5.8294592e-32	0	-312.34372
259300	-0.220091	1.2976612e-30	0	-298.86839
259400	-0.11651581	3.0959658e-30	0	-295.09204
259500	-4.7812977e-14	2.8378165e-30	0	-295.47016
259600	0.11815282	1.2646832e-30	0	-298.98018
259700	0.22631843	9.8650077e-32	0	-310.05903
259800	0.31369275	1.0086639e-31	0	-309.96254
259900	0.37136796	9.7341555e-32	0	-310.11702
260000	0.39323725	1.9365151e-32	0	-317.12979
260100	0.37663653	3.9542106e-32	0	-314.0294
260200	0.32265601	4.6160285e-32	0	-313.35732
260300	0.2360864	1.3623144e-31	0	-308.65723
260400	0.1249996	4.2379674e-31	0	-303.72842
260500	5.5692251e-14	4.538336e-31	0	-303.43103
260600	-0.12678463	2.2909681e-31	0	-306.39981
260700	-0.24287692	2.2937669e-32	0	-316.39451
260800	-0.33667507	2.2283046e-32	0	-316.52025
260900	-0.39860938	3.746306e-32	0	-314.26397
261000	-0.42211507	3.0380931e-32	0	-315.17399
261100	-0.40432289	1.4056283e-32	0	-318.5213
261200	-0.34639528	1.4114851e-32	0	-318.50324
261300	-0.25346979	4.6459679e-33	0	-323.32924
261400	-0.13420962	2.8979759e-33	0	-325.37905
261500	-6.4513586e-14	3.1108396e-32	0	-315.07122
261600	0.13613563	1.4047994e-33	0	-328.52386
261700	0.2607966	3.6864703e-33	0	-324.33389
261800	0.36152151	2.1101984e-32	0	-316.75677
261900	0.42803106	1.0076591e-32	0	-319.96686
262000	0.45327353	2.4926454e-32	0	-316.03339
262100	0.43416696	3.7122146e-32	0	-314.30367
262200	0.37196031	4.3962911e-32	0	-313.56914
262300	0.27217257	1.9294536e-32	0	-317.14566
262400	0.14410953	5.0635594e-32	0	-312.95544
262500	7.4333865e-14	2.363455e-32	0	-316.26453
262600	-0.14616891	5.6558773e-34	0	-332.475
262700	-0.28000675	1.7260815e-33	0	-327.62939
262800	-0.38813401	5.6352673e-33	0	-322.49085
262900	-0.45951688	7.0008127e-33	0	-321.54852
263000	-0.48658967	3.4370047e-33	0	-324.6382
263100	-0.46605095	2.0142316e-33	0	-326.95891
263200	-0.39925021	1.0209871e-32	0	-319.9098
263300	-0.29212093	5.3766435e-33	0	-322.69489
263400	-0.15466026	8.4913051e-33	0	-320.71026
263500	-8.5203377e-14	5.8123689e-33	0	-322.35647
263600	0.15684488	2.8620737e-33	0	-325.43319
263700	0.30043156	2.1765085e-33	0	-326.6224
263800	0.41640754	1.3988866e-32	0	-318.54218
263900	0.49294259	5.5253424e-33	0	-322.57641
264000	0.52193201	4.7795883e-33	0	-323.2061
264100	0.49984904	7.8655547e-33	0	-321.04271
264200	0.42815726	1.0560448e-33	0	-329.76318
264300	0.31323615	9.2483743e-35	0	-340.33935
264400	0.16582015	6.4424489e-33	0	-321.90949
264500	9.7165437e-14	3.473087e-33	0	-324.59284
264600	-0.1681214	6.5074939e-34	0	-331.86586
264700	-0.32199043	6.9397538e-33	0	-321.58656
264800	-0.44623053	2.5378601e-32	0	-315.95532
264900	-0.52817626	3.5036564e-32	0	-314.55478
265000	-0.55916106	4.9178448e-32	0	-313.08225
265100	-0.53542783	5.3678401e-32	0	-312.702
265200	-0.45856739	9.0227295e-33	0	-320.44662
265300	-0.33543488	5.5626217e-33	0	-322.5472
265400	-0.17754519	2.1196648e-32	0	-316.73733
265500	-1.1025604e-13	3.075004e-33	0	-325.12154
265600	0.17995397	1.0855067e-33	0	-329.64367
265700	0.34459827	2.8903512e-32	0	-315.39049
265800	0.47748526	1.439013e-33	0	-328.41935
265900	0.56507885	1.7188445e-32	0	-317.64763
266000	0.5981299	3.5671171e-32	0	-314.47683
266100	0.57264693	5.062285e-32	0	-312.95653
266200	0.49036059	1.2719408e-32	0	-318.95533
266300	0.35862953	2.8792953e-34	0	-335.40714
266400	0.18978908	9.4841074e-33	0	-320.23004
266500	1.2450357e-13	3.1018055e-32	0	-315.08385
266600	-0.1922959	1.558836e-31	0	-308.072
266700	-0.36816586	5.5938481e-31	0	-302.52289
266800	-0.5100484	1.6386424e-30	0	-297.85516
266900	-0.60350471	1.3590897e-31	0	-308.66752
267000	-0.63868474	1.6086252e-31	0	-307.93545
267100	-0.61135943	1.8457062e-31	0	-307.33837
267200	-0.52341138	2.1026236e-31	0	-306.77238
267300	-0.38272854	1.3417042e-31	0	-308.72343
267400	-0.2025035	2.1013361e-31	0	-306.77504
267500	-1.3992851e-13	3.6810533e-31	0	-304.34028
267600	0.20509847	1.0074889e-30	0	-299.9676
267700	0.39260018	3.9483396e-30	0	-294.03586
267800	0.54379143	1.039632e-29	0	-289.8312
267900	0.6433022	4.9595458e-32	0	-313.04558
268000	0.68066553	3.2427056e-31	0	-304.89092
268100	0.65141256	5.3589318e-31	0	-302.70922
268200	0.55758933	4.6743431e-31	0	-303.30279
268300	0.40763683	2.8125311e-31	0	-305.50903
268400	0.21563829	2.9750782e-31	0	-305.26502
268500	1.5654328e-13	1.523831e-31	0	-308.17063
268600	-0.21831116	2.0529226e-31	0	-306.87627
268700	-0.41780481	5.823257e-31	0	-302.34834
268800	-0.57858119	1.3515495e-30	0	-298.69168
268900	-0.68431426	4.8742031e-33	0	-323.12096
269000	-0.72390659	4.6644345e-32	0	-313.31201
269100	-0.69264826	9.7272574e-32	0	-310.1201
269200	-0.59275954	7.7105054e-32	0	-311.12917
269300	-0.43325607	6.8777217e-32	0	-311.62555
269400	-0.2291416	4.3147417e-32	0	-313.65045
269500	-1.7435199e-13	3.3709341e-32	0	-314.7225
269600	0.23188182	5.2091268e-32	0	-312.83235
269700	0.44368028	1.5368886e-32	0	-318.13358
269800	0.61428037	1.1835778e-32	0	-319.26803
269900	0.72637903	9.7366784e-33	0	-320.11589
270000	0.76823725	2.873628e-32	0	-315.41569
270100	0.73490377	9.506749e-33	0	-320.21968
270200	0.62878323	1.2071618e-33	0	-329.18235
270300	0.45948518	2.4565663e-32	0	-316.09672
270400	0.24296015	4.5279962e-34	0	-333.44094
270500	1.0345179e-13	2.3904938e-32	0	-316.21512
270600	-0.2457569	1.1558101e-31	0	-309.37114
270700	-0.47012446	1.4745068e-31	0	-308.31353
270800	-0.65074809	1.1895752e-32	0	-319.24608
270900	-0.7693305	6.1735989e-32	0	-312.09462
271000	-0.81348258	2.9291724e-32	0	-315.33255
271100	-0.77801233	1.1614849e-32	0	-319.34986
271200	-0.66551821	1.0113989e-32	0	-319.95078
271300	-0.48622062	2.9148403e-32	0	-315.35385
271400	-0.25703939	3.5617156e-33	0	-324.48341
271500	-1.1843898e-13	9.6719942e-34	0	-330.14484
271600	0.25988164	1.7901741e-32	0	-317.47105
271700	0.497033	5.3725945e-32	0	-312.69816
271800	0.68784042	1.709122e-32	0	-317.67227
271900	0.81299915	1.6921623e-32	0	-317.71558
272000	0.85946401	2.7270672e-32	0	-315.64304
272100	0.82180382	3.7382398e-33	0	-324.27333
272200	0.70281952	2.4270409e-33	0	-326.14923
272300	0.5133569	8.7851447e-33	0	-320.56251
272400	0.27132376	5.4095502e-33	0	-322.66839
272500	1.3450854e-13	1.4172534e-33	0	-328.48552
272600	-0.2742003	3.6420896e-32	0	-314.38649
272700	-0.52429969	1.1942695e-32	0	-319.22898
272800	-0.72541098	5.9495499e-33	0	-322.25516
272900	-0.85721266	1.372609e-32	0	-318.62453
273000	-0.90600007	7.8945673e-33	0	-321.02672
273100	-0.86610542	1.1803344e-32	0	-319.27995
273200	-0.74053994	2.805346e-32	0	-315.52014
273300	-0.5407869	3.6166083e-33	0	-324.41699
273400	-0.28575689	5.1583489e-33	0	-322.87489
273500	-1.5165153e-13	2.7995826e-32	0	-315.52907
273600	0.28865636	6.2913793e-32	0	-312.01254
273700	0.55181693	4.1261698e-32	0	-313.84453
273800	0.7633115	9.9183217e-33	0	-320.03562
273900	0.90179653	1.7840265e-32	0	-317.48599
274000	0.95290711	1.3186347e-32	0	-318.79875
274100	0.91074228	1.2424491e-32	0	-319.05721
274200	0.77853061	1.2018656e-32	0	-319.20144
274300	0.56840239	6.5201597e-33	0	-321.85742
274400	0.30028181	3.2050104e-32	0	-314.94171
274500	1.6985085e-13	1.7645654e-32	0	-317.53362
274600	-0.30319277	2.7318702e-32	0	-315.6354
274700	-0.57947613	9.7876041e-33	0	-320.09324
274800	-0.80139239	8.6065169e-33	0	-320.65173
274900	-0.9465748	1.3927338e-33	0	-328.56132
275000	-1	2.8390171e-32	0	-315.46832
275100	-0.95553824	2.1879722e-32	0	-316.59958
275200	-0.8166416	9.2291373e-33	0	-320.34839
275300	-0.59609438	4.2621535e-32	0	-313.70371
275400	-0.31484121	5.0425454e-32	0	-312.9735
275500	-1.8908122e-13	1.0593753e-32	0	-319.7495
275600	0.31775217	6.6748516e-31	0	-301.75558
275700	0.60716811	2.7675406e-31	0	-305.57906
275800	0.83950337	1.6165016e-31	0	-307.91424
275900	0.99137076	7.285145e-32	0	-311.37562
276000	1.0470929	8.1474613e-32	0	-310.88978
276100	1.0003165	3.6665733e-32	0	-314.3574
276200	0.85472249	7.3419755e-32	0	-311.34187
276300	0.62375357	1.8761446e-31	0	-307.26734
276400	0.32937763	3.824537e-31	0	-304.17421
276500	2.0930929e-13	2.4431164e-31	0	-306.12056
276600	-0.3322771	3.1420128e-30	0	-295.02792
276700	-0.6347836	2.4873929e-30	0	-296.04256
276800	-0.87749404	4.0404828e-31	0	-303.93567
276900	-1.0360076	4.5360136e-31	0	-303.43326
277000	-1.0939999	2.7364048e-31	0	-305.6282
277100	-1.0449004	2.2345182e-32	0	-316.50816
277200	-0.89262301	1.0535444e-32	0	-319.77347
277300	-0.65127081	4.9760417e-32	0	-313.03116
277400	-0.34383369	8.0051013e-32	0	-310.96633
277500	-2.3049378e-13	1.094089e-31	0	-309.60947
277600	0.34671023	4.7439202e-31	0	-303.23863
277700	0.66221361	3.731091e-31	0	-304.28164
277800	0.91521447	4.6554502e-32	0	-313.32038
277900	1.0803092	6.5048404e-32	0	-311.86763
278000	1.140536	2.8506995e-32	0	-315.45049
278100	1.0891139	3.2777221e-33	0	-324.84428
278200	0.93019357	9.6609333e-33	0	-320.14981
278300	0.67853751	2.6608345e-32	0	-315.74982
278400	0.35815234	2.3360501e-33	0	-326.31518
278500	2.5258562e-13	4.4334173e-32	0	-313.53261
278600	-0.3609946	2.6606942e-32	0	-315.75005
278700	-0.68934988	1.4955631e-32	0	-318.25195
278800	-0.95251578	1.4093277e-32	0	-318.50988
278900	-1.1241007	1.0687695e-32	0	-319.71116
279000	-1.1865174	4.348191e-33	0	-323.61691
279100	-1.1327825	2.2110688e-32	0	-316.55398
279200	-0.9672859	2.8564707e-33	0	-325.4417
279300	-0.70544604	3.8306049e-32	0	-314.16733
279400	-0.37227708	1.2409171e-31	0	-309.06257
279500	-2.7552824e-13	8.7909119e-32	0	-310.55966
279600	0.37507384	5.1109105e-32	0	-312.91502
279700	0.71608533	2.3783241e-32	0	-316.23729
279800	0.98925076	5.515955e-33	0	-322.58379
279900	1.1672093	2.8984606e-33	0	-325.37833
280000	1.2317627	1.0792723e-32	0	-319.66869
280100	1.175734	1.3043652e-32	0	-318.84601
280200	1.0037536	8.0381611e-34	0	-330.94843
280300	0.73189022	8.0635366e-33	0	-320.93474
280400	0.38615217	2.8437999e-32	0	-315.46101
280500	2.9925776e-13	5.7264688e-33	0	-322.42113
280600	-0.38889238	1.5520106e-32	0	-318.09105
280700	-0.74231443	1.8792454e-34	0	-337.26017
280800	-1.0252744	8.259075e-34	0	-330.83069
280900	-1.2094648	6.7865097e-33	0	-321.68354
281000	-1.2760934	1.0126918e-32	0	-319.94523
281100	-1.2177988	3.3447292e-33	0	-324.75639
281200	-1.0394528	2.8943943e-33	0	-325.38442
281300	-0.75776569	7.2932594e-33	0	-321.37078
281400	-0.39972283	8.2486194e-33	0	-320.83619
281500	-1.7615366e-13	1.3678316e-32	0	-318.63967
281600	0.4023957	1.8021623e-33	0	-327.44206
281700	0.76793368	2.7185046e-33	0	-325.6567
281800	1.0604447	7.5268732e-34	0	-331.23385
281900	1.2507005	4.3037031e-33	0	-323.66158
282000	1.3193345	2.894436e-32	0	-315.38436
282100	1.2588108	1.7076795e-32	0	-317.67594
282200	1.0742426	1.517224e-32	0	-318.1895
282300	0.78297032	3.0597559e-32	0	-315.14313
282400	0.41293552	2.7303308e-32	0	-315.63785
282500	1.9639126e-13	2.6933505e-32	0	-315.69707
282600	-0.41553048	5.54992e-33	0	-322.55713
282700	-0.79284196	6.5540351e-33	0	-321.83491
282800	-1.0946226	2.9519465e-33	0	-325.29892
282900	-1.2907536	1.2266783e-32	0	-319.11269
283000	-1.3613153	8.4386365e-33	0	-320.73728
283100	-1.2986083	2.3710688e-33	0	-326.25056
283200	-1.1079856	1.0084406e-32	0	-319.9635
283300	-0.80740465	5.5852598e-34	0	-332.52957
283400	-0.42573809	1.3216172e-32	0	-318.78894
283500	-2.1733669e-13	1.3909438e-32	0	-318.5669
283600	0.42824491	3.6075237e-33	0	-324.42791
283700	0.81694098	8.6302194e-33	0	-320.63978
283800	1.1276734	3.7151715e-32	0	-314.30021
283900	1.3294661	3.8244599e-32	0	-314.1743
284000	1.4018701	3.144676e-32	0	-315.02424
284100	1.3370342	6.3348282e-33	0	-321.98265
284200	1.1405487	7.4138674e-33	0	-321.29955
284300	0.83097223	7.3720954e-33	0	-321.32409
284400	0.43808002	1.0386108e-32	0	-319.83547
284500	2.3891912e-13	2.4853861e-33	0	-326.04606
284600	-0.4404888	1.4989015e-32	0	-318.24227
284700	-0.84013562	1.3989079e-33	0	-328.54211
284800	-1.1594666	1.0374534e-31	0	-309.84031
284900	-1.3666852	2.103867e-31	0	-306.76982
285000	-1.4408389	1.7479087e-31	0	-307.57481
285100	-1.3739368	1.2518797e-31	0	-309.02437
285200	-1.1718035	3.0623501e-32	0	-315.13945
285300	-0.85358007	7.8449283e-33	0	-321.05411
285400	-0.44991259	2.3786853e-32	0	-316.23663
285500	-2.6106173e-13	8.5018213e-33	0	-320.70488
285600	0.45221383	1.0201866e-33	0	-329.9132
285700	0.86233436	6.6004474e-33	0	-321.80427
285800	1.1898767	3.744872e-32	0	-314.26563
285900	1.402264	2.7372162e-32	0	-315.62691
286000	1.478068	2.4462962e-32	0	-316.11491
286100	1.4091704	9.4473308e-33	0	-320.24691
286200	1.2016264	1.0090096e-33	0	-329.96105
286300	0.87513894	4.5704088e-33	0	-323.40045
286400	0.46118911	4.9297344e-33	0	-323.07176
286500	2.8368219e-13	6.519622e-34	0	-331.85778
286600	-0.46337373	7.4987671e-33	0	-321.2501
286700	-0.88344957	5.7572265e-32	0	-312.39787
286800	-1.2187838	3.8350124e-32	0	-314.16233
286900	-1.4360621	7.1994541e-32	0	-311.427
287000	-1.5134103	1.9144009e-32	0	-317.17967
287100	-1.4425961	2.6053832e-32	0	-315.84128
287200	-1.2299	1.2908892e-34	0	-338.89111
287300	-0.89556376	1.8358501e-33	0	-327.36163
287400	-0.47186508	4.2120309e-32	0	-313.75508
287500	-3.0669312e-13	2.9108692e-32	0	-315.35977
287600	0.47392446	7.7345645e-32	0	-311.11564
287700	0.90339793	3.6457828e-31	0	-304.38209
287800	1.2460737	3.970655e-31	0	-304.01138
287900	1.4679461	3.90907e-31	0	-304.07927
288000	1.5467265	1.0539421e-31	0	-309.77183
288100	1.474082	3.6372853e-32	0	-314.39223
288200	1.2565125	1.0216074e-34	0	-339.90716
288300	0.91477391	2.9180697e-32	0	-315.34904
288400	0.48189836	1.3135475e-32	0	-318.81554
288500	3.3000257e-13	1.6872689e-32	0	-317.72816
288600	-0.48382437	2.400776e-32	0	-316.19648
288700	-0.92210071	5.8553402e-32	0	-312.32448
288800	-1.2716387	4.758519e-32	0	-313.22528
288900	-1.4977901	8.9402814e-32	0	-310.48649
289000	-1.5778849	1.2443791e-32	0	-319.05047
289100	-1.5035037	1.0522091e-33	0	-329.77898
289200	-1.2813589	5.4543597e-33	0	-322.63256
289300	-0.93269359	7.4564337e-33	0	-321.27469
289400	-0.49124936	5.9004199e-34	0	-332.29117
289500	-3.5351461e-13	5.7273758e-33	0	-322.42044
289600	0.49303439	5.055993e-33	0	-322.96194
289700	0.93948411	4.658896e-33	0	-323.31717
289800	1.295378	5.4206382e-33	0	-322.6595
289900	1.5254765	1.6926383e-32	0	-317.71436
290000	1.6067627	1.1089165e-32	0	-319.55101
290100	1.5307451	6.5315683e-33	0	-321.84983
290200	1.3043412	3.6017543e-33	0	-324.43486
290300	0.94925207	3.9499128e-33	0	-324.03412
290400	0.49988117	2.7030456e-33	0	-325.68147
290500	3.7712984e-13	5.5158762e-33	0	-322.58385
290600	-0.50151818	2.7797796e-32	0	-315.5599
290700	-0.9554795	1.6548733e-32	0	-317.81235
290800	-1.3171978	3.3746627e-32	0	-314.7177
290900	-1.5508959	6.4736221e-32	0	-311.88853
291000	-1.6332459	3.7803922e-32	0	-314.22463
291100	-1.5556987	7.7073933e-33	0	-321.13092
291200	-1.3253687	2.0361962e-32	0	-316.9118
291300	-0.96438401	4.3125408e-33	0	-323.65267
291400	-0.50775973	2.7797454e-34	0	-335.55995
291500	-4.0074601e-13	8.4856363e-34	0	-330.71316
291600	0.50924226	7.4471995e-33	0	-321.28007
291700	0.97002378	4.2314297e-33	0	-323.73513
291800	1.3370121	1.652676e-32	0	-317.81812
291900	1.573948	1.3054479e-32	0	-318.8424
292000	1.65723	3.9030217e-33	0	-324.08599
292100	1.5782661	2.0128512e-33	0	-326.96188
292200	1.3443584	1.6864443e-33	0	-327.73028
292300	0.97802968	1.2102851e-33	0	-329.17112
292400	0.51485394	4.4412024e-33	0	-323.52499
292500	4.2425859e-13	3.0127231e-33	0	-325.21041
292600	-0.51617614	6.9218984e-33	0	-321.59775
292700	-0.98305954	1.5947133e-32	0	-317.97317
292800	-1.3547426	2.3775469e-32	0	-316.23871
292900	-1.5945418	2.0789218e-32	0	-316.82162
293000	-1.6786203	2.0948037e-33	0	-326.78857
293100	-1.5983582	4.6762112e-33	0	-323.30106
293200	-1.3612354	6.8317947e-33	0	-321.65465
293300	-0.99013524	4.4123178e-33	0	-323.55333
293400	-0.5211358	1.38818e-33	0	-328.57554
293500	-2.5562214e-13	5.3577375e-32	0	-312.71019
293600	0.52229245	3.7052416e-32	0	-314.31183
293700	0.99453532	7.3638479e-32	0	-311.32895
293800	1.3703194	1.2487421e-31	0	-309.03527
293900	1.6125961	1.4336252e-31	0	-308.43564
294000	1.6973324	6.4602947e-32	0	-311.89748
294100	1.6158957	1.1289949e-32	0	-319.47308
294200	1.375933	1.996278e-32	0	-316.99779
294300	1.0006529	5.6556549e-33	0	-322.47517
294400	0.52658053	7.0471771e-36	0	-351.51985
294500	2.7663629e-13	1.8372628e-32	0	-317.35829
294600	-0.52756707	1.713048e-32	0	-317.6623
294700	-1.0044059	2.0160049e-32	0	-316.95508
294800	-1.383681	2.3826522e-32	0	-316.22939
294900	-1.6280396	1.4859966e-32	0	-318.27982
295000	-1.7132924	1.0429634e-32	0	-319.81731
295100	-1.6308094	3.6233242e-33	0	-324.40893
295200	-1.3883932	1.3643638e-32	0	-318.6507
295300	-1.0095412	1.7764485e-33	0	-327.50447
295400	-0.53116664	1.4232962e-32	0	-318.46705
295500	-2.975427e-13	2.5439829e-32	0	-315.94486
295600	0.53197917	2.3350176e-32	0	-316.3171
295700	1.0126322	1.6640534e-31	0	-307.78833
295800	1.3947746	2.5446053e-34	0	-335.9438
295900	1.6408113	6.9719047e-33	0	-321.56649
296000	1.7264374	4.274102e-32	0	-313.69155
296100	1.6430404	2.229394e-32	0	-316.51813
296200	1.3985669	4.4946148e-32	0	-313.47308
296300	1.016765	4.3297441e-33	0	-323.63538
296400	0.53487602	8.311831e-32	0	-310.80303
296500	3.1824075e-13	1.8802437e-31	0	-307.25786
296600	-0.53551134	2.4744955e-31	0	-306.06513
296700	-1.0191818	1.2060376e-30	0	-299.18639
296800	-1.4035565	3.1168106e-33	0	-325.0629
296900	-1.6508609	4.2091633e-32	0	-313.75804
297000	-1.7367154	1.0752628e-31	0	-309.68485
297100	-1.6525405	5.8362851e-32	0	-312.33864
297200	-1.406414	6.7445573e-32	0	-311.71047
297300	-1.0222958	1.0708956e-32	0	-319.70253
297400	-0.53769404	2.6690655e-32	0	-315.73641
297500	-3.3862952e-13	3.112718e-32	0	-315.0686
297600	0.53814964	3.5396162e-32	0	-314.51044
297700	1.0240289	2.0984037e-31	0	-306.78111
297800	1.4099921	7.688047e-33	0	-321.14184
297900	1.6581487	1.8612597e-32	0	-317.30193
298000	1.744086	1.3791401e-32	0	-318.60392
298100	1.6592721	2.1814873e-32	0	-316.61247
298200	1.4119033	2.3843471e-32	0	-316.22631
298300	1.0261118	1.7914519e-32	0	-317.46795
298400	0.53960957	3.0264679e-34	0	-335.19064
298500	3.5860843e-13	2.2755649e-35	0	-346.42911
298600	-0.53988365	1.6575149e-33	0	-327.80543
298700	-1.0271544	7.1224747e-33	0	-321.47369
298800	-1.4140559	1.057049e-32	0	-319.75905
298900	-1.6626459	1.194946e-32	0	-319.22652
299000	-1.74852	5.0138402e-33	0	-322.9983
299100	-1.6632087	2.2061093e-32	0	-316.56373
299200	-1.4150134	1.0434762e-32	0	-319.81517
299300	-1.0281979	4.2192601e-32	0	-313.74764
299400	-0.54061507	2.2936133e-32	0	-316.3948
299500	-3.780779e-13	1.5390767e-32	0	-318.1274
299600	0.54070655	1.0358317e-32	0	-319.84711
299700	1.0285459	2.5247368e-32	0	-315.97784
299800	1.4157318	4.610654e-33	0	-323.36237
299900	1.6643348	1.0232112e-32	0	-319.90035
300000	1.75	1.5252627e-33	0	-328.16655
300100	1.6643348	6.5195434e-33	0	-321.85783
300200	1.4157318	3.1589161e-33	0	-325.00462
300300	1.0285459	9.3105003e-33	0	-320.31027
300400	0.54070655	3.819404e-34	0	-334.18004
300500	3.9693997e-13	2.964481e-34	0	-335.28051
300600	-0.54061507	1.0038841e-33	0	-329.98316
300700	-1.0281979	8.3109468e-33	0	-320.80349
300800	-1.4150134	7.8388235e-33	0	-321.05749
300900	-1.6632087	2.3332905e-33	0	-326.32031
301000	-1.74852	1.3261956e-32	0	-318.77392
301100	-1.6626459	3.9832472e-32	0	-313.99763
301200	-1.4140559	3.8730762e-33	0	-324.11944
301300	-1.0271544	3.2102497e-32	0	-314.93461
301400	-0.53988365	2.0246281e-33	0	-326.93655
301500	-4.1509896e-13	1.6855002e-33	0	-327.73271
301600	0.53960957	1.2058043e-32	0	-319.18723
301700	1.0261118	2.765004e-33	0	-325.58304
301800	1.4119033	7.9335177e-33	0	-321.00534
301900	1.6592721	6.7752566e-33	0	-321.69074
302000	1.744086	4.7016851e-32	0	-313.27746
302100	1.6581487	1.7577491e-31	0	-307.55043
302200	1.4099921	3.1210987e-32	0	-315.05692
302300	1.0240289	1.4262422e-31	0	-308.45807
302400	0.53814964	1.0868866e-32	0	-319.63816
302500	4.3246209e-13	7.1501222e-33	0	-321.45687
302600	-0.53769404	1.2746546e-32	0	-318.94607
302700	-1.0222958	4.8739503e-33	0	-323.12119
302800	-1.406414	8.7096582e-33	0	-320.59999
302900	-1.6525405	1.0728919e-32	0	-319.69444
303000	-1.7367154	2.404114e-32	0	-316.19045
303100	-1.6508609	5.0831387e-32	0	-312.93868
303200	-1.4035565	1.350541e-32	0	-318.69492
303300	-1.0191818	1.5310109e-32	0	-318.15022
303400	-0.53551134	1.4518846e-32	0	-318.38068
303500	-4.489401e-13	1.609474e-33	0	-327.93316
303600	0.53487602	2.1214949e-32	0	-316.73358
303700	1.016765	1.2003414e-32	0	-319.20695
303800	1.3985669	2.0475897e-32	0	-316.88757
303900	1.6430404	1.8187731e-31	0	-307.40221
304000	1.7264374	3.3911234e-31	0	-304.69656
304100	1.6408113	2.4514206e-31	0	-306.10582
304200	1.3947746	3.0926946e-32	0	-315.09663
304300	1.0126322	3.082551e-32	0	-315.1109
304400	0.53197917	3.6944442e-32	0	-314.32451
304500	2.6888144e-13	2.5714296e-32	0	-315.89825
304600	-0.53116664	9.7539832e-32	0	-310.10818
304700	-1.0095412	2.5870843e-32	0	-315.87189
304800	-1.3883932	1.2505161e-31	0	-309.02911
304900	-1.6308094	1.2049071e-30	0	-299.19046
305000	-1.7132924	2.1810873e-30	0	-296.61327
305100	-1.6280396	1.509685e-30	0	-298.21114
305200	-1.383681	2.3541234e-31	0	-306.28171
305300	-1.0044059	8.9762892e-33	0	-320.46903
305400	-0.52756707	7.5361889e-32	0	-311.22848
305500	-2.8499372e-13	1.4441896e-31	0	-308.40376
305600	0.52658053	2.5510635e-32	0	-315.93279
305700	1.0006529	4.6680395e-32	0	-313.30865
305800	1.375933	1.1204473e-32	0	-319.50609
305900	1.6158957	1.622262e-31	0	-307.89879
306000	1.6973324	3.9518046e-31	0	-304.03205
306100	1.6125961	2.9650212e-31	0	-305.27972
306200	1.3703194	4.2359922e-32	0	-313.73045
306300	0.99453532	7.3995492e-33	0	-321.30795
306400	0.52229245	3.0065546e-32	0	-315.21931
306500	3.0029673e-13	2.5351696e-32	0	-315.95993
306600	-0.5211358	1.0461362e-32	0	-319.80412
306700	-0.99013524	1.6515959e-32	0	-317.82096
306800	-1.3612354	2.6895544e-32	0	-315.7032
306900	-1.5983582	1.1613223e-32	0	-319.35047
307000	-1.6786203	2.0836373e-32	0	-316.81178
307100	-1.5945418	2.2454567e-32	0	-316.48695
307200	-1.3547426	4.0097595e-33	0	-323.96882
307300	-0.98305954	3.8865774e-33	0	-324.10433
307400	-0.51617614	2.4633869e-32	0	-316.08467
307500	-3.1471332e-13	2.4167381e-34	0	-336.1677
307600	0.51485394	3.9016949e-33	0	-324.08747
307700	0.97802968	8.3492678e-33	0	-320.78352
307800	1.3443584	2.5071123e-31	0	-306.00826
307900	1.5782661	3.4370746e-32	0	-314.63811
308000	1.65723	3.5920424e-32	0	-314.44659
308100	1.573948	3.376987e-32	0	-314.71471
308200	1.3370121	3.6858272e-33	0	-324.33465
308300	0.97002378	1.2686636e-32	0	-318.96654
308400	0.50924226	3.3293096e-32	0	-314.77646
308500	3.2817141e-13	9.6322279e-34	0	-330.16273
308600	-0.50775973	1.3246364e-32	0	-318.77903
308700	-0.96438401	1.7436352e-32	0	-317.58544
308800	-1.3253687	2.1315551e-32	0	-316.71303
308900	-1.5556987	2.0441781e-32	0	-316.89481
309000	-1.6332459	1.6410763e-32	0	-317.84871
309100	-1.5508959	1.5333384e-32	0	-318.14362
309200	-1.3171978	1.1130213e-33	0	-329.53497
309300	-0.9554795	1.4395844e-32	0	-318.41763
309400	-0.50151818	1.3450246e-32	0	-318.7127
309500	-3.4060454e-13	8.2993253e-33	0	-320.80957
309600	0.49988117	2.1006348e-32	0	-316.77649
309700	0.94925207	2.2113827e-32	0	-316.55336
309800	1.3043412	2.0589e-33	0	-326.86365
309900	1.5307451	5.0454118e-32	0	-312.97103
310000	1.6067627	3.187356e-32	0	-314.96569
310100	1.5254765	1.3321759e-32	0	-318.75438
310200	1.295378	3.6084913e-33	0	-324.42674
310300	0.93948411	2.5103918e-32	0	-316.00258
310400	0.49303439	2.5360538e-33	0	-325.95842
310500	3.5195233e-13	9.9750258e-33	0	-320.01086
310600	-0.49124936	3.6404838e-32	0	-314.38841
310700	-0.93269359	4.971068e-32	0	-313.0355
310800	-1.2813589	6.3459514e-33	0	-321.97503
310900	-1.5035037	1.3068351e-31	0	-308.83779
311000	-1.5778849	1.6394839e-31	0	-307.85293
311100	-1.4977901	3.317982e-32	0	-314.79126
311200	-1.2716387	8.3903679e-32	0	-310.76219
311300	-0.92210071	2.3819345e-32	0	-316.2307
311400	-0.48382437	8.7259374e-33	0	-320.59188
311500	-3.6216094e-13	1.416192e-32	0	-318.48878
311600	0.48189836	1.9377776e-32	0	-317.12696
311700	0.91477391	4.2726515e-32	0	-313.69303
311800	1.2565125	7.6197037e-33	0	-321.18062
311900	1.474082	4.8011043e-32	0	-313.18659
312000	1.5467265	6.6403295e-32	0	-311.7781
312100	1.4679461	2.0120366e-32	0	-316.96364
312200	1.2460737	2.0208568e-32	0	-316.94464
312300	0.90339793	3.3487829e-32	0	-314.75113
312400	0.47392446	2.8160107e-32	0	-315.50366
312500	3.7118347e-13	5.3642634e-32	0	-312.7049
312600	-0.47186508	7.1967989e-32	0	-311.42861
312700	-0.89556376	1.529188e-31	0	-308.15539
312800	-1.2299	7.0087449e-31	0	-301.5436
312900	-1.4425961	9.813282e-31	0	-300.08186
313000	-1.5134103	5.3063241e-31	0	-302.75206
313100	-1.4360621	1.1630271e-31	0	-309.3441
313200	-1.2187838	1.1032572e-31	0	-309.57323
313300	-0.88344957	4.7795389e-32	0	-313.20614
313400	-0.46337373	2.0544641e-31	0	-306.87301
313500	-3.7898038e-13	2.1042869e-31	0	-306.76895
313600	0.46118911	1.5274317e-32	0	-318.16038
313700	0.87513894	9.639435e-31	0	-300.15948
313800	1.2016264	4.5048189e-30	0	-293.46323
313900	1.4091704	6.5349151e-30	0	-291.8476
314000	1.478068	3.9283029e-30	0	-294.05795
314100	1.402264	7.1142148e-31	0	-301.47873
314200	1.1898767	1.1571256e-32	0	-319.36619
314300	0.86233436	2.5234182e-31	0	-305.98011
314400	0.45221383	1.2262007e-31	0	-309.11438
314500	3.8551975e-13	1.9342736e-32	0	-317.13482
314600	-0.44991259	4.6920115e-32	0	-313.28641
314700	-0.85358007	1.0952667e-31	0	-309.6048
314800	-1.1718035	5.6727875e-31	0	-302.46203
314900	-1.3739368	9.184114e-31	0	-300.36963
315000	-1.4408389	6.201546e-31	0	-302.075
315100	-1.3666852	1.5822279e-31	0	-308.00731
315200	-1.1594666	2.2660936e-32	0	-316.44722
315300	-0.84013562	8.2442062e-32	0	-310.83851
315400	-0.4404888	4.4118925e-32	0	-313.55375
315500	-2.2916473e-13	2.7049169e-32	0	-315.67846
315600	0.43808002	4.4385892e-32	0	-313.52755
315700	0.83097223	2.466027e-32	0	-316.08002
315800	1.1405487	6.4341902e-33	0	-321.91506
315900	1.3370342	3.0992074e-33	0	-325.08749
316000	1.4018701	1.7817747e-32	0	-317.49147
316100	1.3294661	1.2281155e-32	0	-319.10761
316200	1.1276734	3.6573339e-33	0	-324.36835
316300	0.81694098	6.1883009e-32	0	-312.08429
316400	0.42824491	1.2300298e-32	0	-319.10084
316500	2.3764815e-13	3.1449152e-32	0	-315.02391
316600	-0.42573809	8.6813243e-32	0	-310.61414
316700	-0.80740465	4.2483647e-32	0	-313.71778
316800	-1.1079856	8.464047e-32	0	-310.72422
316900	-1.2986083	3.4875011e-32	0	-314.57486
317000	-1.3613153	8.2793574e-33	0	-320.82003
317100	-1.2907536	6.2838653e-33	0	-322.01773
317200	-1.0946226	4.4823553e-33	0	-323.48494
317300	-0.79284196	1.7943459e-32	0	-317.46094
317400	-0.41553048	1.7208206e-33	0	-327.64264
317500	-2.4499845e-13	1.0208643e-32	0	-319.91032
317600	0.41293552	1.2588299e-32	0	-319.00033
317700	0.78297032	4.7042632e-33	0	-323.27508
317800	1.0742426	1.4157998e-32	0	-318.48998
317900	1.2588108	5.6824733e-33	0	-322.45463
318000	1.3193345	1.829358e-33	0	-327.37701
318100	1.2507005	2.0701348e-33	0	-326.84001
318200	1.0604447	7.1163578e-34	0	-331.47742
318300	0.76793368	5.8319384e-33	0	-322.34187
318400	0.4023957	5.7539484e-33	0	-322.40034
318500	2.5119844e-13	6.4226659e-33	0	-321.92285
318600	-0.39972283	6.6107631e-33	0	-321.79748
318700	-0.75776569	9.853946e-33	0	-320.0639
318800	-1.0394528	1.4091306e-34	0	-338.51049
318900	-1.2177988	1.0322019e-34	0	-339.86235
319000	-1.2760934	3.0962286e-35	0	-345.09167
319100	-1.2094648	1.3359799e-32	0	-318.742
319200	-1.0252744	4.814277e-34	0	-333.17469
319300	-0.74231443	3.6182549e-32	0	-314.41501
319400	-0.38889238	4.3818993e-32	0	-313.58338
319500	-2.5623905e-13	4.981547e-32	0	-313.02636
319600	0.38615217	1.4883272e-32	0	-318.27302
319700	0.73189022	4.9707257e-32	0	-313.0358
319800	1.0037536	1.4429493e-33	0	-328.40749
319900	1.175734	7.9959492e-33	0	-320.9713
320000	1.2317627	2.5182689e-33	0	-325.98898
320100	1.1672093	1.2721612e-32	0	-318.95458
320200	0.98925076	3.734321e-33	0	-324.27788
320300	0.71608533	2.9036885e-36	0	-355.3705
320400	0.37507384	1.7245375e-32	0	-317.63327
320500	2.6011943e-13	1.0085914e-32	0	-319.96285
320600	-0.37227708	1.5352126e-32	0	-318.13831
320700	-0.70544604	3.0166486e-32	0	-315.20475
320800	-0.9672859	2.454951e-32	0	-316.09957
320900	-1.1327825	1.5047214e-32	0	-318.22544
321000	-1.1865174	6.9745136e-32	0	-311.56486
321100	-1.1241007	4.0294035e-31	0	-303.94759
321200	-0.95251578	8.8633518e-33	0	-320.52402
321300	-0.68934988	3.9023265e-31	0	-304.08676
321400	-0.3609946	2.2075655e-31	0	-306.56086
321500	-2.6284712e-13	3.3590314e-32	0	-314.73786
321600	0.35815234	2.4786444e-32	0	-316.05786
321700	0.67853751	1.1155971e-31	0	-309.52493
321800	0.93019357	2.3654133e-31	0	-306.26093
321900	1.0891139	1.6402702e-32	0	-317.85085
322000	1.140536	5.1904826e-31	0	-302.84792
322100	1.0803092	3.0696419e-30	0	-295.12912
322200	0.91521447	1.7150415e-31	0	-307.65725
322300	0.66221361	2.4963097e-30	0	-296.02702
322400	0.34671023	1.0518276e-30	0	-299.78055
322500	2.6443803e-13	7.9210222e-33	0	-321.01219
322600	-0.34383369	8.6582085e-32	0	-310.62572
322700	-0.65127081	2.0270079e-31	0	-306.93145
322800	-0.89262301	6.6175797e-32	0	-311.79301
322900	-1.0449004	4.6353725e-32	0	-313.33915
323000	-1.0939999	2.3831999e-31	0	-306.2284
323100	-1.0360076	5.3628268e-31	0	-302.70606
323200	-0.87749404	8.0816572e-32	0	-310.925
323300	-0.6347836	2.0813782e-31	0	-306.81649
323400	-0.3322771	9.1873794e-32	0	-310.36808
323500	-2.6491648e-13	1.6783951e-32	0	-317.75106
323600	0.32937763	1.6721855e-33	0	-327.76716
323700	0.62375357	1.1146367e-32	0	-319.52867
323800	0.85472249	7.2290912e-33	0	-321.40916
323900	1.0003165	5.0788854e-34	0	-332.94232
324000	1.0470929	1.8662661e-32	0	-317.29026
324100	0.99137076	3.183372e-32	0	-314.97113
324200	0.83950337	9.5611644e-33	0	-320.19489
324300	0.60716811	5.2401331e-33	0	-322.80658
324400	0.31775217	2.5584888e-32	0	-315.92016
324500	2.6431512e-13	7.6256977e-33	0	-321.1772
324600	-0.31484121	4.2050593e-34	0	-333.76228
324700	-0.59609438	5.8569075e-33	0	-322.32332
324800	-0.8166416	1.0897299e-33	0	-329.62681
324900	-0.95553824	1.6548464e-32	0	-317.81242
325000	-1	1.1354061e-31	0	-309.44849
325100	-0.9465748	6.5529595e-32	0	-311.83563
325200	-0.80139239	4.0600195e-32	0	-313.91472
325300	-0.57947613	7.433004e-33	0	-321.28836
325400	-0.30319277	3.8173917e-32	0	-314.18233
325500	-2.6267488e-13	4.8841828e-32	0	-313.11208
325600	0.30028181	5.8443602e-33	0	-322.33263
325700	0.56840239	5.4251024e-33	0	-322.65592
325800	0.77853061	1.6460426e-32	0	-317.83559
325900	0.91074228	2.4146489e-33	0	-326.17146
326000	0.95290711	1.5619487e-32	0	-318.06333
326100	0.90179653	3.4290327e-32	0	-314.64828
326200	0.7633115	6.0550667e-33	0	-322.17881
326300	0.55181693	1.0959196e-33	0	-329.60221
326400	0.28865636	7.1578932e-33	0	-321.45215
326500	1.5438208e-13	5.2194878e-33	0	-322.82372
326600	-0.28575689	2.9364842e-33	0	-325.32172
326700	-0.5407869	1.0337861e-32	0	-319.85569
326800	-0.74053994	3.7465028e-33	0	-324.26374
326900	-0.86610542	4.5492493e-33	0	-323.4206
327000	-0.90600007	1.0422315e-32	0	-319.82036
327100	-0.85721266	1.0285074e-32	0	-319.87793
327200	-0.72541098	4.281073e-33	0	-323.68447
327300	-0.52429969	2.3308028e-33	0	-326.32494
327400	-0.2742003	1.1088659e-32	0	-319.55121
327500	-2.5648171e-13	7.4383241e-33	0	-321.28525
327600	0.27132376	8.4043003e-33	0	-320.75498
327700	0.5133569	1.588689e-32	0	-317.98961
327800	0.70281952	2.8162057e-32	0	-315.50336
327900	0.82180382	4.5145047e-32	0	-313.4539
328000	0.85946401	7.3264295e-33	0	-321.35108
328100	0.81299915	2.9510405e-32	0	-315.30025
328200	0.68784042	1.5117282e-32	0	-318.20526
328300	0.497033	4.362451e-32	0	-313.60269
328400	0.25988164	3.2587068e-32	0	-314.86955
328500	1.5696351e-13	3.3939588e-33	0	-324.69293
328600	-0.25703939	1.7216972e-33	0	-327.64043
328700	-0.48622062	9.4710184e-33	0	-320.23603
328800	-0.66551821	6.3897017e-33	0	-321.94519
328900	-0.77801233	1.7130606e-32	0	-317.66227
329000	-0.81348258	2.6764256e-33	0	-325.72445
329100	-0.7693305	1.0427062e-32	0	-319.81838
329200	-0.65074809	8.2404662e-34	0	-330.84048
329300	-0.47012446	1.5970689e-32	0	-317.96676
329400	-0.2457569	8.9250431e-33	0	-320.4939
329500	-2.468226e-13	6.3234879e-33	0	-321.99043
329600	0.24296015	9.8512473e-33	0	-320.06509
329700	0.45948518	1.7613822e-32	0	-317.54146
329800	0.62878323	1.0134382e-32	0	-319.94203
329900	0.73490377	7.6756338e-32	0	-311.14886
330000	0.76823725	2.0723904e-31	0	-306.83528
330100	0.72637903	1.237076e-32	0	-319.07604
330200	0.61428037	2.1087351e-31	0	-306.75978
330300	0.44368028	8.2558995e-32	0	-310.83236
330400	0.23188182	3.0593488e-32	0	-315.14371
330500	1.5607326e-13	1.5408905e-32	0	-318.12228
330600	-0.2291416	7.8184241e-32	0	-311.06881
330700	-0.43325607	1.5344202e-31	0	-308.14056
330800	-0.59275954	4.0182163e-32	0	-313.95967
330900	-0.69264826	5.2459707e-31	0	-302.80174
331000	-0.72390659	1.6577648e-30	0	-297.80477
331100	-0.68431426	3.8308219e-33	0	-324.16708
331200	-0.57858119	1.4816082e-30	0	-298.29267
331300	-0.41780481	3.580652e-31	0	-304.46038
331400	-0.21831116	1.8143732e-32	0	-317.41273
331500	-2.3430095e-13	8.8486219e-32	0	-310.53124
331600	0.21563829	9.275191e-32	0	-310.32677
331700	0.40763683	3.6309655e-32	0	-314.39978
331800	0.55758933	6.4276885e-32	0	-311.91945
331900	0.65141256	1.5604596e-31	0	-308.06747
332000	0.68066553	2.5470847e-31	0	-305.93957
332100	0.6433022	2.517432e-32	0	-315.99042
332200	0.54379143	1.3038077e-31	0	-308.84786
332300	0.39260018	2.9305343e-32	0	-315.33053
332400	0.20509847	1.4352327e-32	0	-318.43078
332500	1.5220744e-13	2.1879541e-33	0	-326.59962
332600	-0.2025035	2.6848723e-33	0	-325.71076
332700	-0.38272854	1.3625724e-32	0	-318.6564
332800	-0.52341138	2.7240811e-33	0	-325.6478
332900	-0.61135943	1.7483024e-32	0	-317.57383
333000	-0.63868474	4.5345098e-32	0	-313.4347
333100	-0.60350471	1.4827743e-33	0	-328.28925
333200	-0.5100484	4.5325636e-33	0	-323.43656
333300	-0.36816586	1.6045744e-32	0	-317.9464
333400	-0.1922959	2.7284592e-33	0	-325.64083
333500	-7.9059974e-14	3.2325664e-34	0	-334.90453
333600	0.18978908	1.0350412e-32	0	-319.85042
333700	0.35862953	9.6497395e-33	0	-320.15484
333800	0.49036059	3.6652077e-32	0	-314.35901
333900	0.57264693	1.4437161e-31	0	-308.40518
334000	0.5981299	1.1517542e-31	0	-309.3864
334100	0.56507885	1.429108e-32	0	-318.44935
334200	0.47748526	1.3641299e-32	0	-318.65144
334300	0.34459827	2.7325971e-33	0	-325.63424
334400	0.17995397	5.6331807e-33	0	-322.49246
334500	1.4596921e-13	2.8020697e-33	0	-325.52521
334600	-0.17754519	2.6668413e-33	0	-325.74003
334700	-0.33543488	9.1445172e-34	0	-330.38839
334800	-0.45856739	1.7233348e-33	0	-327.6363
334900	-0.53542783	2.3018123e-32	0	-316.3793
335000	-0.55916106	2.7187525e-32	0	-315.6563
335100	-0.52817626	1.2824989e-32	0	-318.91943
335200	-0.44623053	5.1652261e-34	0	-332.86911
335300	-0.32199043	2.5047569e-33	0	-326.01234
335400	-0.1681214	1.2602762e-32	0	-318.99534
335500	-8.0747899e-14	7.2006707e-33	0	-321.42627
335600	0.16582015	6.610594e-33	0	-321.7976
335700	0.31323615	3.5105239e-33	0	-324.54628
335800	0.42815726	7.2336304e-34	0	-331.40644
335900	0.49984904	6.0770658e-33	0	-322.16306
336000	0.52193201	1.2778729e-32	0	-318.93512
336100	0.49294259	6.5619207e-33	0	-321.82969
336200	0.41640754	4.4496246e-33	0	-323.51677
336300	0.30043156	5.4546798e-33	0	-322.63231
336400	0.15684488	2.3619302e-32	0	-316.26733
336500	1.3805611e-13	2.0727246e-32	0	-316.83458
336600	-0.15466026	4.5667021e-32	0	-313.40397
336700	-0.29212093	6.6599582e-32	0	-311.76528
336800	-0.39925021	1.0684778e-33	0	-329.71235
336900	-0.46605095	1.1608482e-32	0	-319.35225
337000	-0.48658967	3.7250403e-32	0	-314.28869
337100	-0.45951688	2.7165004e-33	0	-325.6599
337200	-0.38813401	2.265932e-33	0	-326.44753
337300	-0.28000675	1.0852277e-32	0	-319.64479
337400	-0.14616891	4.5251667e-33	0	-323.44365
337500	-8.0316316e-14	5.4989405e-33	0	-322.59721
337600	0.14410953	6.400087e-33	0	-321.93814
337700	0.27217257	1.1774168e-32	0	-319.2907
337800	0.37196031	1.1469319e-33	0	-329.40462
337900	0.43416696	6.6211418e-33	0	-321.79067
338000	0.45327353	7.6376944e-33	0	-321.17038
338100	0.42803106	4.9933974e-34	0	-333.01604
338200	0.36152151	8.0436109e-33	0	-320.94549
338300	0.2607966	1.8378386e-32	0	-317.35693
338400	0.13613563	4.1945015e-32	0	-313.7732
338500	1.2924496e-13	2.1528681e-32	0	-316.66983
338600	-0.13420962	1.6136797e-33	0	-327.92183
338700	-0.25346979	5.7744057e-33	0	-322.38493
338800	-0.34639528	2.4107521e-33	0	-326.17847
338900	-0.40432289	5.5867792e-34	0	-332.52838
339000	-0.42211507	1.6444507e-32	0	-317.83979
339100	-0.39860938	3.7488549e-33	0	-324.26101
339200	-0.33667507	1.7690795e-32	0	-317.52253
339300	-0.24287692	9.3006972e-32	0	-310.31484
339400	-0.12678463	2.6799026e-31	0	-305.71881
339500	-7.8448702e-14	1.5845881e-31	0	-308.00084
339600	0.1249996	3.687799e-32	0	-314.33233
339700	0.2360864	2.085219e-32	0	-316.80848
339800	0.32265601	1.7609534e-33	0	-327.54252
339900	0.37663653	9.9575019e-33	0	-320.0185
340000	0.39323725	1.4458529e-32	0	-318.39876
340100	0.37136796	1.5577888e-33	0	-328.07491
340200	0.31369275	1.1192074e-33	0	-329.51089
340300	0.22631843	2.2642226e-32	0	-316.45081
340400	0.11815282	4.6176594e-32	0	-313.35578
340500	1.2037471e-13	2.4021576e-32	0	-316.19399
340600	-0.11651581	3.4197298e-33	0	-324.66008
340700	-0.220091	8.6632853e-33	0	-320.62317
340800	-0.30083618	5.7245709e-35	0	-342.42257
340900	-0.35121715	1.3745575e-33	0	-328.61837
341000	-0.36675406	2.1141277e-33	0	-326.74869
341100	-0.3464143	2.3988774e-32	0	-316.19992
341200	-0.29266525	1.3959514e-32	0	-318.5513
341300	-0.2111865	6.3276364e-32	0	-311.98758
341400	-0.11027426	7.9094814e-32	0	-311.01852
341500	-7.589638e-14	3.3937148e-32	0	-314.69325
341600	0.10879173	2.119969e-32	0	-316.7367
341700	0.20554672	1.7502803e-32	0	-317.56892
341800	0.28102191	3.7158724e-32	0	-314.29939
341900	0.32816506	4.3589663e-33	0	-323.60616
342000	0.34276999	2.7633218e-32	0	-315.58569
342100	0.32384689	3.4665825e-31	0	-304.60098
342200	0.27367555	1.3520985e-31	0	-308.68992
342300	0.19754082	3.0271688e-31	0	-305.18963
342400	0.10318005	3.9786669e-31	0	-304.00262
342500	1.1232748e-13	4.3084728e-32	0	-313.65677
342600	-0.10185785	3.8030041e-32	0	-314.19873
342700	-0.19251097	5.1166985e-32	0	-312.9101
342800	-0.26329139	4.2459585e-33	0	-323.72024
342900	-0.30757123	4.1380002e-33	0	-323.83209
343000	-0.32137971	2.8257292e-32	0	-315.48869
343100	-0.30375478	4.1578656e-32	0	-313.8113
343200	-0.2567986	3.1709352e-32	0	-314.98813
343300	-0.18543526	3.6270935e-32	0	-314.40441
343400	-0.096898187	7.6346255e-32	0	-311.17212
343500	-7.3460657e-14	2.1287189e-33	0	-326.71882
343600	0.095741535	1.1306657e-32	0	-319.46666
343700	0.18103518	1.2273934e-32	0	-319.11016
343800	0.24771461	2.6479134e-34	0	-335.77096
343900	0.28951695	3.9553907e-33	0	-324.02811
344000	0.30266764	9.9893915e-33	0	-320.00461
344100	0.28621729	2.3152996e-33	0	-326.35393
344200	0.242101	5.0400372e-33	0	-322.97566
344300	0.17491759	6.7573075e-33	0	-321.70226
344400	0.091453458	5.7835599e-33	0	-322.37805
344500	3.9083354e-14	1.140822e-32	0	-319.42782
344600	-0.090466919	2.6104753e-32	0	-315.8328
344700	-0.17116465	3.8997268e-33	0	-324.08966
344800	-0.23435303	7.5680811e-34	0	-331.21014
344900	-0.27407346	1.127289e-32	0	-319.47965
345000	-0.28670761	2.9658967e-32	0	-315.27844
345100	-0.27130361	3.4995488e-32	0	-314.55988
345200	-0.22964076	1.3163838e-32	0	-318.80617
345300	-0.16602933	7.6189651e-33	0	-321.18104
345400	-0.086867353	1.6853078e-32	0	-317.73321
345500	-7.197354e-14	8.2794147e-32	0	-310.82
345600	0.08605482	3.5440305e-32	0	-314.50503
345700	0.16293833	8.0038681e-33	0	-320.967
345800	0.22325938	4.3942804e-33	0	-323.57112
345900	0.26130172	9.063587e-33	0	-320.427
346000	0.27356263	4.2163605e-33	0	-323.75062
346100	0.2590726	3.9107024e-33	0	-324.07745
346200	0.21946706	6.8040688e-33	0	-321.67231
346300	0.15880554	4.590097e-33	0	-323.38178
346400	0.083157971	3.5711064e-33	0	-324.47197
346500	4.1373959e-14	1.0225847e-32	0	-319.90301
346600	-0.082522651	7.1644541e-33	0	-321.44817
346700	-0.15638868	5.0196691e-33	0	-322.99325
346800	-0.21447745	1.15749e-32	0	-319.36483
346900	-0.25125212	7.3441942e-33	0	-321.34056
347000	-0.26328456	1.6723526e-33	0	-327.76672
347100	-0.24957254	6.7406943e-33	0	-321.71295
347200	-0.21162004	3.0929993e-32	0	-315.0962
347300	-0.15327473	3.3972002e-32	0	-314.68879
347400	-0.080339951	1.2112977e-32	0	-319.16749
347500	-7.2277462e-14	2.1614201e-33	0	-326.65261
347600	0.079884351	8.1675631e-33	0	-320.87908
347700	0.15154157	9.0883657e-33	0	-320.41514
347800	0.2080419	4.4532045e-32	0	-313.51327
347900	0.24396433	4.753868e-32	0	-313.22953
348000	0.25591397	1.2067595e-33	0	-329.18379
348100	0.24284091	1.1692078e-32	0	-319.32108
348200	0.20613067	1.1496178e-31	0	-309.39447
348300	0.14945875	1.4628364e-31	0	-308.34804
348400	0.078424415	1.3421185e-31	0	-308.72209
348500	4.4561933e-14	4.9154982e-33	0	-323.08432
348600	-0.078150334	7.8786454e-33	0	-321.03548
348700	-0.1484161	9.1940818e-33	0	-320.36492
348800	-0.20397812	7.5149956e-33	0	-321.24071
348900	-0.23946711	1.3233031e-32	0	-318.78341
349000	-0.25147995	3.6582334e-33	0	-324.36729
349100	-0.23890429	1.5053634e-34	0	-338.22359
349200	-0.20302062	3.3696063e-32	0	-314.72421
349300	-0.14737263	2.6512315e-32	0	-315.76552
349400	-0.077418922	1.6820917e-32	0	-317.7415
349500	-7.5204449e-14	1.0408749e-33	0	-329.82601
349600	0.077327442	4.6016353e-34	0	-333.37088
349700	0.14702463	2.9356315e-33	0	-325.32298
349800	0.20230216	9.8388352e-33	0	-320.07056
349900	0.23777821	2.6671988e-33	0	-325.73945
350000	0.25	6.088901e-32	0	-312.15461
350100	0.23777821	1.0266026e-32	0	-319.88598
350200	0.20230216	9.5799709e-32	0	-310.18636
350300	0.14702463	7.8659375e-32	0	-311.0425
350400	0.077327442	3.617639e-32	0	-314.41575
350500	4.9439807e-14	6.3969817e-33	0	-321.94025
350600	-0.077418922	2.5468592e-32	0	-315.93995
350700	-0.14737263	4.1882795e-32	0	-313.77964
350800	-0.20302062	4.2413898e-33	0	-323.72492
350900	-0.23890429	1.6228934e-32	0	-317.8971
351000	-0.25147995	5.2053203e-31	0	-302.83553
351100	-0.23946711	1.0090803e-31	0	-309.96074
351200	-0.20397812	5.1614067e-31	0	-302.87232
351300	-0.1484161	3.2829744e-31	0	-304.83733
351400	-0.078150334	6.8344334e-33	0	-321.65297
351500	-8.1555157e-14	1.8607112e-32	0	-317.30321
351600	0.078424415	4.1251374e-32	0	-313.84562
351700	0.14945875	7.8465307e-33	0	-321.05322
351800	0.20613067	5.8046117e-34	0	-332.36227
351900	0.24284091	9.0260284e-33	0	-320.44503
352000	0.25591397	7.4167588e-32	0	-311.29786
352100	0.24396433	3.0083513e-32	0	-315.21671
352200	0.2080419	6.8748791e-32	0	-311.62735
352300	0.15154157	5.9134324e-32	0	-312.2816
352400	0.079884351	4.5339497e-34	0	-333.43523
352500	5.6779481e-14	2.0248474e-33	0	-326.93608
352600	-0.080339951	1.5414783e-32	0	-318.12063
352700	-0.15327473	7.2741922e-33	0	-321.38215
352800	-0.21162004	1.2641137e-33	0	-328.98214
352900	-0.24957254	4.1273537e-33	0	-323.84328
353000	-0.26328456	4.8526742e-33	0	-323.14019
353100	-0.25125212	1.4176308e-33	0	-328.48437
353200	-0.21447745	8.7158669e-34	0	-330.59689
353300	-0.15638868	6.3291276e-33	0	-321.98656
353400	-0.082522651	5.322032e-33	0	-322.73923
353500	-9.2078257e-14	5.4160547e-34	0	-332.66317
353600	0.083157971	2.5745019e-32	0	-315.89307
353700	0.15880554	1.5863785e-32	0	-317.99593
353800	0.21946706	1.9776759e-32	0	-317.03845
353900	0.2590726	2.2259016e-32	0	-316.52494
354000	0.27356263	5.6289362e-32	0	-312.49574
354100	0.26130172	7.3814791e-33	0	-321.31857
354200	0.22325938	5.0464361e-33	0	-322.97015
354300	0.16293833	9.5144137e-33	0	-320.21618
354400	0.08605482	7.1940863e-33	0	-321.43024
354500	6.7312021e-14	1.0405937e-33	0	-329.82719
354600	-0.086867353	8.4485664e-33	0	-320.73217
354700	-0.16602933	3.3748737e-33	0	-324.71742
354800	-0.22964076	6.6612601e-34	0	-331.76444
354900	-0.27130361	1.5216534e-33	0	-328.17684
355000	-0.28670761	7.3453905e-33	0	-321.33985
355100	-0.27407346	1.5505085e-33	0	-328.09526
355200	-0.23435303	8.5128578e-33	0	-320.69925
355300	-0.17116465	9.4371946e-34	0	-330.25157
355400	-0.090466919	8.5060003e-33	0	-320.70275
355500	-4.0525566e-14	2.5793363e-32	0	-315.88492
355600	0.091453458	6.9816084e-32	0	-311.56045
355700	0.17491759	7.8607056e-33	0	-321.04538
355800	0.242101	5.4310289e-33	0	-322.65118
355900	0.28621729	7.0529815e-34	0	-331.51627
356000	0.30266764	6.4116117e-33	0	-321.93033
356100	0.28951695	3.8853261e-33	0	-324.10573
356200	0.24771461	3.9785232e-33	0	-324.00278
356300	0.18103518	1.9969417e-33	0	-326.99635
356400	0.095741535	2.9761603e-32	0	-315.26344
356500	8.170814e-14	5.4276706e-32	0	-312.65387
356600	-0.096898187	2.7485447e-31	0	-305.60897
356700	-0.18543526	7.9306656e-32	0	-311.0069
356800	-0.2567986	6.4658187e-32	0	-311.89376
356900	-0.30375478	5.5245821e-33	0	-322.57701
357000	-0.32137971	1.0529089e-32	0	-319.77609
357100	-0.30757123	2.4437681e-33	0	-326.1194
357200	-0.26329139	1.8392428e-32	0	-317.35361
357300	-0.19251097	1.1657795e-34	0	-339.33384
357400	-0.10185785	1.7794598e-32	0	-317.49712
357500	-5.2828523e-14	2.3614072e-32	0	-316.26829
357600	0.10318005	4.2574779e-32	0	-313.70848
357700	0.19754082	1.6106693e-33	0	-327.92994
357800	0.27367555	1.4327635e-32	0	-318.43825
357900	0.32384689	5.2907169e-33	0	-322.76485
358000	0.34276999	4.2104145e-33	0	-323.75675
358100	0.32816506	2.2633609e-32	0	-316.45246
358200	0.28102191	1.5662273e-32	0	-318.05145
358300	0.20554672	1.6918295e-31	0	-307.71643
358400	0.10879173	4.4937099e-31	0	-303.47395
358500	1.0055978e-13	4.4346399e-31	0	-303.53142
358600	-0.11027426	1.8086162e-31	0	-307.42654
358700	-0.2111865	7.8206726e-32	0	-311.06756
358800	-0.29266525	8.4222585e-32	0	-310.74571
358900	-0.3464143	2.1295421e-32	0	-316.71714
359000	-0.36675406	8.2964287e-32	0	-310.81109
359100	-0.35121715	1.2834203e-31	0	-308.91631
359200	-0.30083618	6.5499089e-32	0	-311.83765
359300	-0.220091	1.0590258e-30	0	-299.75093
359400	-0.11651581	2.9059912e-30	0	-295.36706
359500	-6.8649973e-14	2.9239493e-30	0	-295.3403
359600	0.11815282	1.35333e-30	0	-298.68596
359700	0.22631843	1.073456e-31	0	-309.69216
359800	0.31369275	2.0154272e-31	0	-306.95633
359900	0.37136796	1.6196752e-31	0	-307.90572
360000	0.39323725	2.4740347e-33	0	-326.06594
360100	0.37663653	4.0481849e-32	0	-313.9274
360200	0.32265601	9.124649e-32	0	-310.39784
360300	0.2360864	8.581616e-32	0	-310.66431
360400	0.1249996	4.0229438e-31	0	-303.95456
360500	1.2436325e-13	4.9721374e-31	0	-303.03457
360600	-0.12678463	2.7958928e-31	0	-305.53479
360700	-0.24287692	1.7566026e-32	0	-317.55326
360800	-0.33667507	5.241666e-32	0	-312.80531
360900	-0.39860938	5.4030245e-32	0	-312.67363
361000	-0.42211507	1.5421863e-32	0	-318.11863
361100	-0.40432289	3.183295e-32	0	-314.97123
361200	-0.34639528	2.103948e-32	0	-316.76965
361300	-0.25346979	1.6001026e-32	0	-317.95852
361400	-0.13420962	2.4534148e-33	0	-326.10229
361500	-8.8518591e-14	6.9459345e-32	0	-311.58269
361600	0.13613563	1.0842962e-32	0	-319.64852
361700	0.2607966	9.5129301e-34	0	-330.21686
361800	0.36152151	3.2843107e-32	0	-314.83556
361900	0.42803106	1.0213731e-32	0	-319.90816
362000	0.45327353	1.2092757e-33	0	-329.17475
362100	0.43416696	7.5053118e-32	0	-311.24631
362200	0.37196031	1.4288603e-32	0	-318.4501
362300	0.27217257	4.1915507e-32	0	-313.77625
362400	0.14410953	7.4554914e-32	0	-311.27524
362500	1.5350418e-13	9.4364793e-32	0	-310.2519
362600	-0.14616891	1.4776041e-32	0	-318.30442
362700	-0.28000675	6.904057e-33	0	-321.60896
362800	-0.38813401	7.8062459e-33	0	-321.07558
362900	-0.45951688	7.2968051e-33	0	-321.36867
363000	-0.48658967	4.7316307e-33	0	-323.24989
363100	-0.46605095	2.3464657e-32	0	-316.29586
363200	-0.39925021	3.0041387e-34	0	-335.2228
363300	-0.29212093	1.2771456e-32	0	-318.9376
363400	-0.15466026	2.1100195e-32	0	-316.75714
363500	-1.1286329e-13	2.671616e-32	0	-315.73226
363600	0.15684488	5.8062317e-33	0	-322.36106
363700	0.30043156	7.3780758e-33	0	-321.32057
363800	0.41640754	6.7245504e-33	0	-321.72337
363900	0.49294259	9.7780173e-33	0	-320.09749
364000	0.52193201	1.2762877e-32	0	-318.94051
364100	0.49984904	1.9693554e-32	0	-317.05676
364200	0.42815726	1.8402484e-32	0	-317.35124
364300	0.31323615	2.4868456e-32	0	-316.04351
364400	0.16582015	1.979778e-32	0	-317.03384
364500	1.882449e-13	8.6527401e-32	0	-310.62846
364600	-0.1681214	5.2017534e-33	0	-322.8385
364700	-0.32199043	3.8992525e-32	0	-314.09019
364800	-0.44623053	1.5334869e-32	0	-318.1432
364900	-0.52817626	9.5209623e-34	0	-330.21319
365000	-0.55916106	4.6750171e-32	0	-313.30217
365100	-0.53542783	5.5332934e-32	0	-312.57016
365200	-0.45856739	3.6584499e-32	0	-314.36703
365300	-0.33543488	9.2673163e-32	0	-310.33046
365400	-0.17754519	4.7228736e-32	0	-313.25794
365500	-1.4200013e-13	2.7263928e-31	0	-305.64412
365600	0.17995397	6.3136649e-32	0	-311.99718
365700	0.34459827	6.1653273e-32	0	-312.10044
365800	0.47748526	2.8784358e-32	0	-315.40843
365900	0.56507885	8.97896e-33	0	-320.46774
366000	0.5981299	2.9396062e-32	0	-315.31711
366100	0.57264693	4.5542282e-32	0	-313.41585
366200	0.49036059	2.9491363e-32	0	-315.30305
366300	0.35862953	5.736337e-32	0	-312.41365
366400	0.18978908	5.1736105e-32	0	-312.86206
366500	8.8147468e-14	8.5392058e-32	0	-310.68583
366600	-0.1922959	3.1751095e-32	0	-314.98241
366700	-0.36816586	9.0407963e-32	0	-310.43793
366800	-0.5100484	4.3390699e-32	0	-313.62603
366900	-0.60350471	8.7492303e-32	0	-310.5803
367000	-0.63868474	1.6828891e-31	0	-307.73945
367100	-0.61135943	1.8761853e-31	0	-307.26724
367200	-0.52341138	1.1834928e-30	0	-299.26834
367300	-0.38272854	2.620669e-30	0	-295.81588
367400	-0.2025035	2.0958289e-30	0	-296.78644
367500	-1.7612162e-13	7.1228029e-31	0	-301.47349
367600	0.20509847	3.2244807e-31	0	-304.9154
367700	0.39260018	1.7377702e-31	0	-307.60008
367800	0.54379143	9.6660935e-32	0	-310.14749
367900	0.6433022	6.8708676e-31	0	-301.62988
368000	0.68066553	4.9707774e-31	0	-303.03576
368100	0.65141256	8.2397359e-31	0	-300.84087
368200	0.55758933	8.0101093e-30	0	-290.96362
368300	0.40763683	1.67707e-29	0	-287.75449
368400	0.21563829	1.5100728e-29	0	-288.21002
368500	1.1525202e-13	5.4010225e-30	0	-292.67524
368600	-0.21831116	1.6005836e-31	0	-307.95722
368700	-0.41780481	6.584346e-31	0	-301.81487
368800	-0.57858119	5.7611077e-31	0	-302.39494
368900	-0.68431426	3.7032335e-32	0	-314.31419
369000	-0.72390659	3.0850685e-31	0	-305.10735
369100	-0.69264826	2.2408965e-31	0	-306.49578
369200	-0.59275954	9.2979642e-31	0	-300.31612
369300	-0.43325607	2.3924221e-30	0	-296.21162
369400	-0.2291416	2.391192e-30	0	-296.21386
369500	-2.1528882e-13	9.5451363e-31	0	-300.20218
369600	0.23188182	1.3025909e-31	0	-308.85192
369700	0.44368028	1.7135517e-31	0	-307.66103
369800	0.61428037	1.6250005e-31	0	-307.89147
369900	0.72637903	1.0698531e-31	0	-309.70676
370000	0.76823725	1.1199087e-31	0	-309.50817
370100	0.73490377	5.095303e-32	0	-312.9283
370200	0.62878323	3.9207274e-32	0	-314.06633
370300	0.45948518	1.3545407e-32	0	-318.68208
370400	0.24296015	6.4662691e-32	0	-311.89346
370500	1.4684775e-13	3.3124497e-32	0	-314.79851
370600	-0.2457569	3.6380795e-32	0	-314.39128
370700	-0.47012446	4.1831853e-32	0	-313.78493
370800	-0.65074809	4.4264814e-32	0	-313.53941
370900	-0.7693305	6.8274902e-32	0	-311.65739
371000	-0.81348258	7.4200251e-32	0	-311.29595
371100	-0.77801233	2.3582441e-32	0	-316.27411
371200	-0.66551821	2.0378635e-32	0	-316.90825
371300	-0.48622062	5.318885e-32	0	-312.74179
371400	-0.25703939	3.4953366e-32	0	-314.56511
371500	-2.5942622e-13	1.1469706e-32	0	-319.40448
371600	0.25988164	1.9946785e-32	0	-317.00127
371700	0.497033	1.3490864e-32	0	-318.6996
371800	0.68784042	1.5980193e-32	0	-317.96418
371900	0.81299915	1.3061577e-32	0	-318.84004
372000	0.85946401	2.7055291e-32	0	-315.67748
372100	0.82180382	1.0887766e-33	0	-329.63061
372200	0.70281952	6.5566868e-33	0	-321.83316
372300	0.5133569	4.9103189e-33	0	-323.0889
372400	0.27132376	1.6983823e-32	0	-317.69965
372500	1.8294884e-13	5.7343434e-33	0	-322.41516
372600	-0.2742003	2.5255946e-34	0	-335.97636
372700	-0.52429969	1.7838095e-32	0	-317.48652
372800	-0.72541098	2.0541611e-32	0	-316.87365
372900	-0.85721266	1.0011315e-32	0	-319.99509
373000	-0.90600007	2.5197338e-32	0	-315.98645
373100	-0.86610542	4.0251082e-33	0	-323.95222
373200	-0.74053994	1.0926482e-32	0	-319.6152
373300	-0.5407869	5.8960616e-33	0	-322.29438
373400	-0.28575689	5.0999695e-33	0	-322.92432
373500	-3.0831981e-13	1.0216382e-33	0	-329.90703
373600	0.28865636	1.7822877e-33	0	-327.49022
373700	0.55181693	3.9108484e-32	0	-314.07729
373800	0.7633115	2.4651519e-32	0	-316.08156
373900	0.90179653	9.2060976e-32	0	-310.35924
374000	0.95290711	6.323346e-32	0	-311.99053
374100	0.91074228	1.9753359e-32	0	-317.04359
374200	0.77853061	5.3531718e-32	0	-312.71389
374300	0.56840239	1.0344963e-33	0	-329.85271
374400	0.30028181	5.425579e-34	0	-332.65554
374500	2.2343704e-13	1.0900741e-32	0	-319.62544
374600	-0.30319277	2.3250916e-33	0	-326.3356
374700	-0.57947613	3.4487601e-33	0	-324.62337
374800	-0.80139239	2.5542291e-32	0	-315.9274
374900	-0.9465748	1.7565413e-32	0	-317.55342
375000	-1	8.8474423e-33	0	-320.53182
375100	-0.95553824	4.4646559e-32	0	-313.50212
375200	-0.8166416	9.7962096e-33	0	-320.08942
375300	-0.59609438	1.1701289e-32	0	-319.31766
375400	-0.31484121	1.0201638e-31	0	-309.9133
375500	-3.6161817e-13	2.0625619e-32	0	-316.85593
375600	0.31775217	4.0409462e-31	0	-303.93517
375700	0.60716811	2.1722466e-31	0	-306.63091
375800	0.83950337	1.4599181e-31	0	-308.35672
375900	0.99137076	1.4265341e-31	0	-308.45718
376000	1.0470929	2.5925984e-32	0	-315.86265
376100	1.0003165	6.6086279e-32	0	-311.79889
376200	0.85472249	1.1149431e-32	0	-319.52747
376300	0.62375357	1.5373739e-31	0	-308.13221
376400	0.32937763	5.2043116e-31	0	-302.83637
376500	2.6806175e-13	2.2749903e-31	0	-306.4302
376600	-0.3322771	2.6229508e-30	0	-295.8121
376700	-0.6347836	2.170023e-30	0	-296.63536
376800	-0.87749404	3.5101243e-31	0	-304.54678
376900	-1.0360076	6.4918488e-31	0	-301.87632
377000	-1.0939999	2.1679073e-31	0	-306.63959
377100	-1.0449004	5.8331843e-32	0	-312.34094
377200	-0.89262301	1.9680348e-32	0	-317.05967
377300	-0.65127081	7.7365198e-33	0	-321.11454
377400	-0.34383369	1.511322e-31	0	-308.20643
377500	-1.647863e-13	1.2290363e-31	0	-309.10435
377600	0.34671023	3.5650693e-31	0	-304.47932
377700	0.66221361	2.4152499e-31	0	-306.17038
377800	0.91521447	6.666121e-32	0	-311.76127
377900	1.0803092	1.18208e-31	0	-309.27353
378000	1.140536	1.2633238e-32	0	-318.98485
378100	1.0891139	1.6604599e-32	0	-317.79772
378200	0.93019357	2.7876151e-32	0	-315.54767
378300	0.67853751	9.7219757e-35	0	-340.12245
378400	0.35815234	1.1739268e-33	0	-329.30359
378500	3.1644327e-13	3.7447636e-32	0	-314.26576
378600	-0.3609946	1.6290482e-32	0	-317.88066
378700	-0.68934988	2.1828523e-32	0	-316.60976
378800	-0.95251578	1.7960693e-32	0	-317.45677
378900	-1.1241007	6.3773789e-33	0	-321.95358
379000	-1.1865174	1.1681715e-32	0	-319.32493
379100	-1.1327825	4.7379167e-33	0	-323.24413
379200	-0.9672859	1.0230617e-32	0	-319.90098
379300	-0.70544604	6.1974483e-33	0	-322.07787
379400	-0.37227708	3.2855963e-32	0	-314.83386
379500	-2.0441529e-13	1.1974181e-31	0	-309.21754
379600	0.37507384	8.017282e-32	0	-310.95973
379700	0.71608533	4.5441029e-32	0	-313.42552
379800	0.98925076	3.996504e-32	0	-313.9832
379900	1.1672093	3.8774384e-32	0	-314.11455
380000	1.2317627	3.3568218e-32	0	-314.74072
380100	1.175734	3.6568851e-34	0	-334.36889
380200	1.0037536	1.4506218e-32	0	-318.38446
380300	0.73189022	5.3373883e-33	0	-322.72671
380400	0.38615217	2.735438e-33	0	-325.62973
380500	3.68079e-13	2.8311201e-32	0	-315.48042
380600	-0.38889238	5.7218189e-32	0	-312.42466
380700	-0.74231443	1.2125136e-32	0	-319.16313
380800	-1.0252744	5.7017454e-33	0	-322.43992
380900	-1.2094648	1.9346753e-32	0	-317.13392
381000	-1.2760934	7.8895019e-33	0	-321.0295
381100	-1.2177988	6.6580167e-33	0	-321.76655
381200	-1.0394528	1.5492131e-32	0	-318.09889
381300	-0.75776569	9.2710388e-33	0	-320.32872
381400	-0.39972283	3.5056914e-33	0	-324.55226
381500	-2.4737901e-13	3.6696313e-32	0	-314.35378
381600	0.4023957	2.7032384e-32	0	-315.68116
381700	0.76793368	3.4941276e-33	0	-324.56661
381800	1.0604447	1.3938277e-32	0	-318.55791
381900	1.2507005	3.7701339e-33	0	-324.23643
382000	1.3193345	7.1175373e-33	0	-321.4767
382100	1.2588108	1.9996489e-32	0	-316.99046
382200	1.0742426	9.3523216e-33	0	-320.29081
382300	0.78297032	1.2765802e-32	0	-318.93952
382400	0.41293552	3.7091116e-32	0	-314.3073
382500	4.2235261e-13	5.6956091e-32	0	-312.4446
382600	-0.41553048	5.3912988e-32	0	-312.68307
382700	-0.79284196	1.6198878e-32	0	-317.90515
382800	-1.0946226	3.7260254e-33	0	-324.28754
382900	-1.2907536	5.1881793e-33	0	-322.84985
383000	-1.3613153	1.6876737e-32	0	-317.72712
383100	-1.2986083	1.7690916e-32	0	-317.5225
383200	-1.1079856	2.59985e-33	0	-325.85052
383300	-0.80740465	4.906497e-33	0	-323.09228
383400	-0.42573809	1.0352621e-32	0	-319.8495
383500	-2.931675e-13	1.6101447e-32	0	-317.93135
383600	0.42824491	9.4076102e-33	0	-320.26521
383700	0.81694098	8.9133458e-34	0	-330.49959
383800	1.1276734	1.3911628e-33	0	-328.56622
383900	1.3294661	5.1394948e-33	0	-322.8908
384000	1.4018701	4.9679327e-33	0	-323.03824
384100	1.3370342	1.7538141e-32	0	-317.56016
384200	1.1405487	2.2998378e-32	0	-316.38303
384300	0.83097223	5.4468006e-32	0	-312.63859
384400	0.43808002	7.4825892e-32	0	-311.25948
384500	4.7854605e-13	5.0716592e-31	0	-302.9485
384600	-0.4404888	2.0896057e-31	0	-306.79936
384700	-0.84013562	3.9548595e-33	0	-324.02869
384800	-1.1594666	2.2502357e-33	0	-326.47772
384900	-1.3666852	1.2807277e-32	0	-318.92543
385000	-1.4408389	3.2363305e-33	0	-324.89947
385100	-1.3739368	3.2909322e-32	0	-314.82681
385200	-1.1718035	5.3067934e-32	0	-312.75168
385300	-0.85358007	6.6295174e-32	0	-311.78518
385400	-0.44991259	1.4954439e-31	0	-308.2523
385500	-3.4116757e-13	2.4476409e-30	0	-296.11252
385600	0.45221383	1.910716e-30	0	-297.18804
385700	0.86233436	1.9322201e-31	0	-307.13943
385800	1.1898767	5.6831966e-32	0	-312.45407
385900	1.402264	6.3007888e-32	0	-312.00605
386000	1.478068	9.6308284e-33	0	-320.16336
386100	1.4091704	3.2644374e-32	0	-314.86192
386200	1.2016264	1.5778504e-32	0	-318.01934
386300	0.87513894	2.9402067e-33	0	-325.31622
386400	0.46118911	1.7966015e-32	0	-317.45548
386500	5.3585402e-13	2.442972e-31	0	-306.12082
386600	-0.46337373	3.5853433e-31	0	-304.45469
386700	-0.88344957	6.2798636e-32	0	-312.0205
386800	-1.2187838	3.7993282e-32	0	-314.20293
386900	-1.4360621	3.0698392e-32	0	-315.12884
387000	-1.5134103	1.6908818e-32	0	-317.71887
387100	-1.4425961	2.2754263e-32	0	-316.42937
387200	-1.2299	3.5985652e-32	0	-314.43871
387300	-0.89556376	2.9821784e-32	0	-315.25466
387400	-0.47186508	2.2061526e-32	0	-316.56364
387500	-3.9067615e-13	1.7408481e-32	0	-317.59239
387600	0.47392446	4.8784751e-33	0	-323.11716
387700	0.90339793	6.2170363e-33	0	-322.06417
387800	1.2460737	4.444517e-33	0	-323.52175
387900	1.4679461	1.1603197e-32	0	-319.35422
388000	1.5467265	1.8905545e-32	0	-317.23411
388100	1.474082	5.900152e-33	0	-322.29137
388200	1.2565125	1.0778302e-31	0	-309.6745
388300	0.91477391	1.7060717e-31	0	-307.68003
388400	0.48189836	1.1997883e-31	0	-309.20895
388500	2.3811048e-13	7.3182682e-32	0	-311.35592
388600	-0.48382437	6.3472135e-33	0	-321.97417
388700	-0.92210071	5.3952183e-33	0	-322.67991
388800	-1.2716387	1.0121978e-34	0	-339.94735
388900	-1.4977901	6.9397719e-33	0	-321.58655
389000	-1.5778849	2.5068473e-33	0	-326.00872
389100	-1.5035037	5.9640777e-33	0	-322.24457
389200	-1.2813589	1.979977e-32	0	-317.0334
389300	-0.93269359	3.0814626e-32	0	-315.11243
389400	-0.49124936	3.9525161e-32	0	-314.03126
389500	-4.4091585e-13	2.9909348e-32	0	-315.24193
389600	0.49303439	2.5124979e-33	0	-325.99894
389700	0.93948411	7.8383663e-33	0	-321.05774
389800	1.295378	1.3355499e-32	0	-318.7434
389900	1.5254765	4.8877567e-33	0	-323.1089
390000	1.6067627	1.5303853e-33	0	-328.15199
390100	1.5307451	1.18671e-33	0	-329.25655
390200	1.3043412	4.3718138e-34	0	-333.59338
390300	0.94925207	3.7169546e-33	0	-324.29813
390400	0.49988117	2.6049428e-32	0	-315.84202
390500	2.8184294e-13	1.8519233e-33	0	-327.32377
390600	-0.50151818	9.2384e-33	0	-320.34403
390700	-0.9554795	1.0352932e-32	0	-319.84937
390800	-1.3171978	2.2809361e-32	0	-316.41887
390900	-1.5508959	2.1405695e-32	0	-316.69471
391000	-1.6332459	7.5338107e-33	0	-321.22985
391100	-1.5556987	2.9272042e-32	0	-315.33547
391200	-1.3253687	2.0400912e-32	0	-316.9035
391300	-0.96438401	3.8568636e-32	0	-314.13766
391400	-0.50775973	1.7130049e-32	0	-317.66241
391500	-4.9105256e-13	4.6955128e-33	0	-323.28317
391600	0.50924226	7.7084583e-33	0	-321.13032
391700	0.97002378	6.0258072e-33	0	-322.19985
391800	1.3370121	2.8190849e-32	0	-315.49892
391900	1.573948	7.5552395e-33	0	-321.21752
392000	1.65723	3.823566e-33	0	-324.17531
392100	1.5782661	9.4005629e-33	0	-320.26846
392200	1.3443584	7.6336072e-33	0	-321.1727
392300	0.97802968	2.8815491e-32	0	-315.40374
392400	0.51485394	1.9796086e-32	0	-317.03421
392500	3.2615218e-13	5.6630872e-33	0	-322.46947
392600	-0.51617614	5.1068444e-33	0	-322.91847
392700	-0.98305954	2.7747997e-32	0	-315.56768
392800	-1.3547426	4.3119198e-32	0	-313.65329
392900	-1.5945418	3.3634234e-32	0	-314.73218
393000	-1.6786203	1.6149933e-32	0	-317.91829
393100	-1.5983582	4.3268449e-33	0	-323.63829
393200	-1.3612354	1.0876666e-32	0	-319.63504
393300	-0.99013524	5.8322538e-33	0	-322.34164
393400	-0.5211358	2.2791728e-32	0	-316.42223
393500	-5.4021459e-13	3.4239184e-32	0	-314.65477
393600	0.52229245	1.541227e-32	0	-318.12133
393700	0.99453532	1.1789714e-31	0	-309.28497
393800	1.3703194	1.3662238e-31	0	-308.64478
393900	1.6125961	1.6785653e-31	0	-307.75062
394000	1.6973324	9.4756009e-32	0	-310.23393
394100	1.6158957	1.125499e-32	0	-319.48655
394200	1.375933	1.0383803e-32	0	-319.83644
394300	1.0006529	6.4751025e-33	0	-321.88753
394400	0.52658053	1.6447976e-32	0	-317.83888
394500	3.7024129e-13	1.7086115e-32	0	-317.67357
394600	-0.52756707	2.7436052e-33	0	-325.61678
394700	-1.0044059	4.9887523e-32	0	-313.02008
394800	-1.383681	2.4927353e-32	0	-316.03324
394900	-1.6280396	1.4255816e-32	0	-318.46008
395000	-1.7132924	8.1467532e-33	0	-320.89015
395100	-1.6308094	1.3564967e-33	0	-328.67581
395200	-1.3883932	3.1581171e-33	0	-325.00572
395300	-1.0095412	3.2256671e-33	0	-324.9138
395400	-0.53116664	1.6627011e-32	0	-317.79186
395500	-5.8751312e-13	2.7280167e-32	0	-315.64153
395600	0.53197917	6.7644462e-32	0	-311.69768
395700	1.0126322	1.7290445e-31	0	-307.62194
395800	1.3947746	8.2928266e-33	0	-320.81297
395900	1.6408113	2.7487015e-32	0	-315.60872
396000	1.7264374	2.1686126e-32	0	-316.63818
396100	1.6430404	2.927377e-32	0	-315.33521
396200	1.3985669	1.0017185e-32	0	-319.99254
396300	1.016765	2.2980176e-32	0	-316.38647
396400	0.53487602	7.2088927e-32	0	-311.42131
396500	4.1328781e-13	1.3667784e-31	0	-308.64302
396600	-0.53551134	4.5682499e-31	0	-303.4025
396700	-1.0191818	1.2778525e-30	0	-298.93519
396800	-1.4035565	3.6686101e-32	0	-314.35498
396900	-1.6508609	3.7708129e-32	0	-314.23565
397000	-1.7367154	3.6432957e-32	0	-314.38506
397100	-1.6525405	4.3101507e-32	0	-313.65508
397200	-1.406414	6.0210713e-32	0	-312.20326
397300	-1.0222958	1.5311717e-32	0	-318.14976
397400	-0.53769404	2.8132156e-32	0	-315.50797
397500	-6.320633e-13	2.6833623e-32	0	-315.71321
397600	0.53814964	9.5915901e-32	0	-310.18109
397700	1.0240289	1.8366913e-31	0	-307.35964
397800	1.4099921	6.6796441e-33	0	-321.75247
397900	1.6581487	2.8168744e-33	0	-325.50233
398000	1.744086	4.0606846e-33	0	-323.91401
398100	1.6592721	5.1744608e-33	0	-322.86135
398200	1.4119033	4.1708879e-33	0	-323.79771
398300	1.0261118	1.0226039e-34	0	-339.90293
398400	0.53960957	6.2675776e-34	0	-332.029
398500	4.5446407e-13	3.6365776e-33	0	-324.39307
398600	-0.53988365	1.3089642e-32	0	-318.83072
398700	-1.0271544	4.3806051e-33	0	-323.58466
398800	-1.4140559	1.9866183e-32	0	-317.01886
398900	-1.6626459	6.4330929e-33	0	-321.9158
399000	-1.74852	1.6989029e-33	0	-327.69831
399100	-1.6632087	1.0390168e-33	0	-329.83377
399200	-1.4150134	1.5925118e-32	0	-317.97917
399300	-1.0281979	3.6778041e-33	0	-324.34411
399400	-0.54061507	4.4401002e-33	0	-323.52607
399500	-2.75186e-13	2.6293676e-32	0	-315.80149
399600	0.54070655	3.2937369e-32	0	-314.82311
399700	1.0285459	3.2473667e-32	0	-314.88469
399800	1.4157318	4.9931238e-32	0	-313.01628
399900	1.6643348	3.4201042e-32	0	-314.65961
400000	1.75	1.5696072e-32	0	-318.04209
400100	1.6643348	2.0676684e-32	0	-316.84519
400200	1.4157318	1.1701036e-32	0	-319.31776
400300	1.0285459	4.1383543e-34	0	-333.83172
400400	0.54070655	3.9638556e-33	0	-324.01882
400500	4.9295797e-13	7.2693399e-33	0	-321.38505
400600	-0.54061507	1.7968495e-32	0	-317.45488
400700	-1.0281979	1.3738213e-32	0	-318.6207
400800	-1.4150134	8.8312751e-33	0	-320.53977
400900	-1.6632087	9.7882847e-33	0	-320.09293
401000	-1.74852	9.0124342e-33	0	-320.45158
401100	-1.6626459	2.6308493e-33	0	-325.79904
401200	-1.4140559	4.8349648e-33	0	-323.15607
401300	-1.0271544	4.9964235e-33	0	-323.01341
401400	-0.53988365	6.8003851e-34	0	-331.67466
401500	-3.1238105e-13	9.0291395e-33	0	-320.44354
401600	0.53960957	3.2060487e-32	0	-314.9403
401700	1.0261118	9.9715086e-33	0	-320.01239
401800	1.4119033	5.0627907e-33	0	-322.9561
401900	1.6592721	5.5895242e-33	0	-322.52625
402000	1.744086	4.2363152e-33	0	-323.73012
402100	1.6581487	1.5753006e-33	0	-328.02637
402200	1.4099921	1.198145e-32	0	-319.21491
402300	1.0240289	9.0039172e-33	0	-320.45569
402400	0.53814964	3.7742536e-32	0	-314.23169
402500	5.2799366e-13	5.281702e-32	0	-312.77226
402600	-0.53769404	6.1997549e-32	0	-312.07625
402700	-1.0222958	1.1329972e-31	0	-309.45771
402800	-1.406414	5.1931019e-32	0	-312.84573
402900	-1.6525405	6.6301048e-32	0	-311.7848
403000	-1.7367154	4.785098e-33	0	-323.20109
403100	-1.6508609	6.3601668e-33	0	-321.96531
403200	-1.4035565	8.3149761e-33	0	-320.80139
403300	-1.0191818	1.5174788e-33	0	-328.18877
403400	-0.53551134	7.135106e-33	0	-321.466
403500	-3.4708865e-13	3.9526853e-32	0	-314.03108
403600	0.53487602	1.0067068e-32	0	-319.97097
403700	1.016765	1.1116438e-32	0	-319.54034
403800	1.3985669	1.7815765e-32	0	-317.49196
403900	1.6430404	7.8684658e-33	0	-321.0411
404000	1.7264374	8.4581715e-34	0	-330.72724
404100	1.6408113	1.1841651e-32	0	-319.26588
404200	1.3947746	1.4644156e-33	0	-328.34336
404300	1.0126322	1.1040833e-32	0	-319.56998
404400	0.53197917	1.3908751e-32	0	-318.56712
404500	5.5885187e-13	6.9841544e-32	0	-311.55886
404600	-0.53116664	1.2025794e-31	0	-309.19886
404700	-1.0095412	6.4675532e-32	0	-311.8926
404800	-1.3883932	1.018319e-31	0	-309.92116
404900	-1.6308094	8.7703191e-33	0	-320.56985
405000	-1.7132924	3.9650884e-34	0	-334.01747
405100	-1.6280396	1.8018797e-32	0	-317.44274
405200	-1.383681	1.0319894e-31	0	-309.86325
405300	-1.0044059	1.1875486e-31	0	-309.25349
405400	-0.52756707	7.6007138e-32	0	-311.19146
405500	-3.7859873e-13	6.3064421e-31	0	-302.00216
405600	0.52658053	9.6233779e-31	0	-300.16672
405700	1.0006529	2.1489402e-31	0	-306.67776
405800	1.375933	3.7395693e-31	0	-304.27178
405900	1.6158957	4.3505492e-32	0	-313.61456
406000	1.6973324	2.4808261e-33	0	-326.05404
406100	1.6125961	4.5024324e-32	0	-313.46553
406200	1.3703194	6.0352471e-33	0	-322.19305
406300	0.99453532	4.584402e-32	0	-313.38717
406400	0.52229245	7.0231194e-32	0	-311.5347
406500	5.8488918e-13	6.0845485e-32	0	-312.15772
406600	-0.5211358	1.4322714e-31	0	-308.43975
406700	-0.99013524	6.2168027e-32	0	-312.06433
406800	-1.3612354	9.6068862e-32	0	-310.17417
406900	-1.5983582	9.7713007e-33	0	-320.10048
407000	-1.6786203	1.9708751e-32	0	-317.05341
407100	-1.5945418	3.0842062e-32	0	-315.10857
407200	-1.3547426	1.1796871e-32	0	-319.28233
407300	-0.98305954	2.106415e-32	0	-316.76456
407400	-0.51617614	1.7338478e-32	0	-317.60989
407500	-4.0626553e-13	1.3356419e-33	0	-328.7431
407600	0.51485394	1.4898042e-32	0	-318.26871
407700	0.97802968	1.6896616e-32	0	-317.722
407800	1.3443584	6.4221298e-33	0	-321.92321
407900	1.5782661	3.5991567e-33	0	-324.43799
408000	1.65723	6.6028064e-32	0	-311.80271
408100	1.573948	1.538563e-32	0	-318.12885
408200	1.3370121	5.8733902e-32	0	-312.31111
408300	0.97002378	4.6687833e-32	0	-313.30796
408400	0.50924226	8.615264e-33	0	-320.64731
408500	6.0555607e-13	7.2585331e-33	0	-321.39151
408600	-0.50775973	2.3382043e-32	0	-316.31118
408700	-0.96438401	3.3291576e-33	0	-324.77666
408800	-1.3253687	5.1993169e-33	0	-322.84054
408900	-1.5556987	2.219028e-33	0	-326.53837
409000	-1.6332459	1.5119003e-32	0	-318.20477
409100	-1.5508959	6.6409698e-33	0	-321.77768
409200	-1.3171978	1.9911378e-32	0	-317.00899
409300	-0.9554795	3.7807726e-33	0	-324.22419
409400	-0.50151818	3.7275603e-33	0	-324.28575
409500	-4.295256e-13	3.9796552e-34	0	-334.00155
409600	0.49988117	9.7244836e-33	0	-320.12133
409700	0.94925207	6.5121585e-33	0	-321.86275
409800	1.3043412	3.5914151e-33	0	-324.44734
409900	1.5307451	7.9597145e-33	0	-320.99103
410000	1.6067627	3.2682183e-32	0	-314.85689
410100	1.5254765	7.3376119e-33	0	-321.34445
410200	1.295378	4.0290695e-32	0	-313.94795
410300	0.93948411	8.306512e-33	0	-320.80581
410400	0.49303439	4.4454866e-33	0	-323.52081
410500	6.2041307e-13	1.3289843e-32	0	-318.7648
410600	-0.49124936	5.2317064e-34	0	-332.81357
410700	-0.93269359	1.4037271e-32	0	-318.52717
410800	-1.2813589	8.9141621e-33	0	-320.49919
410900	-1.5035037	4.8876284e-32	0	-313.10902
411000	-1.5778849	1.1991149e-31	0	-309.21139
411100	-1.4977901	5.2206679e-32	0	-312.82274
411200	-1.2716387	1.4306765e-31	0	-308.44459
411300	-0.92210071	2.6201524e-32	0	-315.81673
411400	-0.48382437	7.7476504e-33	0	-321.1083
411500	-4.47914e-13	1.3893847e-32	0	-318.57177
411600	0.48189836	8.2648828e-34	0	-330.82763
411700	0.91477391	2.3508431e-32	0	-316.28776
411800	1.2565125	1.7950275e-32	0	-317.45929
411900	1.474082	1.6439803e-32	0	-317.84103
412000	1.5467265	6.239092e-32	0	-312.04879
412100	1.4679461	2.7397273e-32	0	-315.62293
412200	1.2460737	2.8493997e-32	0	-315.45247
412300	0.90339793	3.6624914e-32	0	-314.36223
412400	0.47392446	3.9332447e-33	0	-324.05249
412500	2.8118812e-13	4.1153716e-32	0	-313.85591
412600	-0.47186508	2.3687179e-32	0	-316.25487
412700	-0.89556376	7.4668282e-32	0	-311.26864
412800	-1.2299	6.5156568e-31	0	-301.86042
412900	-1.4425961	1.2305463e-30	0	-299.09902
413000	-1.5134103	7.0681064e-31	0	-301.50697
413100	-1.4360621	6.9491248e-32	0	-311.5807
413200	-1.2187838	8.6992049e-32	0	-310.6052
413300	-0.88344957	1.3896559e-31	0	-308.57093
413400	-0.46337373	6.4591206e-32	0	-311.89827
413500	-4.6107852e-13	2.7763513e-31	0	-305.56526
413600	0.46118911	4.2472663e-32	0	-313.71891
413700	0.87513894	6.2226147e-31	0	-302.06027
413800	1.2016264	4.3487561e-30	0	-293.61635
413900	1.4091704	7.2866362e-30	0	-291.37473
414000	1.478068	4.3827427e-30	0	-293.58254
414100	1.402264	6.3397092e-31	0	-301.97931
414200	1.1898767	6.5248393e-32	0	-311.8543
414300	0.86233436	5.2283602e-31	0	-302.81635
414400	0.45221383	1.3811935e-31	0	-308.59745
414500	2.9967916e-13	1.0420297e-31	0	-309.8212
414600	-0.44991259	1.8699345e-31	0	-307.28174
414700	-0.85358007	3.407325e-32	0	-314.67586
414800	-1.1718035	6.4128884e-31	0	-301.92946
414900	-1.3739368	1.3425631e-30	0	-298.72065
415000	-1.4408389	9.0440353e-31	0	-300.43638
415100	-1.3666852	1.4968523e-31	0	-308.24821
415200	-1.1594666	8.9281143e-32	0	-310.4924
415300	-0.84013562	1.8774116e-31	0	-307.26441
415400	-0.4404888	9.1345295e-32	0	-310.39314
415500	-4.6879166e-13	6.8145319e-32	0	-311.66564
415600	0.43808002	1.391582e-31	0	-308.56491
415700	0.83097223	5.4774865e-32	0	-312.61419
415800	1.1405487	6.9069989e-32	0	-311.60711
415900	1.3370342	4.4339428e-32	0	-313.5321
416000	1.4018701	1.1464151e-31	0	-309.40658
416100	1.3294661	4.7299203e-32	0	-313.25146
416200	1.1276734	3.9885276e-32	0	-313.99187
416300	0.81694098	1.3869073e-31	0	-308.57953
416400	0.42824491	2.260594e-32	0	-316.45777
416500	3.1347896e-13	2.7951098e-32	0	-315.53601
416600	-0.42573809	2.4450203e-31	0	-306.11718
416700	-0.80740465	3.1571467e-32	0	-315.00705
416800	-1.1079856	2.2409791e-31	0	-306.49562
416900	-1.2986083	2.1323621e-32	0	-316.71139
417000	-1.3613153	1.0089067e-31	0	-309.96149
417100	-1.2907536	3.0984579e-32	0	-315.08854
417200	-1.0946226	4.671438e-32	0	-313.30549
417300	-0.79284196	9.921735e-32	0	-310.03412
417400	-0.41553048	4.3043286e-32	0	-313.66095
417500	-4.709598e-13	4.9938754e-32	0	-313.01562
417600	0.41293552	1.0848242e-31	0	-309.64641
417700	0.78297032	4.2875881e-32	0	-313.67787
417800	1.0742426	1.4187606e-31	0	-308.48091
417900	1.2588108	4.799841e-32	0	-313.18773
418000	1.3193345	1.0255376e-31	0	-309.89048
418100	1.2507005	5.5188415e-32	0	-312.58152
418200	1.0604447	6.6676036e-32	0	-311.7603
418300	0.76793368	1.1149368e-31	0	-309.5275
418400	0.4023957	8.7549091e-32	0	-310.57748
418500	3.224238e-13	9.5531401e-32	0	-310.19854
418600	-0.39972283	1.4586712e-31	0	-308.36043
418700	-0.75776569	6.4727037e-32	0	-311.88914
418800	-1.0394528	1.6543655e-31	0	-307.81369
418900	-1.2177988	1.9491366e-31	0	-307.10158
419000	-1.2760934	1.5705792e-31	0	-308.0394
419100	-1.2094648	6.2339417e-32	0	-312.05237
419200	-1.0252744	1.7787513e-31	0	-307.49885
419300	-0.74231443	1.057588e-31	0	-309.75684
419400	-0.38889238	1.5469254e-31	0	-308.10531
419500	-4.6762966e-13	2.4816635e-31	0	-306.05257
419600	0.38615217	1.8778637e-31	0	-307.26336
419700	0.73189022	6.1855391e-32	0	-312.08622
419800	1.0037536	3.6574448e-31	0	-304.36822
419900	1.175734	3.4221912e-31	0	-304.65696
420000	1.2317627	3.4987517e-31	0	-304.56087
420100	1.1672093	1.1878356e-31	0	-309.25244
420200	0.98925076	2.4576065e-31	0	-306.09488
420300	0.71608533	2.6570383e-31	0	-305.75602
420400	0.37507384	2.2182619e-31	0	-306.53987
420500	3.2648154e-13	3.2833719e-31	0	-304.8368
420600	-0.37227708	3.6921798e-31	0	-304.32717
420700	-0.70544604	1.9241902e-31	0	-307.15752
420800	-0.9672859	5.1848534e-31	0	-302.85264
420900	-1.1327825	5.2278182e-31	0	-302.8168
421000	-1.1865174	4.8432702e-31	0	-303.14861
421100	-1.1241007	6.2714711e-31	0	-302.02631
421200	-0.95251578	6.0179421e-31	0	-302.20552
421300	-0.68934988	9.4992404e-31	0	-300.22311
421400	-0.3609946	1.5469034e-30	0	-298.10537
421500	-4.5899162e-13	1.045146e-30	0	-299.80823
421600	0.35815234	5.8256182e-30	0	-292.34658
421700	0.67853751	1.9675089e-29	0	-287.06083
421800	0.93019357	2.3258995e-29	0	-286.33409
421900	1.0891139	1.0840345e-29	0	-289.64957
422000	1.140536	2.3471812e-30	0	-296.29453
422100	1.0803092	2.7391246e-30	0	-295.62388
422200	0.91521447	6.5549813e-31	0	-301.83429
422300	0.66221361	4.5168658e-30	0	-293.45163
422400	0.34671023	6.286614e-30	0	-292.01583
422500	3.2575579e-13	1.0881132e-31	0	-309.63326
422600	-0.34383369	3.5378914e-29	0	-284.51256
422700	-0.65127081	1.2497059e-28	0	-279.03192
422800	-0.89262301	1.5752585e-28	0	-278.02648
422900	-1.0449004	8.5297682e-29	0	-280.69063
423000	-1.0939999	1.1127692e-29	0	-289.53595
423100	-1.0360076	1.671482e-30	0	-297.76898
423200	-0.87749404	7.2992906e-30	0	-291.36719
423300	-0.6347836	1.6677895e-30	0	-297.77859
423400	-0.3322771	1.3355973e-30	0	-298.74324
423500	-2.0195794e-13	2.1928628e-30	0	-296.58989
423600	0.32937763	4.2191735e-30	0	-293.74773
423700	0.62375357	1.6826741e-29	0	-287.74
423800	0.85472249	2.4159858e-29	0	-286.16906
423900	1.0003165	1.3311749e-29	0	-288.75765
424000	1.0470929	2.3620528e-30	0	-296.2671
424100	0.99137076	8.812108e-31	0	-300.5492
424200	0.83950337	1.4020601e-30	0	-298.53233
424300	0.60716811	6.7840624e-31	0	-301.6851
424400	0.31775217	6.8961102e-31	0	-301.61396
424500	3.20487e-13	5.7711592e-31	0	-302.38737
424600	-0.31484121	2.7192422e-31	0	-305.65552
424700	-0.59609438	3.3148529e-31	0	-304.79536
424800	-0.8166416	2.8148771e-31	0	-305.50541
424900	-0.95553824	3.0492408e-31	0	-305.15808
425000	-1	1.9820583e-31	0	-307.02884
425100	-0.9465748	1.1746854e-31	0	-309.30078
425200	-0.80139239	2.2826839e-31	0	-306.41554
425300	-0.57947613	2.1928243e-31	0	-306.58996
425400	-0.30319277	3.5627617e-31	0	-304.48213
425500	-2.0525247e-13	2.7402774e-31	0	-305.62205
425600	0.30028181	7.3784007e-32	0	-311.32038
425700	0.56840239	6.9749261e-32	0	-311.5646
425800	0.77853061	1.0534669e-31	0	-309.77379
425900	0.91074228	9.7790875e-32	0	-310.09702
426000	0.95290711	3.8829215e-32	0	-314.10841
426100	0.90179653	4.2541599e-32	0	-313.71186
426200	0.7633115	7.6758267e-32	0	-311.14875
426300	0.55181693	6.9845566e-32	0	-311.55861
426400	0.28865636	1.4819444e-31	0	-308.29168
426500	3.1105037e-13	7.6943293e-32	0	-311.13829
426600	-0.28575689	1.0356561e-32	0	-319.84784
426700	-0.5407869	4.3239809e-32	0	-313.64116
426800	-0.74053994	2.861244e-32	0	-315.43445
426900	-0.86610542	5.770849e-32	0	-312.3876
427000	-0.90600007	2.4737455e-32	0	-316.06645
427100	-0.85721266	1.519058e-32	0	-318.18426
427200	-0.72541098	4.4022484e-32	0	-313.56325
427300	-0.52429969	6.706229e-32	0	-311.73522
427400	-0.2742003	4.9618127e-32	0	-313.0436
427500	-2.0457358e-13	7.2414165e-32	0	-311.40176
427600	0.27132376	3.6054975e-32	0	-314.43035
427700	0.5133569	1.9986315e-32	0	-316.99267
427800	0.70281952	1.8507166e-32	0	-317.3266
427900	0.82180382	3.5959581e-32	0	-314.44185
428000	0.85946401	8.5253155e-33	0	-320.6929
428100	0.81299915	1.9702266e-32	0	-317.05484
428200	0.68784042	2.9990849e-32	0	-315.23011
428300	0.497033	1.3037201e-31	0	-308.84816
428400	0.25988164	1.281062e-31	0	-308.9243
428500	2.9795075e-13	4.6431039e-32	0	-313.33192
428600	-0.25703939	4.5894489e-32	0	-313.38239
428700	-0.48622062	1.9224116e-32	0	-317.16154
428800	-0.66551821	8.2463668e-33	0	-320.83737
428900	-0.77801233	3.7319904e-32	0	-314.28059
429000	-0.81348258	2.0670793e-32	0	-316.84643
429100	-0.7693305	4.6925893e-33	0	-323.28587
429200	-0.65074809	1.5649642e-32	0	-318.05496
429300	-0.47012446	6.1092876e-32	0	-312.14009
429400	-0.2457569	1.7168958e-32	0	-317.65256
429500	-2.0031994e-13	3.7104581e-32	0	-314.30572
429600	0.24296015	4.9737468e-32	0	-313.03316
429700	0.45948518	4.9732292e-33	0	-323.03362
429800	0.62878323	1.659703e-32	0	-317.7997
429900	0.73490377	1.2353402e-31	0	-309.08213
430000	0.76823725	1.4280934e-31	0	-308.45243
430100	0.72637903	1.2711902e-32	0	-318.95789
430200	0.61428037	1.4179632e-31	0	-308.48335
430300	0.44368028	1.2744856e-31	0	-308.94665
430400	0.23188182	8.4886448e-33	0	-320.71162
430500	2.8181439e-13	2.3629715e-33	0	-326.26542
430600	-0.2291416	1.3899469e-31	0	-308.57002
430700	-0.43325607	5.3400329e-32	0	-312.72456
430800	-0.59275954	1.5138716e-33	0	-328.19911
430900	-0.69264826	5.0181124e-31	0	-302.9946
431000	-0.72390659	1.3709616e-30	0	-298.62975
431100	-0.68431426	7.6965199e-33	0	-321.13706
431200	-0.57858119	1.2881441e-30	0	-298.90036
431300	-0.41780481	3.9476722e-31	0	-304.03659
431400	-0.21831116	9.1456091e-33	0	-320.38787
431500	-1.9300969e-13	4.2391702e-32	0	-313.72719
431600	0.21563829	1.6338779e-31	0	-307.8678
431700	0.40763683	6.2101882e-33	0	-322.06895
431800	0.55758933	3.9395881e-32	0	-314.04549
431900	0.65141256	2.0689615e-31	0	-306.84248
432000	0.68066553	2.0270267e-31	0	-306.93141
432100	0.6433022	1.8110012e-32	0	-317.42081
432200	0.54379143	8.4094736e-32	0	-310.75231
432300	0.39260018	4.40122e-32	0	-313.56427
432400	0.20509847	2.24395e-32	0	-316.48987
432500	2.6337784e-13	1.1508075e-33	0	-329.38997
432600	-0.2025035	8.7842082e-33	0	-320.56297
432700	-0.38272854	5.4779336e-33	0	-322.61383
432800	-0.52341138	5.1264346e-33	0	-322.90185
432900	-0.61135943	1.0528713e-32	0	-319.77625
433000	-0.63868474	3.8085701e-32	0	-314.19238
433100	-0.60350471	7.4568562e-33	0	-321.27444
433200	-0.5100484	3.7789438e-33	0	-324.2263
433300	-0.36816586	2.2412515e-33	0	-326.49509
433400	-0.1922959	2.0558587e-32	0	-316.87007
433500	-1.8327059e-13	3.4353345e-34	0	-334.64031
433600	0.18978908	1.1658845e-33	0	-329.33344
433700	0.35862953	2.4215435e-33	0	-326.15908
433800	0.49036059	2.4302733e-32	0	-316.14345
433900	0.57264693	8.6278999e-32	0	-310.64095
434000	0.5981299	9.2038069e-32	0	-310.36032
434100	0.56507885	3.1886427e-32	0	-314.96394
434200	0.47748526	6.7519271e-33	0	-321.70572
434300	0.34459827	2.6079245e-33	0	-325.83705
434400	0.17995397	1.4995586e-31	0	-308.24037
434500	1.1195258e-13	1.8986429e-33	0	-327.21557
434600	-0.17754519	3.6722119e-33	0	-324.35072
434700	-0.33543488	2.4772998e-32	0	-316.06021
434800	-0.45856739	1.8455934e-33	0	-327.33864
434900	-0.53542783	2.0165194e-32	0	-316.95398
435000	-0.55916106	4.6442397e-32	0	-313.33085
435100	-0.52817626	7.4718701e-33	0	-321.26571
435200	-0.44623053	1.6183735e-33	0	-327.90921
435300	-0.32199043	6.9057402e-33	0	-321.6079
435400	-0.1681214	2.544861e-32	0	-315.94336
435500	-1.7182736e-13	4.8263753e-33	0	-323.16379
435600	0.16582015	1.0725669e-32	0	-319.69576
435700	0.31323615	2.4861547e-32	0	-316.04472
435800	0.42815726	2.2748585e-33	0	-326.43046
435900	0.49984904	7.5634384e-33	0	-321.21281
436000	0.52193201	9.4929372e-33	0	-320.22599
436100	0.49294259	1.0322575e-32	0	-319.86212
436200	0.41640754	3.6500627e-33	0	-324.377
436300	0.30043156	9.9540017e-33	0	-320.02002
436400	0.15684488	4.2933077e-33	0	-323.67208
436500	1.0841603e-13	1.6922415e-33	0	-327.71538
436600	-0.15466026	6.3969536e-34	0	-331.94027
436700	-0.29212093	1.4411425e-31	0	-308.41293
436800	-0.39925021	6.5245906e-33	0	-321.85447
436900	-0.46605095	1.6989429e-32	0	-317.69821
437000	-0.48658967	1.3963065e-32	0	-318.55019
437100	-0.45951688	4.0043743e-32	0	-313.97465
437200	-0.38813401	1.9229163e-32	0	-317.1604
437300	-0.28000675	1.9853874e-32	0	-317.02155
437400	-0.14616891	2.8544888e-33	0	-325.44472
437500	-1.5948663e-13	1.8980294e-33	0	-327.21697
437600	0.14410953	3.4638531e-33	0	-324.60441
437700	0.27217257	2.581199e-32	0	-315.88179
437800	0.37196031	2.7701958e-33	0	-325.5749
437900	0.43416696	3.6162429e-33	0	-324.41742
438000	0.45327353	2.5791662e-33	0	-325.88521
438100	0.42803106	6.9988733e-33	0	-321.54972
438200	0.36152151	4.7765683e-33	0	-323.20884
438300	0.2607966	3.9309735e-33	0	-324.055
438400	0.13613563	6.4980252e-33	0	-321.87219
438500	1.0352145e-13	6.9447265e-33	0	-321.58345
438600	-0.13420962	1.2711898e-32	0	-318.9579
438700	-0.25346979	1.0730669e-32	0	-319.69373
438800	-0.34639528	6.4969369e-32	0	-311.87291
438900	-0.40432289	1.2210226e-31	0	-309.13276
439000	-0.42211507	1.7689627e-32	0	-317.52281
439100	-0.39860938	1.4627432e-31	0	-308.34832
439200	-0.33667507	3.9485831e-32	0	-314.03559
439300	-0.24287692	1.3102704e-32	0	-318.82639
439400	-0.12678463	2.3641802e-32	0	-316.26319
439500	-1.471197e-13	5.1434554e-32	0	-312.88745
439600	0.1249996	9.6936862e-32	0	-310.13511
439700	0.2360864	3.8521417e-32	0	-314.14298
439800	0.32265601	4.4791896e-31	0	-303.48801
439900	0.37663653	9.4813625e-31	0	-300.23129
440000	0.39323725	2.6745078e-32	0	-315.72756
440100	0.37136796	9.3283764e-31	0	-300.30194
440200	0.31369275	1.2705836e-31	0	-308.95997
440300	0.22631843	9.6520439e-33	0	-320.15381
440400	0.11815282	9.3266712e-32	0	-310.30273
440500	9.8045995e-14	3.1069724e-32	0	-315.07663
440600	-0.11651581	3.0715366e-32	0	-315.12644
440700	-0.220091	5.8874138e-32	0	-312.30075
440800	-0.30083618	1.0075259e-31	0	-309.96744
440900	-0.35121715	1.6870068e-31	0	-307.72883
441000	-0.36675406	1.5905773e-32	0	-317.98445
441100	-0.3464143	9.2484897e-32	0	-310.33929
441200	-0.29266525	2.8690855e-33	0	-325.42257
441300	-0.2111865	1.2953247e-32	0	-318.87621
441400	-0.11027426	3.9652912e-33	0	-324.01725
441500	-1.3564345e-13	1.9979393e-33	0	-326.99418
441600	0.10879173	1.8403514e-32	0	-317.35099
441700	0.20554672	8.6045276e-33	0	-320.65273
441800	0.28102191	3.0668979e-32	0	-315.13301
441900	0.32816506	4.3422335e-32	0	-313.62287
442000	0.34276999	3.7046185e-33	0	-324.31257
442100	0.32384689	3.3464525e-34	0	-334.75415
442200	0.27367555	1.9659636e-32	0	-317.06425
442300	0.19754082	6.9251519e-33	0	-321.59571
442400	0.10318005	6.2015479e-34	0	-332.075
442500	9.281828e-14	1.0593099e-32	0	-319.74977
442600	-0.10185785	8.7765729e-33	0	-320.56675
442700	-0.19251097	9.2685183e-32	0	-310.3299
442800	-0.26329139	1.9131533e-31	0	-307.1825
442900	-0.30757123	9.9267885e-32	0	-310.03191
443000	-0.32137971	1.9419239e-32	0	-317.11768
443100	-0.30375478	7.5806992e-33	0	-321.20291
443200	-0.2567986	4.0668022e-33	0	-323.90747
443300	-0.18543526	3.6813017e-33	0	-324.33999
443400	-0.096898187	7.3516594e-33	0	-321.33615
443500	-1.2599995e-13	2.4581435e-33	0	-326.09393
443600	0.095741535	5.0766121e-33	0	-322.94426
443700	0.18103518	1.0776677e-32	0	-319.67515
443800	0.24771461	2.6055493e-32	0	-315.84101
443900	0.28951695	2.6324612e-32	0	-315.79638
444000	0.30266764	1.1318409e-32	0	-319.46215
444100	0.28621729	1.9766817e-34	0	-337.04063
444200	0.242101	1.3654997e-32	0	-318.64708
444300	0.17491759	7.6920341e-33	0	-321.13959
444400	0.091453458	7.4779088e-34	0	-331.2622
444500	8.8698935e-14	9.6653584e-33	0	-320.14782
444600	-0.090466919	3.5313489e-33	0	-324.52059
444700	-0.17116465	2.0944624e-32	0	-316.78927
444800	-0.23435303	1.8424531e-33	0	-327.34604
444900	-0.27407346	4.3832255e-33	0	-323.58206
445000	-0.28670761	1.1230406e-33	0	-329.49605
445100	-0.27130361	1.4971498e-33	0	-328.24735
445200	-0.22964076	3.4415919e-32	0	-314.63241
445300	-0.16602933	4.7302358e-33	0	-323.25117
445400	-0.086867353	1.1653194e-32	0	-319.33555
445500	-5.5520307e-14	5.6872308e-32	0	-312.45099
445600	0.08605482	4.2921729e-33	0	-323.67323
445700	0.16293833	6.9014601e-32	0	-311.61059
445800	0.22325938	2.9812564e-32	0	-315.25601
445900	0.26130172	8.8488056e-33	0	-320.53115
446000	0.27356263	4.9282741e-33	0	-323.07305
446100	0.2590726	2.8196477e-33	0	-325.49805
446200	0.21946706	1.9147161e-32	0	-317.17896
446300	0.15880554	1.2558866e-33	0	-329.0105
446400	0.083157971	2.2468578e-34	0	-336.48424
446500	8.6560136e-14	2.0231961e-34	0	-336.93962
446600	-0.082522651	3.2051729e-34	0	-334.94149
446700	-0.15638868	2.1905035e-32	0	-316.59456
446800	-0.21447745	7.9780939e-33	0	-320.98101
446900	-0.25125212	2.2721357e-33	0	-326.43566
447000	-0.26328456	6.0591968e-34	0	-332.17585
447100	-0.24957254	5.9860095e-33	0	-322.22863
447200	-0.21162004	1.7514685e-32	0	-317.56598
447300	-0.15327473	3.6420403e-32	0	-314.38655
447400	-0.080339951	1.3307908e-32	0	-318.7589
447500	-5.7032495e-14	5.9255248e-34	0	-332.27273
447600	0.079884351	9.9650403e-34	0	-330.01521
447700	0.15154157	3.3295734e-33	0	-324.77611
447800	0.2080419	3.8578901e-33	0	-324.1365
447900	0.24396433	1.0902746e-32	0	-319.62464
448000	0.25591397	3.3043153e-33	0	-324.80919
448100	0.24284091	8.1657549e-33	0	-320.88004
448200	0.20613067	1.4001939e-31	0	-308.53812
448300	0.14945875	1.8366177e-31	0	-307.35981
448400	0.078424415	1.0386723e-31	0	-309.83521
448500	8.7264476e-14	1.9591127e-32	0	-317.07941
448600	-0.078150334	2.008941e-32	0	-316.97033
448700	-0.1484161	1.0506404e-33	0	-329.78546
448800	-0.20397812	2.6183035e-33	0	-325.8198
448900	-0.23946711	7.793173e-33	0	-321.08286
449000	-0.25147995	7.4804055e-33	0	-321.26075
449100	-0.23890429	4.6583872e-34	0	-333.31764
449200	-0.20302062	3.2746769e-32	0	-314.84832
449300	-0.14737263	2.5122682e-32	0	-315.99934
449400	-0.077418922	1.7447572e-32	0	-317.58265
449500	-6.0480734e-14	3.5402654e-33	0	-324.50964
449600	0.077327442	5.9456179e-33	0	-322.25803
449700	0.14702463	1.777998e-33	0	-327.50069
449800	0.20230216	2.4096977e-33	0	-326.18037
449900	0.23777821	1.1110659e-33	0	-329.5426
450000	0.25	4.8434771e-32	0	-313.14843
450100	0.23777821	5.9093811e-33	0	-322.28458
450200	0.20230216	9.5058706e-32	0	-310.22008
450300	0.14702463	8.9592146e-32	0	-310.4773
450400	0.077327442	4.2820297e-32	0	-313.6835
450500	9.1643658e-14	1.6066324e-32	0	-317.94083
450600	-0.077418922	3.3139927e-32	0	-314.79648
450700	-0.14737263	3.883971e-32	0	-314.10724
450800	-0.20302062	7.9101522e-33	0	-321.01815
450900	-0.23890429	4.7009411e-32	0	-313.27815
451000	-0.25147995	5.4580961e-31	0	-302.62959
451100	-0.23946711	8.992305e-32	0	-310.46129
451200	-0.20397812	5.6452738e-31	0	-302.48315
451300	-0.1484161	4.427054e-31	0	-303.53885
451400	-0.078150334	4.1143353e-32	0	-313.857
451500	-6.6657462e-14	5.4259644e-32	0	-312.65523
451600	0.078424415	6.594203e-32	0	-311.80838
451700	0.14945875	8.4804613e-33	0	-320.71581
451800	0.20613067	9.0664358e-33	0	-320.42563
451900	0.24284091	2.3736886e-32	0	-316.24576
452000	0.25591397	6.3066258e-32	0	-312.00203
452100	0.24396433	4.0521243e-32	0	-313.92317
452200	0.2080419	6.4201173e-32	0	-311.92457
452300	0.15154157	8.5730731e-32	0	-310.66863
452400	0.079884351	1.5380818e-33	0	-328.13021
452500	1.0047744e-13	7.7519085e-33	0	-321.10591
452600	-0.080339951	1.561072e-32	0	-318.06577
452700	-0.15327473	4.2041483e-33	0	-323.76322
452800	-0.21162004	3.2998473e-33	0	-324.81506
452900	-0.24957254	1.4533004e-32	0	-318.37645
453000	-0.26328456	8.8118306e-34	0	-330.54934
453100	-0.25125212	3.1992911e-33	0	-324.94946
453200	-0.21447745	6.7643775e-33	0	-321.69772
453300	-0.15638868	3.4618159e-32	0	-314.60696
453400	-0.082522651	4.0574645e-33	0	-323.91745
453500	-7.6314094e-14	1.888363e-32	0	-317.23915
453600	0.083157971	3.4128673e-34	0	-334.66881
453700	0.15880554	8.2876365e-34	0	-330.81569
453800	0.21946706	2.9789883e-32	0	-315.25931
453900	0.2590726	3.7276736e-32	0	-314.28562
454000	0.27356263	1.5922462e-32	0	-317.9799
454100	0.26130172	2.2114186e-32	0	-316.55329
454200	0.22325938	2.9006142e-33	0	-325.3751
454300	0.16293833	6.3852082e-32	0	-311.94825
454400	0.08605482	2.1245631e-32	0	-316.7273
454500	1.1447334e-13	2.986342e-32	0	-315.2486
454600	-0.086867353	5.2068009e-33	0	-322.83429
454700	-0.16602933	4.2823439e-33	0	-323.68318
454800	-0.22964076	1.3597262e-32	0	-318.66549
454900	-0.27130361	1.6947468e-33	0	-327.70895
455000	-0.28670761	9.0998158e-34	0	-330.40967
455100	-0.27407346	1.1130827e-32	0	-319.53473
455200	-0.23435303	2.4190481e-33	0	-326.16355
455300	-0.17116465	1.5459956e-32	0	-318.10792
455400	-0.090466919	4.218655e-33	0	-323.74826
455500	-9.0141147e-14	1.6073851e-32	0	-317.9388
455600	0.091453458	1.7599671e-34	0	-337.54495
455700	0.17491759	6.1452122e-33	0	-322.11463
455800	0.242101	1.9973227e-32	0	-316.99552
455900	0.28621729	2.8797748e-35	0	-345.40641
456000	0.30266764	1.4718903e-33	0	-328.32125
456100	0.28951695	3.328524e-32	0	-314.77748
456200	0.24771461	3.8735476e-32	0	-314.11891
456300	0.18103518	9.0395702e-33	0	-320.43852
456400	0.095741535	1.6510186e-32	0	-317.82248
456500	6.3378686e-14	1.2966288e-33	0	-328.87184
456600	-0.096898187	2.6565833e-33	0	-325.75677
456700	-0.18543526	2.974252e-32	0	-315.26622
456800	-0.2567986	5.6272613e-32	0	-312.49703
456900	-0.30375478	4.891735e-33	0	-323.10537
457000	-0.32137971	9.0730041e-33	0	-320.42249
457100	-0.30757123	7.0209152e-32	0	-311.53606
457200	-0.26329139	2.1927617e-31	0	-306.59009
457300	-0.19251097	8.5135706e-32	0	-310.69888
457400	-0.10185785	2.3943663e-34	0	-336.20809
457500	-1.0874943e-13	1.0876362e-32	0	-319.63516
457600	0.10318005	1.1394177e-32	0	-319.43317
457700	0.19754082	1.7146895e-33	0	-327.65815
457800	0.27367555	4.546397e-32	0	-313.42333
457900	0.32384689	1.9109411e-33	0	-327.18753
458000	0.34276999	1.852974e-33	0	-327.32131
458100	0.32816506	3.8882918e-32	0	-314.10241
458200	0.28102191	4.2831046e-32	0	-313.68241
458300	0.20554672	9.734765e-33	0	-320.11675
458400	0.10879173	1.5327733e-32	0	-318.14522
458500	7.9715741e-14	3.3524362e-33	0	-324.74639
458600	-0.11027426	2.310615e-33	0	-326.36272
458700	-0.2111865	1.7394808e-32	0	-317.5958
458800	-0.29266525	6.5644468e-33	0	-321.82802
458900	-0.3464143	9.0331669e-32	0	-310.4416
459000	-0.36675406	3.2488487e-32	0	-314.88271
459100	-0.35121715	1.8190431e-31	0	-307.40157
459200	-0.30083618	8.6490017e-32	0	-310.63034
459300	-0.220091	4.6391112e-32	0	-313.33565
459400	-0.11651581	2.7794527e-32	0	-315.56041
459500	-1.3265268e-13	2.8442683e-32	0	-315.46029
459600	0.11815282	6.5387291e-32	0	-311.84507
459700	0.22631843	8.3090617e-33	0	-320.80448
459800	0.31369275	7.0472518e-32	0	-311.5198
459900	0.37136796	9.5694741e-31	0	-300.19112
460000	0.39323725	5.567295e-32	0	-312.54356
460100	0.37663653	9.0529189e-31	0	-300.43211
460200	0.32265601	3.437477e-31	0	-304.6376
460300	0.2360864	1.021306e-32	0	-319.90844
460400	0.1249996	5.9002626e-32	0	-312.29129
460500	1.004059e-13	2.9965729e-32	0	-315.23375
460600	-0.12678463	1.9066445e-32	0	-317.1973
460700	-0.24287692	8.821994e-33	0	-320.54433
460800	-0.33667507	1.1746561e-32	0	-319.30089
460900	-0.39860938	1.7900404e-31	0	-307.47137
461000	-0.42211507	2.1405715e-32	0	-316.6947
461100	-0.40432289	1.3411033e-31	0	-308.72538
461200	-0.34639528	3.8408506e-32	0	-314.15573
461300	-0.25346979	7.6508806e-33	0	-321.16289
461400	-0.13420962	1.075167e-32	0	-319.68524
461500	-1.6225212e-13	9.6288712e-33	0	-320.16425
461600	0.13613563	3.2005655e-33	0	-324.94773
461700	0.2607966	1.102553e-33	0	-329.57601
461800	0.36152151	1.7185402e-33	0	-327.6484
461900	0.42803106	1.0963127e-32	0	-319.60066
462000	0.45327353	4.9408876e-33	0	-323.06195
462100	0.43416696	1.6180882e-32	0	-317.90998
462200	0.37196031	2.5703113e-33	0	-325.90014
462300	0.27217257	5.9128832e-33	0	-322.28201
462400	0.14410953	5.3030166e-33	0	-322.75477
462500	1.2588393e-13	4.2319306e-32	0	-313.73461
462600	-0.14616891	3.3266904e-33	0	-324.77988
462700	-0.28000675	1.6695033e-33	0	-327.77413
462800	-0.38813401	2.2797723e-32	0	-316.42109
462900	-0.45951688	6.2133932e-32	0	-312.06671
463000	-0.48658967	2.3856204e-32	0	-316.22399
463100	-0.46605095	4.3579776e-32	0	-313.60715
463200	-0.39925021	3.155732e-33	0	-325.009
463300	-0.29212093	1.7591974e-32	0	-317.54685
463400	-0.15466026	1.0735403e-32	0	-319.69182
463500	-1.9782321e-13	1.4935767e-32	0	-318.25772
463600	0.15684488	4.726474e-33	0	-323.25463
463700	0.30043156	6.2087822e-33	0	-322.06994
463800	0.41640754	1.2762239e-32	0	-318.94073
463900	0.49294259	1.8875539e-32	0	-317.24101
464000	0.52193201	2.0255037e-32	0	-316.93467
464100	0.49984904	2.2880553e-32	0	-316.40533
464200	0.42815726	1.4063153e-32	0	-318.51917
464300	0.31323615	4.1108227e-32	0	-313.86071
464400	0.16582015	4.1133823e-32	0	-313.85801
464500	1.5646988e-13	7.0223763e-32	0	-311.53516
464600	-0.1681214	1.5912782e-32	0	-317.98254
464700	-0.32199043	5.1929301e-32	0	-312.84588
464800	-0.44623053	1.2702278e-32	0	-318.96118
464900	-0.52817626	1.1307382e-33	0	-329.46638
465000	-0.55916106	6.4675091e-32	0	-311.89263
465100	-0.53542783	7.7818015e-33	0	-321.0892
465200	-0.45856739	1.3290734e-32	0	-318.76451
465300	-0.33543488	1.8969632e-31	0	-307.21941
465400	-0.17754519	6.2127505e-32	0	-312.06716
465500	-2.3950494e-13	2.1827676e-31	0	-306.60993
465600	0.17995397	1.0296538e-31	0	-309.87309
465700	0.34459827	4.0321334e-32	0	-313.94465
465800	0.47748526	2.2488879e-32	0	-316.48032
465900	0.56507885	2.5639363e-34	0	-335.91093
466000	0.5981299	4.6266369e-32	0	-313.34735
466100	0.57264693	2.9622034e-32	0	-315.28385
466200	0.49036059	2.4529141e-32	0	-316.10318
466300	0.35862953	1.0162129e-31	0	-309.93015
466400	0.18978908	8.0588285e-32	0	-310.93728
466500	1.9235808e-13	9.8922654e-32	0	-310.04704
466600	-0.1922959	7.9899596e-32	0	-310.97455
466700	-0.36816586	8.3368089e-32	0	-310.79
466800	-0.5100484	5.7112636e-32	0	-312.43268
466900	-0.60350471	1.1138344e-31	0	-309.53179
467000	-0.63868474	1.6944216e-31	0	-307.70979
467100	-0.61135943	1.8993572e-31	0	-307.21393
467200	-0.52341138	1.2424569e-30	0	-299.05719
467300	-0.38272854	2.4806253e-30	0	-296.05439
467400	-0.2025035	2.0134966e-30	0	-296.96049
467500	-1.3733746e-13	6.8888155e-31	0	-301.61855
467600	0.20509847	4.7935721e-31	0	-303.19341
467700	0.39260018	2.3837723e-31	0	-306.22735
467800	0.54379143	1.6431944e-31	0	-307.84311
467900	0.6433022	8.2695923e-31	0	-300.82516
468000	0.68066553	4.2669154e-31	0	-303.69886
468100	0.65141256	8.2621876e-31	0	-300.82905
468200	0.55758933	8.367744e-30	0	-290.77392
468300	0.40763683	1.6160713e-29	0	-287.91539
468400	0.21563829	1.4482619e-29	0	-288.39153
468500	2.336087e-13	5.1159572e-30	0	-292.91073
468600	-0.21831116	2.4047091e-31	0	-306.18937
468700	-0.41780481	6.9203042e-31	0	-301.59875
468800	-0.57858119	5.1828425e-31	0	-302.85432
468900	-0.68431426	4.8673668e-32	0	-313.12706
469000	-0.72390659	1.8818705e-31	0	-307.2541
469100	-0.69264826	2.8047231e-31	0	-305.5211
469200	-0.59275954	9.536151e-31	0	-300.20627
469300	-0.43325607	2.0939335e-30	0	-296.79037
469400	-0.2291416	2.1479631e-30	0	-296.67973
469500	-1.7142134e-13	9.4058869e-31	0	-300.266
469600	0.23188182	5.8992188e-32	0	-312.29205
469700	0.44368028	1.2523175e-31	0	-309.02286
469800	0.61428037	1.3134409e-31	0	-308.81589
469900	0.72637903	3.4215311e-32	0	-314.6578
470000	0.76823725	6.803194e-32	0	-311.67287
470100	0.73490377	6.1195106e-32	0	-312.13283
470200	0.62878323	4.317848e-32	0	-313.64733
470300	0.45948518	5.0313196e-33	0	-322.98318
470400	0.24296015	8.1067379e-32	0	-310.91154
470500	2.8014233e-13	2.8956851e-32	0	-315.38249
470600	-0.2457569	3.8000129e-33	0	-324.20215
470700	-0.47012446	4.1947608e-32	0	-313.77293
470800	-0.65074809	7.1360104e-33	0	-321.46545
470900	-0.7693305	5.244485e-33	0	-322.80297
471000	-0.81348258	1.0917992e-31	0	-309.61857
471100	-0.77801233	4.0700905e-32	0	-313.90396
471200	-0.66551821	1.0399451e-31	0	-309.8299
471300	-0.48622062	5.7102501e-32	0	-312.43345
471400	-0.25703939	5.2061826e-32	0	-312.83481
471500	-2.1023981e-13	5.4590653e-32	0	-312.62882
471600	0.25988164	2.0749713e-32	0	-316.82988
471700	0.497033	4.4829566e-33	0	-323.48435
471800	0.68784042	2.7120301e-33	0	-325.66705
471900	0.81299915	3.0695144e-32	0	-315.1293
472000	0.85946401	1.4700564e-32	0	-318.32666
472100	0.82180382	2.3349713e-32	0	-316.31718
472200	0.70281952	4.6033173e-32	0	-313.36929
472300	0.5133569	2.2841674e-32	0	-316.41272
472400	0.27132376	2.3688249e-32	0	-316.25467
472500	3.3173758e-13	4.6027258e-32	0	-313.36985
472600	-0.2742003	1.679879e-32	0	-317.74722
472700	-0.52429969	1.8408671e-32	0	-317.34978
472800	-0.72541098	2.1886964e-32	0	-316.59814
472900	-0.85721266	5.8024689e-33	0	-322.36387
473000	-0.90600007	1.6799403e-32	0	-317.74706
473100	-0.86610542	3.9483974e-32	0	-314.03579
473200	-0.74053994	2.324941e-32	0	-316.33588
473300	-0.5407869	2.8763507e-32	0	-315.41158
473400	-0.28575689	1.9751161e-32	0	-317.04407
473500	-2.5366274e-13	8.0445608e-32	0	-310.94498
473600	0.28865636	8.6247804e-32	0	-310.64252
473700	0.55181693	4.2967542e-32	0	-313.66859
473800	0.7633115	7.1356541e-32	0	-311.46566
473900	0.90179653	7.2648077e-33	0	-321.38776
474000	0.95290711	1.4270282e-32	0	-318.45567
474100	0.91074228	9.0663693e-32	0	-310.42567
474200	0.77853061	1.1236146e-31	0	-309.49383
474300	0.56840239	9.811818e-32	0	-310.08251
474400	0.30028181	1.6107948e-31	0	-307.9296
474500	3.8803182e-13	3.6037337e-31	0	-304.43247
474600	-0.30319277	1.8584787e-31	0	-307.30842
474700	-0.57947613	1.459344e-31	0	-308.35842
474800	-0.80139239	1.9789058e-31	0	-307.03575
474900	-0.9465748	7.8425041e-32	0	-311.05545
475000	-1	1.3957201e-31	0	-308.55202
475100	-0.95553824	2.6987834e-31	0	-305.68832
475200	-0.8166416	2.9135364e-31	0	-305.3558
475300	-0.59609438	3.146424e-31	0	-305.02183
475400	-0.31484121	2.504575e-31	0	-306.01266
475500	-3.0142497e-13	5.9871584e-31	0	-302.22779
475600	0.31775217	5.3807357e-31	0	-302.69158
475700	0.60716811	6.3659849e-31	0	-301.96134
475800	0.83950337	1.3525001e-30	0	-298.68863
475900	0.99137076	8.2622243e-31	0	-300.82903
476000	1.0470929	2.2565588e-30	0	-296.46553
476100	1.0003165	1.307985e-29	0	-288.83397
476200	0.85472249	2.3619871e-29	0	-286.26722
476300	0.62375357	1.6943157e-29	0	-287.71006
476400	0.32937763	4.4456319e-30	0	-293.52067
476500	4.4852521e-13	2.2448384e-30	0	-296.48815
476600	-0.3322771	1.4686501e-30	0	-298.33082
476700	-0.6347836	1.9925176e-30	0	-297.00598
476800	-0.87749404	6.9109144e-30	0	-291.60464
476900	-1.0360076	1.7878306e-30	0	-297.47674
477000	-1.0939999	1.132807e-29	0	-289.45844
477100	-1.0449004	8.3397119e-29	0	-280.78849
477200	-0.89262301	1.5570332e-28	0	-278.07702
477300	-0.65127081	1.2563754e-28	0	-279.00881
477400	-0.34383369	3.5588586e-29	0	-284.48689
477500	-3.531293e-13	1.3633825e-31	0	-308.65382
477600	0.34671023	6.7597575e-30	0	-291.70069
477700	0.66221361	4.7347244e-30	0	-293.24705
477800	0.91521447	5.1217426e-31	0	-302.90582
477900	1.0803092	2.7971192e-30	0	-295.53289
478000	1.140536	2.5698645e-30	0	-295.9009
478100	1.0891139	1.0316093e-29	0	-289.86485
478200	0.93019357	2.2937102e-29	0	-286.39461
478300	0.67853751	1.9862283e-29	0	-287.01971
478400	0.35815234	6.0225359e-30	0	-292.20221
478500	2.4801407e-13	9.2988957e-31	0	-300.31569
478600	-0.3609946	1.667212e-30	0	-297.78009
478700	-0.68934988	9.7222321e-31	0	-300.12234
478800	-0.95251578	5.7259711e-31	0	-302.42151
478900	-1.1241007	7.2923873e-31	0	-301.3713
479000	-1.1865174	5.6693564e-31	0	-302.46466
479100	-1.1327825	5.4981397e-31	0	-302.59784
479200	-0.9672859	6.0823292e-31	0	-302.1593
479300	-0.70544604	2.3802742e-31	0	-306.23373
479400	-0.37227708	3.9140018e-31	0	-304.07379
479500	-4.0825244e-13	3.2585689e-31	0	-304.86973
479600	0.37507384	2.1486593e-31	0	-306.67832
479700	0.71608533	2.0416984e-31	0	-306.90008
479800	0.98925076	1.4853009e-31	0	-308.28186
479900	1.1672093	1.8074401e-31	0	-307.42936
480000	1.2317627	3.8683846e-31	0	-304.1247
480100	1.175734	3.48527e-31	0	-304.57764
480200	1.0037536	4.1939966e-31	0	-303.77372
480300	0.73189022	1.3545642e-31	0	-308.682
480400	0.38615217	1.7469953e-31	0	-307.57708
480500	2.9433086e-13	2.0131057e-31	0	-306.96133
480600	-0.38889238	1.4906888e-31	0	-308.26613
480700	-0.74231443	9.9615735e-32	0	-310.01672
480800	-1.0252744	1.3845946e-31	0	-308.58677
480900	-1.2094648	9.8004499e-32	0	-310.08754
481000	-1.2760934	1.5922903e-31	0	-307.97978
481100	-1.2177988	1.7602497e-31	0	-307.54426
481200	-1.0394528	1.8224942e-31	0	-307.39334
481300	-0.75776569	8.6899736e-32	0	-310.60982
481400	-0.39972283	1.324439e-31	0	-308.77968
481500	-4.6615407e-13	1.4110913e-31	0	-308.50445
481600	0.4023957	1.1424877e-31	0	-309.42148
481700	0.76793368	1.0327531e-31	0	-309.86004
481800	1.0604447	5.6973514e-32	0	-312.44327
481900	1.2507005	4.491567e-32	0	-313.47602
482000	1.3193345	8.8458756e-32	0	-310.53259
482100	1.2588108	5.4289937e-32	0	-312.65281
482200	1.0742426	1.0709192e-31	0	-309.70243
482300	0.78297032	7.4218382e-32	0	-311.29489
482400	0.41293552	4.2629885e-32	0	-313.70286
482500	3.4352116e-13	1.5564113e-31	0	-308.07876
482600	-0.41553048	1.2732092e-31	0	-308.951
482700	-0.79284196	6.0105896e-32	0	-312.21083
482800	-1.0946226	1.8756102e-32	0	-317.26857
482900	-1.2907536	1.4839549e-32	0	-318.28579
483000	-1.3613153	5.3606807e-32	0	-312.7078
483100	-1.2986083	5.8182727e-32	0	-312.35206
483200	-1.1079856	1.2467564e-31	0	-309.04218
483300	-0.80740465	4.0166027e-32	0	-313.96141
483400	-0.42573809	3.3295894e-32	0	-314.77609
483500	-5.2608863e-13	6.6033921e-32	0	-311.80233
483600	0.42824491	2.7617072e-32	0	-315.58822
483700	0.81694098	3.1583911e-32	0	-315.00534
483800	1.1276734	2.9659727e-32	0	-315.27833
483900	1.3294661	2.2649558e-32	0	-316.4494
484000	1.4018701	6.0573141e-32	0	-312.1772
484100	1.3370342	8.4644137e-32	0	-310.72403
484200	1.1405487	8.7370099e-32	0	-310.58637
484300	0.83097223	9.6756351e-32	0	-310.14321
484400	0.43808002	1.4077087e-31	0	-308.51487
484500	3.9494707e-13	5.212256e-31	0	-302.82974
484600	-0.4404888	2.2723817e-31	0	-306.43519
484700	-0.84013562	6.020776e-32	0	-312.20348
484800	-1.1594666	3.0204754e-32	0	-315.19925
484900	-1.3666852	3.5362097e-32	0	-314.51462
485000	-1.4408389	2.5043413e-32	0	-316.01306
485100	-1.3739368	8.2591314e-32	0	-310.83066
485200	-1.1718035	4.7632077e-32	0	-313.221
485300	-0.85358007	1.5625977e-31	0	-308.06153
485400	-0.44991259	3.3587877e-31	0	-304.73817
485500	-5.8721985e-13	2.150191e-30	0	-296.67523
485600	0.45221383	1.7731842e-30	0	-297.51246
485700	0.86233436	4.3802575e-31	0	-303.585
485800	1.1898767	1.407373e-31	0	-308.51591
485900	1.402264	8.8667795e-32	0	-310.52234
486000	1.478068	4.4794445e-32	0	-313.48776
486100	1.4091704	7.1108973e-32	0	-311.48076
486200	1.2016264	2.2385638e-32	0	-316.50031
486300	0.87513894	4.3857007e-32	0	-313.57961
486400	0.46118911	4.2864133e-32	0	-313.67906
486500	4.4787849e-13	2.4456545e-31	0	-306.11605
486600	-0.46337373	3.3945486e-31	0	-304.69218
486700	-0.88344957	1.3489211e-31	0	-308.70013
486800	-1.2187838	9.353582e-32	0	-310.29022
486900	-1.4360621	7.9647897e-32	0	-310.98826
487000	-1.5134103	5.6249098e-32	0	-312.49884
487100	-1.4425961	8.3999258e-32	0	-310.75725
487200	-1.2299	5.6751529e-32	0	-312.46022
487300	-0.89556376	6.7997924e-32	0	-311.67504
487400	-0.47186508	7.252029e-32	0	-311.3954
487500	-6.4863757e-13	1.8313661e-32	0	-317.37225
487600	0.47392446	7.7441297e-33	0	-321.11027
487700	0.90339793	7.1856849e-32	0	-311.43532
487800	1.2460737	2.0314695e-32	0	-316.9219
487900	1.4679461	1.9654333e-32	0	-317.06542
488000	1.5467265	6.9588649e-32	0	-311.57462
488100	1.474082	3.1346259e-32	0	-315.03814
488200	1.2565125	8.6841082e-32	0	-310.61275
488300	0.91477391	2.1043624e-31	0	-306.76879
488400	0.48189836	1.9755741e-31	0	-307.04307
488500	5.0150869e-13	3.7677997e-32	0	-314.23912
488600	-0.48382437	1.5249043e-32	0	-318.16757
488700	-0.92210071	1.1939809e-31	0	-309.23003
488800	-1.2716387	7.7354547e-33	0	-321.11514
488900	-1.4977901	3.2318355e-32	0	-314.90551
489000	-1.5778849	1.6417573e-32	0	-317.84691
489100	-1.5035037	1.8821894e-32	0	-317.25337
489200	-1.2813589	3.2545092e-32	0	-314.87514
489300	-0.93269359	5.3286053e-32	0	-312.73386
489400	-0.49124936	7.3395322e-32	0	-311.34332
489500	-3.4725758e-13	4.3670316e-32	0	-313.59814
489600	0.49303439	1.2577669e-32	0	-319.004
489700	0.93948411	4.9273908e-32	0	-313.07383
489800	1.295378	2.1891236e-32	0	-316.5973
489900	1.5254765	1.185101e-32	0	-319.26245
490000	1.6067627	1.4973922e-32	0	-318.24664
490100	1.5307451	7.5058854e-33	0	-321.24598
490200	1.3043412	3.71984e-33	0	-324.29476
490300	0.94925207	3.0255788e-32	0	-315.19192
490400	0.49988117	4.4855147e-32	0	-313.48188
490500	5.5497198e-13	6.3603208e-33	0	-321.96521
490600	-0.50151818	3.0573303e-32	0	-315.14658
490700	-0.9554795	2.4879866e-32	0	-316.04152
490800	-1.3171978	3.1151193e-32	0	-315.06525
490900	-1.5508959	1.9044747e-32	0	-317.20225
491000	-1.6332459	2.753656e-32	0	-315.6009
491100	-1.5556987	1.5683222e-32	0	-318.04565
491200	-1.3253687	8.2903416e-35	0	-340.81428
491300	-0.96438401	9.2568687e-32	0	-310.33536
491400	-0.50775973	6.719167e-32	0	-311.72685
491500	-3.9428099e-13	3.4661284e-34	0	-334.60155
491600	0.50924226	3.1387403e-32	0	-315.03245
491700	0.97002378	4.171861e-32	0	-313.7967
491800	1.3370121	5.3945201e-32	0	-312.68047
491900	1.573948	1.4616572e-32	0	-318.35154
492000	1.65723	6.4314319e-32	0	-311.91692
492100	1.5782661	2.2669802e-32	0	-316.44552
492200	1.3443584	6.9131743e-33	0	-321.60322
492300	0.97802968	7.3519563e-32	0	-311.33597
492400	0.51485394	3.8824194e-32	0	-314.10898
492500	6.0736302e-13	3.9787963e-33	0	-324.00248
492600	-0.51617614	4.1583008e-32	0	-313.81084
492700	-0.98305954	3.1704083e-32	0	-314.98885
492800	-1.3547426	1.1853416e-32	0	-319.26156
492900	-1.5945418	5.0191325e-32	0	-312.99371
493000	-1.6786203	4.1109398e-32	0	-313.86059
493100	-1.5983582	2.3913742e-32	0	-316.21352
493200	-1.3612354	1.2391326e-31	0	-309.06882
493300	-0.99013524	1.1820614e-31	0	-309.2736
493400	-0.5211358	1.7291118e-31	0	-307.62177
493500	-4.4092844e-13	3.0641827e-32	0	-315.13685
493600	0.52229245	1.085054e-31	0	-309.64549
493700	0.99453532	6.2255999e-32	0	-312.05819
493800	1.3703194	5.4722126e-33	0	-322.61837
493900	1.6125961	6.8577964e-32	0	-311.63815
494000	1.6973324	1.018152e-32	0	-319.92187
494100	1.6158957	3.0044192e-32	0	-315.22239
494200	1.375933	4.5644062e-31	0	-303.40616
494300	1.0006529	3.7705091e-31	0	-304.236
494400	0.52658053	1.0441887e-30	0	-299.81221
494500	6.5775745e-13	6.0838351e-31	0	-302.15823
494600	-0.52756707	1.6839857e-31	0	-307.73662
494700	-1.0044059	1.5059101e-31	0	-308.22201
494800	-1.383681	5.568611e-32	0	-312.54253
494900	-1.6280396	1.7030879e-32	0	-317.68763
495000	-1.7132924	5.9286818e-33	0	-322.27042
495100	-1.6308094	1.1821808e-32	0	-319.27316
495200	-1.3883932	1.1072715e-31	0	-309.55746
495300	-1.0095412	1.1579013e-31	0	-309.36328
495400	-0.53116664	1.1880824e-31	0	-309.25153
495500	-4.8635074e-13	5.2536717e-32	0	-312.79537
495600	0.53197917	5.5953141e-32	0	-312.52176
495700	1.0126322	2.1128298e-32	0	-316.75135
495800	1.3947746	3.5070837e-33	0	-324.55054
495900	1.6408113	2.3590004e-32	0	-316.27272
496000	1.7264374	3.4772988e-32	0	-314.58758
496100	1.6430404	4.5098042e-32	0	-313.45842
496200	1.3985669	8.6871837e-33	0	-320.61121
496300	1.016765	1.7403481e-33	0	-327.59364
496400	0.53487602	8.5796983e-33	0	-320.66528
496500	7.0523337e-13	4.3912915e-32	0	-313.57408
496600	-0.53551134	4.112928e-33	0	-323.85849
496700	-1.0191818	1.4104893e-33	0	-328.5063
496800	-1.4035565	4.3966065e-32	0	-313.56882
496900	-1.6508609	2.3795467e-32	0	-316.23506
497000	-1.7367154	5.4618397e-32	0	-312.62661
497100	-1.6525405	8.2889302e-32	0	-310.81502
497200	-1.406414	6.8461209e-32	0	-311.64555
497300	-1.0222958	6.4729629e-32	0	-311.88897
497400	-0.53769404	5.1207215e-32	0	-312.90669
497500	-5.2969266e-13	3.9749136e-32	0	-314.00672
497600	0.53814964	8.2350627e-34	0	-330.84333
497700	1.0240289	1.0413672e-32	0	-319.82396
497800	1.4099921	1.6349081e-32	0	-317.86507
497900	1.6581487	9.0628114e-33	0	-320.42737
498000	1.744086	3.1972014e-32	0	-314.9523
498100	1.6592721	1.9663041e-32	0	-317.06349
498200	1.4119033	2.645011e-33	0	-325.77573
498300	1.0261118	5.1122986e-34	0	-332.91384
498400	0.53960957	2.0433038e-32	0	-316.89667
498500	7.4889327e-13	1.2393953e-32	0	-319.0679
498600	-0.53988365	7.5404309e-33	0	-321.22604
498700	-1.0271544	4.8121372e-33	0	-323.17662
498800	-1.4140559	1.7456109e-32	0	-317.58053
498900	-1.6626459	1.7448431e-32	0	-317.58244
499000	-1.74852	2.1676877e-32	0	-316.64003
499100	-1.6632087	1.5340274e-32	0	-318.14167
499200	-1.4150134	3.6707931e-32	0	-314.3524
499300	-1.0281979	9.653018e-33	0	-320.15337
499400	-0.54061507	1.4460677e-32	0	-318.39811
499500	-5.7011389e-13	7.0142997e-33	0	-321.54016
499600	0.54070655	1.2631022e-32	0	-318.98561
499700	1.0285459	2.4343779e-34	0	-336.13612
499800	1.4157318	5.232088e-32	0	-312.81325
499900	1.6643348	4.6202045e-32	0	-313.35339
500000	1.75	6.3710305e-32	0	-311.9579
500100	1.6643348	4.6202045e-32	0	-313.35339
500200	1.4157318	5.232088e-32	0	-312.81325
500300	1.0285459	2.4343779e-34	0	-336.13612
500400	0.54070655	1.2631022e-32	0	-318.98561
500500	7.8788586e-13	7.0142997e-33	0	-321.54016
500600	-0.54061507	1.4460677e-32	0	-318.39811
500700	-1.0281979	9.653018e-33	0	-320.15337
500800	-1.4150134	3.6707931e-32	0	-314.3524
500900	-1.6632087	1.5340274e-32	0	-318.14167
501000	-1.74852	2.2108015e-32	0	-316.5545
501100	-1.6626459	1.7448431e-32	0	-317.58244
501200	-1.4140559	1.7456109e-32	0	-317.58053
501300	-1.0271544	4.8121372e-33	0	-323.17662
501400	-0.53988365	7.5404309e-33	0	-321.22604
501500	-6.0681024e-13	1.2393953e-32	0	-319.0679
501600	0.53960957	2.0433038e-32	0	-316.89667
501700	1.0261118	5.1122986e-34	0	-332.91384
501800	1.4119033	2.645011e-33	0	-325.77573
501900	1.6592721	1.9663041e-32	0	-317.06349
502000	1.744086	3.1972014e-32	0	-314.9523
502100	1.6581487	9.0628114e-33	0	-320.42737
502200	1.4099921	1.6349081e-32	0	-317.86507
502300	1.0240289	1.0413672e-32	0	-319.82396
502400	0.53814964	8.2350627e-34	0	-330.84333
502500	4.2562302e-13	3.9749136e-32	0	-314.00672
502600	-0.53769404	5.1207215e-32	0	-312.90669
502700	-1.0222958	6.4729629e-32	0	-311.88897
502800	-1.406414	6.8461209e-32	0	-311.64555
502900	-1.6525405	8.2889302e-32	0	-310.81502
503000	-1.7367154	5.559755e-32	0	-312.54944
503100	-1.6508609	2.3795467e-32	0	-316.23506
503200	-1.4035565	4.3966065e-32	0	-313.56882
503300	-1.0191818	1.4104893e-33	0	-328.5063
503400	-0.53551134	4.112928e-33	0	-323.85849
503500	-6.3903422e-13	4.3912915e-32	0	-313.57408
503600	0.53487602	8.5796983e-33	0	-320.66528
503700	1.016765	1.7403481e-33	0	-327.59364
503800	1.3985669	8.6871837e-33	0	-320.61121
503900	1.6430404	4.5098042e-32	0	-313.45842
504000	1.7264374	3.4772988e-32	0	-314.58758
504100	1.6408113	2.3590004e-32	0	-316.27272
504200	1.3947746	3.5070837e-33	0	-324.55054
504300	1.0126322	2.1128298e-32	0	-316.75135
504400	0.53197917	5.5953141e-32	0	-312.52176
504500	4.5768949e-13	5.2536717e-32	0	-312.79537
504600	-0.53116664	1.1880824e-31	0	-309.25153
504700	-1.0095412	1.1579013e-31	0	-309.36328
504800	-1.3883932	1.1072715e-31	0	-309.55746
504900	-1.6308094	1.1821808e-32	0	-319.27316
505000	-1.7132924	6.3673706e-33	0	-321.9604
505100	-1.6280396	1.7030879e-32	0	-317.68763
505200	-1.383681	5.568611e-32	0	-312.54253
505300	-1.0044059	1.5059101e-31	0	-308.22201
505400	-0.52756707	1.6839857e-31	0	-307.73662
505500	-6.6611488e-13	6.0838351e-31	0	-302.15823
505600	0.52658053	1.0441887e-30	0	-299.81221
505700	1.0006529	3.7705091e-31	0	-304.236
505800	1.375933	4.5644062e-31	0	-303.40616
505900	1.6158957	3.0044192e-32	0	-315.22239
506000	1.6973324	1.018152e-32	0	-319.92187
506100	1.6125961	6.8577964e-32	0	-311.63815
506200	1.3703194	5.4722126e-33	0	-322.61837
506300	0.99453532	6.2255999e-32	0	-312.05819
506400	0.52229245	1.085054e-31	0	-309.64549
506500	4.8560303e-13	3.0641827e-32	0	-315.13685
506600	-0.5211358	1.7291118e-31	0	-307.62177
506700	-0.99013524	1.1820614e-31	0	-309.2736
506800	-1.3612354	1.2391326e-31	0	-309.06882
506900	-1.5983582	2.3913742e-32	0	-316.21352
507000	-1.6786203	3.9592805e-32	0	-314.02384
507100	-1.5945418	5.0191325e-32	0	-312.99371
507200	-1.3547426	1.1853416e-32	0	-319.26156
507300	-0.98305954	3.1704083e-32	0	-314.98885
507400	-0.51617614	4.1583008e-32	0	-313.81084
507500	-6.8747637e-13	3.9787963e-33	0	-324.00248
507600	0.51485394	3.8824194e-32	0	-314.10898
507700	0.97802968	7.3519563e-32	0	-311.33597
507800	1.3443584	6.9131743e-33	0	-321.60322
507900	1.5782661	2.2669802e-32	0	-316.44552
508000	1.65723	6.4314319e-32	0	-311.91692
508100	1.573948	1.4616572e-32	0	-318.35154
508200	1.3370121	5.3945201e-32	0	-312.68047
508300	0.97002378	4.171861e-32	0	-313.7967
508400	0.50924226	3.1387403e-32	0	-315.03245
508500	5.087845e-13	3.4661284e-34	0	-334.60155
508600	-0.50775973	6.719167e-32	0	-311.72685
508700	-0.96438401	9.2568687e-32	0	-310.33536
508800	-1.3253687	8.2903416e-35	0	-340.81428
508900	-1.5556987	1.5683222e-32	0	-318.04565
509000	-1.6332459	2.4811047e-32	0	-316.05355
509100	-1.5508959	1.9044747e-32	0	-317.20225
509200	-1.3171978	3.1151193e-32	0	-315.06525
509300	-0.9554795	2.4879866e-32	0	-316.04152
509400	-0.50151818	3.0573303e-32	0	-315.14658
509500	-7.0265464e-13	6.3603208e-33	0	-321.96521
509600	0.49988117	4.4855147e-32	0	-313.48188
509700	0.94925207	3.0255788e-32	0	-315.19192
509800	1.3043412	3.71984e-33	0	-324.29476
509900	1.5307451	7.5058854e-33	0	-321.24598
510000	1.6067627	1.3215854e-32	0	-318.78905
510100	1.5254765	1.185101e-32	0	-319.26245
510200	1.295378	2.1891236e-32	0	-316.5973
510300	0.93948411	4.9273908e-32	0	-313.07383
510400	0.49303439	1.2577669e-32	0	-319.004
510500	5.267548e-13	4.3670316e-32	0	-313.59814
510600	-0.49124936	7.3395322e-32	0	-311.34332
510700	-0.93269359	5.3286053e-32	0	-312.73386
510800	-1.2813589	3.2545092e-32	0	-314.87514
510900	-1.5035037	1.8821894e-32	0	-317.25337
511000	-1.5778849	1.7917578e-32	0	-317.46721
511100	-1.4977901	3.2318355e-32	0	-314.90551
511200	-1.2716387	7.7354547e-33	0	-321.11514
511300	-0.92210071	1.1939809e-31	0	-309.23003
511400	-0.48382437	1.5249043e-32	0	-318.16757
511500	-7.1131221e-13	3.7677997e-32	0	-314.23912
511600	0.48189836	1.9755741e-31	0	-307.04307
511700	0.91477391	2.1043624e-31	0	-306.76879
511800	1.2565125	8.6841082e-32	0	-310.61275
511900	1.474082	3.1346259e-32	0	-315.03814
512000	1.5467265	6.9588649e-32	0	-311.57462
512100	1.4679461	1.9654333e-32	0	-317.06542
512200	1.2460737	2.0314695e-32	0	-316.9219
512300	0.90339793	7.1856849e-32	0	-311.43532
512400	0.47392446	7.7441297e-33	0	-321.11027
512500	5.3914954e-13	1.8313661e-32	0	-317.37225
512600	-0.47186508	7.252029e-32	0	-311.3954
512700	-0.89556376	6.7997924e-32	0	-311.67504
512800	-1.2299	5.6751529e-32	0	-312.46022
512900	-1.4425961	8.3999258e-32	0	-310.75725
513000	-1.5134103	5.6157398e-32	0	-312.50593
513100	-1.4360621	7.9647897e-32	0	-310.98826
513200	-1.2187838	9.353582e-32	0	-310.29022
513300	-0.88344957	1.3489211e-31	0	-308.70013
513400	-0.46337373	3.3945486e-31	0	-304.69218
513500	-3.7310299e-13	2.4456545e-31	0	-306.11605
513600	0.46118911	4.2864133e-32	0	-313.67906
513700	0.87513894	4.3857007e-32	0	-313.57961
513800	1.2016264	2.2385638e-32	0	-316.50031
513900	1.4091704	7.1108973e-32	0	-311.48076
514000	1.478068	4.4794445e-32	0	-313.48776
514100	1.402264	8.8667795e-32	0	-310.52234
514200	1.1898767	1.407373e-31	0	-308.51591
514300	0.86233436	4.3802575e-31	0	-303.585
514400	0.45221383	1.7731842e-30	0	-297.51246
514500	5.4573144e-13	2.150191e-30	0	-296.67523
514600	-0.44991259	3.3587877e-31	0	-304.73817
514700	-0.85358007	1.5625977e-31	0	-308.06153
514800	-1.1718035	4.7632077e-32	0	-313.221
514900	-1.3739368	8.2591314e-32	0	-310.83066
515000	-1.4408389	2.5546174e-32	0	-315.92674
515100	-1.3666852	3.5362097e-32	0	-314.51462
515200	-1.1594666	3.0204754e-32	0	-315.19925
515300	-0.84013562	6.020776e-32	0	-312.20348
515400	-0.4404888	2.2723817e-31	0	-306.43519
515500	-3.8519269e-13	5.212256e-31	0	-302.82974
515600	0.43808002	1.4077087e-31	0	-308.51487
515700	0.83097223	9.6756351e-32	0	-310.14321
515800	1.1405487	8.7370099e-32	0	-310.58637
515900	1.3370342	8.4644137e-32	0	-310.72403
516000	1.4018701	6.0573141e-32	0	-312.1772
516100	1.3294661	2.2649558e-32	0	-316.4494
516200	1.1276734	2.9659727e-32	0	-315.27833
516300	0.81694098	3.1583911e-32	0	-315.00534
516400	0.42824491	2.7617072e-32	0	-315.58822
516500	5.4640008e-13	6.6033921e-32	0	-311.80233
516600	-0.42573809	3.3295894e-32	0	-314.77609
516700	-0.80740465	4.0166027e-32	0	-313.96141
516800	-1.1079856	1.2467564e-31	0	-309.04218
516900	-1.2986083	5.8182727e-32	0	-312.35206
517000	-1.3613153	5.3630229e-32	0	-312.7059
517100	-1.2907536	1.4839549e-32	0	-318.28579
517200	-1.0946226	1.8756102e-32	0	-317.26857
517300	-0.79284196	6.0105896e-32	0	-312.21083
517400	-0.41553048	1.2732092e-31	0	-308.951
517500	-3.9212835e-13	1.5564113e-31	0	-308.07876
517600	0.41293552	4.2629885e-32	0	-313.70286
517700	0.78297032	7.4218382e-32	0	-311.29489
517800	1.0742426	1.0709192e-31	0	-309.70243
517900	1.2588108	5.4289937e-32	0	-312.65281
518000	1.3193345	8.8458756e-32	0	-310.53259
518100	1.2507005	4.491567e-32	0	-313.47602
518200	1.0604447	5.6973514e-32	0	-312.44327
518300	0.76793368	1.0327531e-31	0	-309.86004
518400	0.4023957	1.1424877e-31	0	-309.42148
518500	5.4119885e-13	1.4110913e-31	0	-308.50445
518600	-0.39972283	1.324439e-31	0	-308.77968
518700	-0.75776569	8.6899736e-32	0	-310.60982
518800	-1.0394528	1.8224942e-31	0	-307.39334
518900	-1.2177988	1.7602497e-31	0	-307.54426
519000	-1.2760934	1.5806878e-31	0	-308.01154
519100	-1.2094648	9.8004499e-32	0	-310.08754
519200	-1.0252744	1.3845946e-31	0	-308.58677
519300	-0.74231443	9.9615735e-32	0	-310.01672
519400	-0.38889238	1.4906888e-31	0	-308.26613
519500	-3.9388153e-13	2.0131057e-31	0	-306.96133
519600	0.38615217	1.7469953e-31	0	-307.57708
519700	0.73189022	1.3545642e-31	0	-308.682
519800	1.0037536	4.1939966e-31	0	-303.77372
519900	1.175734	3.48527e-31	0	-304.57764
520000	1.2317627	3.8683846e-31	0	-304.1247
520100	1.1672093	1.8074401e-31	0	-307.42936
520200	0.98925076	1.4853009e-31	0	-308.28186
520300	0.71608533	2.0416984e-31	0	-306.90008
520400	0.37507384	2.1486593e-31	0	-306.67832
520500	5.3031869e-13	3.2585689e-31	0	-304.86973
520600	-0.37227708	3.9140018e-31	0	-304.07379
520700	-0.70544604	2.3802742e-31	0	-306.23373
520800	-0.9672859	6.0823292e-31	0	-302.1593
520900	-1.1327825	5.4981397e-31	0	-302.59784
521000	-1.1865174	5.6578978e-31	0	-302.47345
521100	-1.1241007	7.2923873e-31	0	-301.3713
521200	-0.95251578	5.7259711e-31	0	-302.42151
521300	-0.68934988	9.7222321e-31	0	-300.12234
521400	-0.3609946	1.667212e-30	0	-297.78009
521500	-3.9056242e-13	9.2988957e-31	0	-300.31569
521600	0.35815234	6.0225359e-30	0	-292.20221
521700	0.67853751	1.9862283e-29	0	-287.01971
521800	0.93019357	2.2937102e-29	0	-286.39461
521900	1.0891139	1.0316093e-29	0	-289.86485
522000	1.140536	2.5698645e-30	0	-295.9009
522100	1.0803092	2.7971192e-30	0	-295.53289
522200	0.91521447	5.1217426e-31	0	-302.90582
522300	0.66221361	4.7347244e-30	0	-293.24705
522400	0.34671023	6.7597575e-30	0	-291.70069
522500	5.140988e-13	1.3633825e-31	0	-308.65382
522600	-0.34383369	3.5588586e-29	0	-284.48689
522700	-0.65127081	1.2563754e-28	0	-279.00881
522800	-0.89262301	1.5570332e-28	0	-278.07702
522900	-1.0449004	8.3397119e-29	0	-280.78849
523000	-1.0939999	1.133302e-29	0	-289.45654
523100	-1.0360076	1.7878306e-30	0	-297.47674
523200	-0.87749404	6.9109144e-30	0	-291.60464
523300	-0.6347836	1.9925176e-30	0	-297.00598
523400	-0.3322771	1.4686501e-30	0	-298.33082
523500	-3.824214e-13	2.2448384e-30	0	-296.48815
523600	0.32937763	4.4456319e-30	0	-293.52067
523700	0.62375357	1.6943157e-29	0	-287.71006
523800	0.85472249	2.3619871e-29	0	-286.26722
523900	1.0003165	1.307985e-29	0	-288.83397
524000	1.0470929	2.2565588e-30	0	-296.46553
524100	0.99137076	8.2622243e-31	0	-300.82903
524200	0.83950337	1.3525001e-30	0	-298.68863
524300	0.60716811	6.3659849e-31	0	-301.96134
524400	0.31775217	5.3807357e-31	0	-302.69158
524500	2.6029379e-13	5.9871584e-31	0	-302.22779
524600	-0.31484121	2.504575e-31	0	-306.01266
524700	-0.59609438	3.146424e-31	0	-305.02183
524800	-0.8166416	2.9135364e-31	0	-305.3558
524900	-0.95553824	2.6987834e-31	0	-305.68832
525000	-1	1.3850729e-31	0	-308.58527
525100	-0.9465748	7.8425041e-32	0	-311.05545
525200	-0.80139239	1.9789058e-31	0	-307.03575
525300	-0.57947613	1.459344e-31	0	-308.35842
525400	-0.30319277	1.8584787e-31	0	-307.30842
525500	-3.6984725e-13	3.6037337e-31	0	-304.43247
525600	0.30028181	1.6107948e-31	0	-307.9296
525700	0.56840239	9.811818e-32	0	-310.08251
525800	0.77853061	1.1236146e-31	0	-309.49383
525900	0.91074228	9.0663693e-32	0	-310.42567
526000	0.95290711	1.4270282e-32	0	-318.45567
526100	0.90179653	7.2648077e-33	0	-321.38776
526200	0.7633115	7.1356541e-32	0	-311.46566
526300	0.55181693	4.2967542e-32	0	-313.66859
526400	0.28865636	8.6247804e-32	0	-310.64252
526500	2.5639329e-13	8.0445608e-32	0	-310.94498
526600	-0.28575689	1.9751161e-32	0	-317.04407
526700	-0.5407869	2.8763507e-32	0	-315.41158
526800	-0.74053994	2.324941e-32	0	-316.33588
526900	-0.86610542	3.9483974e-32	0	-314.03579
527000	-0.90600007	1.7462886e-32	0	-317.57884
527100	-0.85721266	5.8024689e-33	0	-322.36387
527200	-0.72541098	2.1886964e-32	0	-316.59814
527300	-0.52429969	1.8408671e-32	0	-317.34978
527400	-0.2742003	1.679879e-32	0	-317.74722
527500	-3.5336232e-13	4.6027258e-32	0	-313.36985
527600	0.27132376	2.3688249e-32	0	-316.25467
527700	0.5133569	2.2841674e-32	0	-316.41272
527800	0.70281952	4.6033173e-32	0	-313.36929
527900	0.82180382	2.3349713e-32	0	-316.31718
528000	0.85946401	1.4700564e-32	0	-318.32666
528100	0.81299915	3.0695144e-32	0	-315.1293
528200	0.68784042	2.7120301e-33	0	-325.66705
528300	0.497033	4.4829566e-33	0	-323.48435
528400	0.25988164	2.0749713e-32	0	-316.82988
528500	2.4876434e-13	5.4590653e-32	0	-312.62882
528600	-0.25703939	5.2061826e-32	0	-312.83481
528700	-0.48622062	5.7102501e-32	0	-312.43345
528800	-0.66551821	1.0399451e-31	0	-309.8299
528900	-0.77801233	4.0700905e-32	0	-313.90396
529000	-0.81348258	1.143584e-31	0	-309.41732
529100	-0.7693305	5.244485e-33	0	-322.80297
529200	-0.65074809	7.1360104e-33	0	-321.46545
529300	-0.47012446	4.1947608e-32	0	-313.77293
529400	-0.2457569	3.8000129e-33	0	-324.20215
529500	-3.3361452e-13	2.8956851e-32	0	-315.38249
529600	0.24296015	8.1067379e-32	0	-310.91154
529700	0.45948518	5.0313196e-33	0	-322.98318
529800	0.62878323	4.317848e-32	0	-313.64733
529900	0.73490377	6.1195106e-32	0	-312.13283
530000	0.76823725	6.8913045e-32	0	-311.61699
530100	0.72637903	3.4215311e-32	0	-314.6578
530200	0.61428037	1.3134409e-31	0	-308.81589
530300	0.44368028	1.2523175e-31	0	-309.02286
530400	0.23188182	5.8992188e-32	0	-312.29205
530500	2.3794691e-13	9.4058869e-31	0	-300.266
530600	-0.2291416	2.1479631e-30	0	-296.67973
530700	-0.43325607	2.0939335e-30	0	-296.79037
530800	-0.59275954	9.536151e-31	0	-300.20627
530900	-0.69264826	2.8047231e-31	0	-305.5211
531000	-0.72390659	1.955129e-31	0	-307.08825
531100	-0.68431426	4.8673668e-32	0	-313.12706
531200	-0.57858119	5.1828425e-31	0	-302.85432
531300	-0.41780481	6.9203042e-31	0	-301.59875
531400	-0.21831116	2.4047091e-31	0	-306.18937
531500	-3.1136637e-13	5.1159572e-30	0	-292.91073
531600	0.21563829	1.4482619e-29	0	-288.39153
531700	0.40763683	1.6160713e-29	0	-287.91539
531800	0.55758933	8.367744e-30	0	-290.77392
531900	0.65141256	8.2621876e-31	0	-300.82905
532000	0.68066553	4.2669154e-31	0	-303.69886
532100	0.6433022	8.2695923e-31	0	-300.82516
532200	0.54379143	1.6431944e-31	0	-307.84311
532300	0.39260018	2.3837723e-31	0	-306.22735
532400	0.20509847	4.7935721e-31	0	-303.19341
532500	2.2459367e-13	6.8888155e-31	0	-301.61855
532600	-0.2025035	2.0134966e-30	0	-296.96049
532700	-0.38272854	2.4806253e-30	0	-296.05439
532800	-0.52341138	1.2424569e-30	0	-299.05719
532900	-0.61135943	1.8993572e-31	0	-307.21393
533000	-0.63868474	1.7050186e-31	0	-307.68271
533100	-0.60350471	1.1138344e-31	0	-309.53179
533200	-0.5100484	5.7112636e-32	0	-312.43268
533300	-0.36816586	8.3368089e-32	0	-310.79
533400	-0.1922959	7.9899596e-32	0	-310.97455
533500	-2.874812e-13	9.8922654e-32	0	-310.04704
533600	0.18978908	8.0588285e-32	0	-310.93728
533700	0.35862953	1.0162129e-31	0	-309.93015
533800	0.49036059	2.4529141e-32	0	-316.10318
533900	0.57264693	2.9622034e-32	0	-315.28385
534000	0.5981299	4.6266369e-32	0	-313.34735
534100	0.56507885	2.5639363e-34	0	-335.91093
534200	0.47748526	2.2488879e-32	0	-316.48032
534300	0.34459827	4.0321334e-32	0	-313.94465
534400	0.17995397	1.0296538e-31	0	-309.87309
534500	2.0945739e-13	2.1827676e-31	0	-306.60993
534600	-0.17754519	6.2127505e-32	0	-312.06716
534700	-0.33543488	1.8969632e-31	0	-307.21941
534800	-0.45856739	1.3290734e-32	0	-318.76451
534900	-0.53542783	7.7818015e-33	0	-321.0892
535000	-0.55916106	6.4824947e-32	0	-311.88258
535100	-0.52817626	1.1307382e-33	0	-329.46638
535200	-0.44623053	1.2702278e-32	0	-318.96118
535300	-0.32199043	5.1929301e-32	0	-312.84588
535400	-0.1681214	1.5912782e-32	0	-317.98254
535500	-1.4005234e-13	7.0223763e-32	0	-311.53516
535600	0.16582015	4.1133823e-32	0	-313.85801
535700	0.31323615	4.1108227e-32	0	-313.86071
535800	0.42815726	1.4063153e-32	0	-318.51917
535900	0.49984904	2.2880553e-32	0	-316.40533
536000	0.52193201	2.0255037e-32	0	-316.93467
536100	0.49294259	1.8875539e-32	0	-317.24101
536200	0.41640754	1.2762239e-32	0	-318.94073
536300	0.30043156	6.2087822e-33	0	-322.06994
536400	0.15684488	4.726474e-33	0	-323.25463
536500	1.9337595e-13	1.4935767e-32	0	-318.25772
536600	-0.15466026	1.0735403e-32	0	-319.69182
536700	-0.29212093	1.7591974e-32	0	-317.54685
536800	-0.39925021	3.155732e-33	0	-325.009
536900	-0.46605095	4.3579776e-32	0	-313.60715
537000	-0.48658967	2.3663986e-32	0	-316.25912
537100	-0.45951688	6.2133932e-32	0	-312.06671
537200	-0.38813401	2.2797723e-32	0	-316.42109
537300	-0.28000675	1.6695033e-33	0	-327.77413
537400	-0.14616891	3.3266904e-33	0	-324.77988
537500	-1.3186638e-13	4.2319306e-32	0	-313.73461
537600	0.14410953	5.3030166e-33	0	-322.75477
537700	0.27217257	5.9128832e-33	0	-322.28201
537800	0.37196031	2.5703113e-33	0	-325.90014
537900	0.43416696	1.6180882e-32	0	-317.90998
538000	0.45327353	4.9408876e-33	0	-323.06195
538100	0.42803106	1.0963127e-32	0	-319.60066
538200	0.36152151	1.7185402e-33	0	-327.6484
538300	0.2607966	1.102553e-33	0	-329.57601
538400	0.13613563	3.2005655e-33	0	-324.94773
538500	1.7725497e-13	9.6288712e-33	0	-320.16425
538600	-0.13420962	1.075167e-32	0	-319.68524
538700	-0.25346979	7.6508806e-33	0	-321.16289
538800	-0.34639528	3.8408506e-32	0	-314.15573
538900	-0.40432289	1.3411033e-31	0	-308.72538
539000	-0.42211507	2.1933636e-32	0	-316.58889
539100	-0.39860938	1.7900404e-31	0	-307.47137
539200	-0.33667507	1.1746561e-32	0	-319.30089
539300	-0.24287692	8.821994e-33	0	-320.54433
539400	-0.12678463	1.9066445e-32	0	-317.1973
539500	-1.2316235e-13	2.9965729e-32	0	-315.23375
539600	0.1249996	5.9002626e-32	0	-312.29129
539700	0.2360864	1.021306e-32	0	-319.90844
539800	0.32265601	3.437477e-31	0	-304.6376
539900	0.37663653	9.0529189e-31	0	-300.43211
540000	0.39323725	5.567295e-32	0	-312.54356
540100	0.37136796	9.5694741e-31	0	-300.19112
540200	0.31369275	7.0472518e-32	0	-311.5198
540300	0.22631843	8.3090617e-33	0	-320.80448
540400	0.11815282	6.5387291e-32	0	-311.84507
540500	1.620487e-13	2.8442683e-32	0	-315.46029
540600	-0.11651581	2.7794527e-32	0	-315.56041
540700	-0.220091	4.6391112e-32	0	-313.33565
540800	-0.30083618	8.6490017e-32	0	-310.63034
540900	-0.35121715	1.8190431e-31	0	-307.40157
541000	-0.36675406	3.298309e-32	0	-314.81709
541100	-0.3464143	9.0331669e-32	0	-310.4416
541200	-0.29266525	6.5644468e-33	0	-321.82802
541300	-0.2111865	1.7394808e-32	0	-317.5958
541400	-0.11027426	2.310615e-33	0	-326.36272
541500	-1.1479941e-13	3.3524362e-33	0	-324.74639
541600	0.10879173	1.5327733e-32	0	-318.14522
541700	0.20554672	9.734765e-33	0	-320.11675
541800	0.28102191	4.2831046e-32	0	-313.68241
541900	0.32816506	3.8882918e-32	0	-314.10241
542000	0.34276999	1.852974e-33	0	-327.32131
542100	0.32384689	1.9109411e-33	0	-327.18753
542200	0.27367555	4.546397e-32	0	-313.42333
542300	0.19754082	1.7146895e-33	0	-327.65815
542400	0.10318005	1.1394177e-32	0	-319.43317
542500	1.4873918e-13	1.0876362e-32	0	-319.63516
542600	-0.10185785	2.3943663e-34	0	-336.20809
542700	-0.19251097	8.5135706e-32	0	-310.69888
542800	-0.26329139	2.1927617e-31	0	-306.59009
542900	-0.30757123	7.0209152e-32	0	-311.53606
543000	-0.32137971	9.1584423e-33	0	-320.38178
543100	-0.30375478	4.891735e-33	0	-323.10537
543200	-0.2567986	5.6272613e-32	0	-312.49703
543300	-0.18543526	2.974252e-32	0	-315.26622
543400	-0.096898187	2.6565833e-33	0	-325.75677
543500	-1.0767049e-13	1.2966288e-33	0	-328.87184
543600	0.095741535	1.6510186e-32	0	-317.82248
543700	0.18103518	9.0395702e-33	0	-320.43852
543800	0.24771461	3.8735476e-32	0	-314.11891
543900	0.28951695	3.328524e-32	0	-314.77748
544000	0.30266764	1.4718903e-33	0	-328.32125
544100	0.28621729	2.8797748e-35	0	-345.40641
544200	0.242101	1.9973227e-32	0	-316.99552
544300	0.17491759	6.1452122e-33	0	-322.11463
544400	0.091453458	1.7599671e-34	0	-337.54495
544500	1.3831452e-13	1.6073851e-32	0	-317.9388
544600	-0.090466919	4.218655e-33	0	-323.74826
544700	-0.17116465	1.5459956e-32	0	-318.10792
544800	-0.23435303	2.4190481e-33	0	-326.16355
544900	-0.27407346	1.1130827e-32	0	-319.53473
545000	-0.28670761	8.6288926e-34	0	-330.64045
545100	-0.27130361	1.6947468e-33	0	-327.70895
545200	-0.22964076	1.3597262e-32	0	-318.66549
545300	-0.16602933	4.2823439e-33	0	-323.68318
545400	-0.086867353	5.2068009e-33	0	-322.83429
545500	-1.0268162e-13	2.986342e-32	0	-315.2486
545600	0.08605482	2.1245631e-32	0	-316.7273
545700	0.16293833	6.3852082e-32	0	-311.94825
545800	0.22325938	2.9006142e-33	0	-325.3751
545900	0.26130172	2.2114186e-32	0	-316.55329
546000	0.27356263	1.5922462e-32	0	-317.9799
546100	0.2590726	3.7276736e-32	0	-314.28562
546200	0.21946706	2.9789883e-32	0	-315.25931
546300	0.15880554	8.2876365e-34	0	-330.81569
546400	0.083157971	3.4128673e-34	0	-334.66881
546500	7.0795973e-14	1.888363e-32	0	-317.23915
546600	-0.082522651	4.0574645e-33	0	-323.91745
546700	-0.15638868	3.4618159e-32	0	-314.60696
546800	-0.21447745	6.7643775e-33	0	-321.69772
546900	-0.25125212	3.1992911e-33	0	-324.94946
547000	-0.26328456	5.7890222e-34	0	-332.37395
547100	-0.24957254	1.4533004e-32	0	-318.37645
547200	-0.21162004	3.2998473e-33	0	-324.81506
547300	-0.15327473	4.2041483e-33	0	-323.76322
547400	-0.080339951	1.561072e-32	0	-318.06577
547500	-1.0073046e-13	7.7519085e-33	0	-321.10591
547600	0.079884351	1.5380818e-33	0	-328.13021
547700	0.15154157	8.5730731e-32	0	-310.66863
547800	0.2080419	6.4201173e-32	0	-311.92457
547900	0.24396433	4.0521243e-32	0	-313.92317
548000	0.25591397	6.3066258e-32	0	-312.00203
548100	0.24284091	2.3736886e-32	0	-316.24576
548200	0.20613067	9.0664358e-33	0	-320.42563
548300	0.14945875	8.4804613e-33	0	-320.71581
548400	0.078424415	6.594203e-32	0	-311.80838
548500	7.2366781e-14	5.4259644e-32	0	-312.65523
548600	-0.078150334	4.1143353e-32	0	-313.857
548700	-0.1484161	4.427054e-31	0	-303.53885
548800	-0.20397812	5.6452738e-31	0	-302.48315
548900	-0.23946711	8.992305e-32	0	-310.46129
549000	-0.25147995	5.6100519e-31	0	-302.51033
549100	-0.23890429	4.7009411e-32	0	-313.27815
549200	-0.20302062	7.9101522e-33	0	-321.01815
549300	-0.14737263	3.883971e-32	0	-314.10724
549400	-0.077418922	3.3139927e-32	0	-314.79648
549500	-1.0268458e-13	1.6066324e-32	0	-317.94083
549600	0.077327442	4.2820297e-32	0	-313.6835
549700	0.14702463	8.9592146e-32	0	-310.4773
549800	0.20230216	9.5058706e-32	0	-310.22008
549900	0.23777821	5.9093811e-33	0	-322.28458
550000	0.25	4.6522259e-32	0	-313.32339
550100	0.23777821	1.1110659e-33	0	-329.5426
550200	0.20230216	2.4096977e-33	0	-326.18037
550300	0.14702463	1.777998e-33	0	-327.50069
550400	0.077327442	5.9456179e-33	0	-322.25803
550500	7.6919943e-14	3.5402654e-33	0	-324.50964
550600	-0.077418922	1.7447572e-32	0	-317.58265
550700	-0.14737263	2.5122682e-32	0	-315.99934
550800	-0.20302062	3.2746769e-32	0	-314.84832
550900	-0.23890429	4.6583872e-34	0	-333.31764
551000	-0.25147995	4.9878536e-33	0	-323.02086
551100	-0.23946711	7.793173e-33	0	-321.08286
551200	-0.20397812	2.6183035e-33	0	-325.8198
551300	-0.1484161	1.0506404e-33	0	-329.78546
551400	-0.078150334	2.008941e-32	0	-316.97033
551500	-1.0936001e-13	1.9591127e-32	0	-317.07941
551600	0.078424415	1.0386723e-31	0	-309.83521
551700	0.14945875	1.8366177e-31	0	-307.35981
551800	0.20613067	1.4001939e-31	0	-308.53812
551900	0.24284091	8.1657549e-33	0	-320.88004
552000	0.25591397	3.3043153e-33	0	-324.80919
552100	0.24396433	1.0902746e-32	0	-319.62464
552200	0.2080419	3.8578901e-33	0	-324.1365
552300	0.15154157	3.3295734e-33	0	-324.77611
552400	0.079884351	9.9650403e-34	0	-330.01521
552500	8.5232475e-14	5.9255248e-34	0	-332.27273
552600	-0.080339951	1.3307908e-32	0	-318.7589
552700	-0.15327473	3.6420403e-32	0	-314.38655
552800	-0.21162004	1.7514685e-32	0	-317.56598
552900	-0.24957254	5.9860095e-33	0	-322.22863
553000	-0.26328456	7.6514105e-34	0	-331.16258
553100	-0.25125212	2.2721357e-33	0	-326.43566
553200	-0.21447745	7.9780939e-33	0	-320.98101
553300	-0.15638868	2.1905035e-32	0	-316.59456
553400	-0.082522651	3.2051729e-34	0	-334.94149
553500	-1.2150027e-13	2.0231961e-34	0	-336.93962
553600	0.083157971	2.2468578e-34	0	-336.48424
553700	0.15880554	1.2558866e-33	0	-329.0105
553800	0.21946706	1.9147161e-32	0	-317.17896
553900	0.2590726	2.8196477e-33	0	-325.49805
554000	0.27356263	4.9282741e-33	0	-323.07305
554100	0.26130172	8.8488056e-33	0	-320.53115
554200	0.22325938	2.9812564e-32	0	-315.25601
554300	0.16293833	6.9014601e-32	0	-311.61059
554400	0.08605482	4.2921729e-33	0	-323.67323
554500	9.8020104e-14	5.6872308e-32	0	-312.45099
554600	-0.086867353	1.1653194e-32	0	-319.33555
554700	-0.16602933	4.7302358e-33	0	-323.25117
554800	-0.22964076	3.4415919e-32	0	-314.63241
554900	-0.27130361	1.4971498e-33	0	-328.24735
555000	-0.28670761	1.271387e-33	0	-328.95722
555100	-0.27407346	4.3832255e-33	0	-323.58206
555200	-0.23435303	1.8424531e-33	0	-327.34604
555300	-0.17116465	2.0944624e-32	0	-316.78927
555400	-0.090466919	3.5313489e-33	0	-324.52059
555500	-1.3975673e-13	9.6653584e-33	0	-320.14782
555600	0.091453458	7.4779088e-34	0	-331.2622
555700	0.17491759	7.6920341e-33	0	-321.13959
555800	0.242101	1.3654997e-32	0	-318.64708
555900	0.28621729	1.9766817e-34	0	-337.04063
556000	0.30266764	1.1318409e-32	0	-319.46215
556100	0.28951695	2.6324612e-32	0	-315.79638
556200	0.24771461	2.6055493e-32	0	-315.84101
556300	0.18103518	1.0776677e-32	0	-319.67515
556400	0.095741535	5.0766121e-33	0	-322.94426
556500	1.1591798e-13	2.4581435e-33	0	-326.09393
556600	-0.096898187	7.3516594e-33	0	-321.33615
556700	-0.18543526	3.6813017e-33	0	-324.33999
556800	-0.2567986	4.0668022e-33	0	-323.90747
556900	-0.30375478	7.5806992e-33	0	-321.20291
557000	-0.32137971	1.9533205e-32	0	-317.09226
557100	-0.30757123	9.9267885e-32	0	-310.03191
557200	-0.26329139	1.9131533e-31	0	-307.1825
557300	-0.19251097	9.2685183e-32	0	-310.3299
557400	-0.10185785	8.7765729e-33	0	-320.56675
557500	-8.9240224e-14	1.0593099e-32	0	-319.74977
557600	0.10318005	6.2015479e-34	0	-332.075
557700	0.19754082	6.9251519e-33	0	-321.59571
557800	0.27367555	1.9659636e-32	0	-317.06425
557900	0.32384689	3.3464525e-34	0	-334.75415
558000	0.34276999	3.7046185e-33	0	-324.31257
558100	0.32816506	4.3422335e-32	0	-313.62287
558200	0.28102191	3.0668979e-32	0	-315.13301
558300	0.20554672	8.6045276e-33	0	-320.65273
558400	0.10879173	1.8403514e-32	0	-317.35099
558500	1.3946281e-13	1.9979393e-33	0	-326.99418
558600	-0.11027426	3.9652912e-33	0	-324.01725
558700	-0.2111865	1.2953247e-32	0	-318.87621
558800	-0.29266525	2.8690855e-33	0	-325.42257
558900	-0.3464143	9.2484897e-32	0	-310.33929
559000	-0.36675406	1.6140088e-32	0	-317.92094
559100	-0.35121715	1.6870068e-31	0	-307.72883
559200	-0.30083618	1.0075259e-31	0	-309.96744
559300	-0.220091	5.8874138e-32	0	-312.30075
559400	-0.11651581	3.0715366e-32	0	-315.12644
559500	-1.1032397e-13	3.1069724e-32	0	-315.07663
559600	0.11815282	9.3266712e-32	0	-310.30273
559700	0.22631843	9.6520439e-33	0	-320.15381
559800	0.31369275	1.2705836e-31	0	-308.95997
559900	0.37136796	9.3283764e-31	0	-300.30194
560000	0.39323725	2.6745078e-32	0	-315.72756
560100	0.37663653	9.4813625e-31	0	-300.23129
560200	0.32265601	4.4791896e-31	0	-303.48801
560300	0.2360864	3.8521417e-32	0	-314.14298
560400	0.1249996	9.6936862e-32	0	-310.13511
560500	1.690769e-13	5.1434554e-32	0	-312.88745
560600	-0.12678463	2.3641802e-32	0	-316.26319
560700	-0.24287692	1.3102704e-32	0	-318.82639
560800	-0.33667507	3.9485831e-32	0	-314.03559
560900	-0.39860938	1.4627432e-31	0	-308.34832
561000	-0.42211507	1.7864388e-32	0	-317.48012
561100	-0.40432289	1.2210226e-31	0	-309.13276
561200	-0.34639528	6.4969369e-32	0	-311.87291
561300	-0.25346979	1.0730669e-32	0	-319.69373
561400	-0.13420962	1.2711898e-32	0	-318.9579
561500	-1.365286e-13	6.9447265e-33	0	-321.58345
561600	0.13613563	6.4980252e-33	0	-321.87219
561700	0.2607966	3.9309735e-33	0	-324.055
561800	0.36152151	4.7765683e-33	0	-323.20884
561900	0.42803106	6.9988733e-33	0	-321.54972
562000	0.45327353	2.5791662e-33	0	-325.88521
562100	0.43416696	3.6162429e-33	0	-324.41742
562200	0.37196031	2.7701958e-33	0	-325.5749
562300	0.27217257	2.581199e-32	0	-315.88179
562400	0.14410953	3.4638531e-33	0	-324.60441
562500	2.0505424e-13	1.8980294e-33	0	-327.21697
562600	-0.14616891	2.8544888e-33	0	-325.44472
562700	-0.28000675	1.9853874e-32	0	-317.02155
562800	-0.38813401	1.9229163e-32	0	-317.1604
562900	-0.45951688	4.0043743e-32	0	-313.97465
563000	-0.48658967	1.4217689e-32	0	-318.47171
563100	-0.46605095	1.6989429e-32	0	-317.69821
563200	-0.39925021	6.5245906e-33	0	-321.85447
563300	-0.29212093	1.4411425e-31	0	-308.41293
563400	-0.15466026	6.3969536e-34	0	-331.94027
563500	-1.6818312e-13	1.6922415e-33	0	-327.71538
563600	0.15684488	4.2933077e-33	0	-323.67208
563700	0.30043156	9.9540017e-33	0	-320.02002
563800	0.41640754	3.6500627e-33	0	-324.377
563900	0.49294259	1.0322575e-32	0	-319.86212
564000	0.52193201	9.4929372e-33	0	-320.22599
564100	0.49984904	7.5634384e-33	0	-321.21281
564200	0.42815726	2.2748585e-33	0	-326.43046
564300	0.31323615	2.4861547e-32	0	-316.04472
564400	0.16582015	1.0725669e-32	0	-319.69576
564500	2.4754934e-13	4.8263753e-33	0	-323.16379
564600	-0.1681214	2.544861e-32	0	-315.94336
564700	-0.32199043	6.9057402e-33	0	-321.6079
564800	-0.44623053	1.6183735e-33	0	-327.90921
564900	-0.52817626	7.4718701e-33	0	-321.26571
565000	-0.55916106	4.5740922e-32	0	-313.39695
565100	-0.53542783	2.0165194e-32	0	-316.95398
565200	-0.45856739	1.8455934e-33	0	-327.33864
565300	-0.33543488	2.4772998e-32	0	-316.06021
565400	-0.17754519	3.6722119e-33	0	-324.35072
565500	-2.0548831e-13	1.8986429e-33	0	-327.21557
565600	0.17995397	1.4995586e-31	0	-308.24037
565700	0.34459827	2.6079245e-33	0	-325.83705
565800	0.47748526	6.7519271e-33	0	-321.70572
565900	0.56507885	3.1886427e-32	0	-314.96394
566000	0.5981299	9.2038069e-32	0	-310.36032
566100	0.57264693	8.6278999e-32	0	-310.64095
566200	0.49036059	2.4302733e-32	0	-316.14345
566300	0.35862953	2.4215435e-33	0	-326.15908
566400	0.18978908	1.1658845e-33	0	-329.33344
566500	2.9656869e-13	3.4353345e-34	0	-334.64031
566600	-0.1922959	2.0558587e-32	0	-316.87007
566700	-0.36816586	2.2412515e-33	0	-326.49509
566800	-0.5100484	3.7789438e-33	0	-324.2263
566900	-0.60350471	7.4568562e-33	0	-321.27444
567000	-0.63868474	3.9198847e-32	0	-314.06727
567100	-0.61135943	1.0528713e-32	0	-319.77625
567200	-0.52341138	5.1264346e-33	0	-322.90185
567300	-0.38272854	5.4779336e-33	0	-322.61383
567400	-0.2025035	8.7842082e-33	0	-320.56297
567500	-2.4850785e-13	1.1508075e-33	0	-329.38997
567600	0.20509847	2.24395e-32	0	-316.48987
567700	0.39260018	4.40122e-32	0	-313.56427
567800	0.54379143	8.4094736e-32	0	-310.75231
567900	0.6433022	1.8110012e-32	0	-317.42081
568000	0.68066553	2.0270267e-31	0	-306.93141
568100	0.65141256	2.0689615e-31	0	-306.84248
568200	0.55758933	3.9395881e-32	0	-314.04549
568300	0.40763683	6.2101882e-33	0	-322.06895
568400	0.21563829	1.6338779e-31	0	-307.8678
568500	1.9231744e-13	4.2391702e-32	0	-313.72719
568600	-0.21831116	9.1456091e-33	0	-320.38787
568700	-0.41780481	3.9476722e-31	0	-304.03659
568800	-0.57858119	1.2881441e-30	0	-298.90036
568900	-0.68431426	7.6965199e-33	0	-321.13706
569000	-0.72390659	1.3557571e-30	0	-298.67818
569100	-0.69264826	5.0181124e-31	0	-302.9946
569200	-0.59275954	1.5138716e-33	0	-328.19911
569300	-0.43325607	5.3400329e-32	0	-312.72456
569400	-0.2291416	1.3899469e-31	0	-308.57002
569500	-2.9716247e-13	2.3629715e-33	0	-326.26542
569600	0.23188182	8.4886448e-33	0	-320.71162
569700	0.44368028	1.2744856e-31	0	-308.94665
569800	0.61428037	1.4179632e-31	0	-308.48335
569900	0.72637903	1.2711902e-32	0	-318.95789
570000	0.76823725	1.4453636e-31	0	-308.40023
570100	0.73490377	1.2353402e-31	0	-309.08213
570200	0.62878323	1.659703e-32	0	-317.7997
570300	0.45948518	4.9732292e-33	0	-323.03362
570400	0.24296015	4.9737468e-32	0	-313.03316
570500	2.3363967e-13	3.7104581e-32	0	-314.30572
570600	-0.2457569	1.7168958e-32	0	-317.65256
570700	-0.47012446	6.1092876e-32	0	-312.14009
570800	-0.65074809	1.5649642e-32	0	-318.05496
570900	-0.7693305	4.6925893e-33	0	-323.28587
571000	-0.81348258	2.037526e-32	0	-316.90897
571100	-0.77801233	3.7319904e-32	0	-314.28059
571200	-0.66551821	8.2463668e-33	0	-320.83737
571300	-0.48622062	1.9224116e-32	0	-317.16154
571400	-0.25703939	4.5894489e-32	0	-313.38239
571500	-3.5122705e-13	4.6431039e-32	0	-313.33192
571600	0.25988164	1.281062e-31	0	-308.9243
571700	0.497033	1.3037201e-31	0	-308.84816
571800	0.68784042	2.9990849e-32	0	-315.23011
571900	0.81299915	1.9702266e-32	0	-317.05484
572000	0.85946401	8.5253155e-33	0	-320.6929
572100	0.82180382	3.5959581e-32	0	-314.44185
572200	0.70281952	1.8507166e-32	0	-317.3266
572300	0.5133569	1.9986315e-32	0	-316.99267
572400	0.27132376	3.6054975e-32	0	-314.43035
572500	2.7982945e-13	7.2414165e-32	0	-311.40176
572600	-0.2742003	4.9618127e-32	0	-313.0436
572700	-0.52429969	6.706229e-32	0	-311.73522
572800	-0.72541098	4.4022484e-32	0	-313.56325
572900	-0.85721266	1.519058e-32	0	-318.18426
573000	-0.90600007	2.5525679e-32	0	-315.93023
573100	-0.86610542	5.770849e-32	0	-312.3876
573200	-0.74053994	2.861244e-32	0	-315.43445
573300	-0.5407869	4.3239809e-32	0	-313.64116
573400	-0.28575689	1.0356561e-32	0	-319.84784
573500	-4.1033102e-13	7.6943293e-32	0	-311.13829
573600	0.28865636	1.4819444e-31	0	-308.29168
573700	0.55181693	6.9845566e-32	0	-311.55861
573800	0.7633115	7.6758267e-32	0	-311.14875
573900	0.90179653	4.2541599e-32	0	-313.71186
574000	0.95290711	3.8829215e-32	0	-314.10841
574100	0.91074228	9.7790875e-32	0	-310.09702
574200	0.77853061	1.0534669e-31	0	-309.77379
574300	0.56840239	6.9749261e-32	0	-311.5646
574400	0.30028181	7.3784007e-32	0	-311.32038
574500	3.3060941e-13	2.7402774e-31	0	-305.62205
574600	-0.30319277	3.5627617e-31	0	-304.48213
574700	-0.57947613	2.1928243e-31	0	-306.58996
574800	-0.80139239	2.2826839e-31	0	-306.41554
574900	-0.9465748	1.1746854e-31	0	-309.30078
575000	-1	1.9670451e-31	0	-307.06186
575100	-0.95553824	3.0492408e-31	0	-305.15808
575200	-0.8166416	2.8148771e-31	0	-305.50541
575300	-0.59609438	3.3148529e-31	0	-304.79536
575400	-0.31484121	2.7192422e-31	0	-305.65552
575500	-4.7396193e-13	5.7711592e-31	0	-302.38737
575600	0.31775217	6.8961102e-31	0	-301.61396
575700	0.60716811	6.7840624e-31	0	-301.6851
575800	0.83950337	1.4020601e-30	0	-298.53233
575900	0.99137076	8.812108e-31	0	-300.5492
576000	1.0470929	2.3620528e-30	0	-296.2671
576100	1.0003165	1.3311749e-29	0	-288.75765
576200	0.85472249	2.4159858e-29	0	-286.16906
576300	0.62375357	1.6826741e-29	0	-287.74
576400	0.32937763	4.2191735e-30	0	-293.74773
576500	3.8556668e-13	2.1928628e-30	0	-296.58989
576600	-0.3322771	1.3355973e-30	0	-298.74324
576700	-0.6347836	1.6677895e-30	0	-297.77859
576800	-0.87749404	7.2992906e-30	0	-291.36719
576900	-1.0360076	1.671482e-30	0	-297.76898
577000	-1.0939999	1.1130446e-29	0	-289.53487
577100	-1.0449004	8.5297682e-29	0	-280.69063
577200	-0.89262301	1.5752585e-28	0	-278.02648
577300	-0.65127081	1.2497059e-28	0	-279.03192
577400	-0.34383369	3.5378914e-29	0	-284.51256
577500	-5.414723e-13	1.0881132e-31	0	-309.63326
577600	0.34671023	6.286614e-30	0	-292.01583
577700	0.66221361	4.5168658e-30	0	-293.45163
577800	0.91521447	6.5549813e-31	0	-301.83429
577900	1.0803092	2.7391246e-30	0	-295.62388
578000	1.140536	2.3471812e-30	0	-296.29453
578100	1.0891139	1.0840345e-29	0	-289.64957
578200	0.93019357	2.3258995e-29	0	-286.33409
578300	0.67853751	1.9675089e-29	0	-287.06083
578400	0.35815234	5.8256182e-30	0	-292.34658
578500	4.4415857e-13	1.045146e-30	0	-299.80823
578600	-0.3609946	1.5469034e-30	0	-298.10537
578700	-0.68934988	9.4992404e-31	0	-300.22311
578800	-0.95251578	6.0179421e-31	0	-302.20552
578900	-1.1241007	6.2714711e-31	0	-302.02631
579000	-1.1865174	4.8542653e-31	0	-303.13876
579100	-1.1327825	5.2278182e-31	0	-302.8168
579200	-0.9672859	5.1848534e-31	0	-302.85264
579300	-0.70544604	1.9241902e-31	0	-307.15752
579400	-0.37227708	3.6921798e-31	0	-304.32717
579500	-6.120896e-13	3.2833719e-31	0	-304.8368
579600	0.37507384	2.2182619e-31	0	-306.53987
579700	0.71608533	2.6570383e-31	0	-305.75602
579800	0.98925076	2.4576065e-31	0	-306.09488
579900	1.1672093	1.1878356e-31	0	-309.25244
580000	1.2317627	3.4987517e-31	0	-304.56087
580100	1.175734	3.4221912e-31	0	-304.65696
580200	1.0037536	3.6574448e-31	0	-304.36822
580300	0.73189022	6.1855391e-32	0	-312.08622
580400	0.38615217	1.8778637e-31	0	-307.26336
580500	5.0572147e-13	2.4816635e-31	0	-306.05257
580600	-0.38889238	1.5469254e-31	0	-308.10531
580700	-0.74231443	1.057588e-31	0	-309.75684
580800	-1.0252744	1.7787513e-31	0	-307.49885
580900	-1.2094648	6.2339417e-32	0	-312.05237
581000	-1.2760934	1.5660139e-31	0	-308.05204
581100	-1.2177988	1.9491366e-31	0	-307.10158
581200	-1.0394528	1.6543655e-31	0	-307.81369
581300	-0.75776569	6.4727037e-32	0	-311.88914
581400	-0.39972283	1.4586712e-31	0	-308.36043
581500	-3.8982972e-13	9.5531401e-32	0	-310.19854
581600	0.4023957	8.7549091e-32	0	-310.57748
581700	0.76793368	1.1149368e-31	0	-309.5275
581800	1.0604447	6.6676036e-32	0	-311.7603
581900	1.2507005	5.5188415e-32	0	-312.58152
582000	1.3193345	1.0255376e-31	0	-309.89048
582100	1.2588108	4.799841e-32	0	-313.18773
582200	1.0742426	1.4187606e-31	0	-308.48091
582300	0.78297032	4.2875881e-32	0	-313.67787
582400	0.41293552	1.0848242e-31	0	-309.64641
582500	5.6948251e-13	4.9938754e-32	0	-313.01562
582600	-0.41553048	4.3043286e-32	0	-313.66095
582700	-0.79284196	9.921735e-32	0	-310.03412
582800	-1.0946226	4.671438e-32	0	-313.30549
582900	-1.2907536	3.0984579e-32	0	-315.08854
583000	-1.3613153	1.0086312e-31	0	-309.96268
583100	-1.2986083	2.1323621e-32	0	-316.71139
583200	-1.1079856	2.2409791e-31	0	-306.49562
583300	-0.80740465	3.1571467e-32	0	-315.00705
583400	-0.42573809	2.4450203e-31	0	-306.11718
583500	-4.4482912e-13	2.7951098e-32	0	-315.53601
583600	0.42824491	2.260594e-32	0	-316.45777
583700	0.81694098	1.3869073e-31	0	-308.57953
583800	1.1276734	3.9885276e-32	0	-313.99187
583900	1.3294661	4.7299203e-32	0	-313.25146
584000	1.4018701	1.1464151e-31	0	-309.40658
584100	1.3370342	4.4339428e-32	0	-313.5321
584200	1.1405487	6.9069989e-32	0	-311.60711
584300	0.83097223	5.4774865e-32	0	-312.61419
584400	0.43808002	1.391582e-31	0	-308.56491
584500	6.34574e-13	6.8145319e-32	0	-311.66564
584600	-0.4404888	9.1345295e-32	0	-310.39314
584700	-0.84013562	1.8774116e-31	0	-307.26441
584800	-1.1594666	8.9281143e-32	0	-310.4924
584900	-1.3666852	1.4968523e-31	0	-308.24821
585000	-1.4408389	9.0551802e-31	0	-300.43103
585100	-1.3739368	1.3425631e-30	0	-298.72065
585200	-1.1718035	6.4128884e-31	0	-301.92946
585300	-0.85358007	3.407325e-32	0	-314.67586
585400	-0.44991259	1.8699345e-31	0	-307.28174
585500	-5.0137926e-13	1.0420297e-31	0	-309.8212
585600	0.45221383	1.3811935e-31	0	-308.59745
585700	0.86233436	5.2283602e-31	0	-302.81635
585800	1.1898767	6.5248393e-32	0	-311.8543
585900	1.402264	6.3397092e-31	0	-301.97931
586000	1.478068	4.3827427e-30	0	-293.58254
586100	1.4091704	7.2866362e-30	0	-291.37473
586200	1.2016264	4.3487561e-30	0	-293.61635
586300	0.87513894	6.2226147e-31	0	-302.06027
586400	0.46118911	4.2472663e-32	0	-313.71891
586500	7.0005032e-13	2.7763513e-31	0	-305.56526
586600	-0.46337373	6.4591206e-32	0	-311.89827
586700	-0.88344957	1.3896559e-31	0	-308.57093
586800	-1.2187838	8.6992049e-32	0	-310.6052
586900	-1.4360621	6.9491248e-32	0	-311.5807
587000	-1.5134103	7.0188494e-31	0	-301.53734
587100	-1.4425961	1.2305463e-30	0	-299.09902
587200	-1.2299	6.5156568e-31	0	-301.86042
587300	-0.89556376	7.4668282e-32	0	-311.26864
587400	-0.47186508	2.3687179e-32	0	-316.25487
587500	-5.5864222e-13	4.1153716e-32	0	-313.85591
587600	0.47392446	3.9332447e-33	0	-324.05249
587700	0.90339793	3.6624914e-32	0	-314.36223
587800	1.2460737	2.8493997e-32	0	-315.45247
587900	1.4679461	2.7397273e-32	0	-315.62293
588000	1.5467265	6.239092e-32	0	-312.04879
588100	1.474082	1.6439803e-32	0	-317.84103
588200	1.2565125	1.7950275e-32	0	-317.45929
588300	0.91477391	2.3508431e-32	0	-316.28776
588400	0.48189836	8.2648828e-34	0	-330.82763
588500	7.649069e-13	1.3893847e-32	0	-318.57177
588600	-0.48382437	7.7476504e-33	0	-321.1083
588700	-0.92210071	2.6201524e-32	0	-315.81673
588800	-1.2716387	1.4306765e-31	0	-308.44459
588900	-1.4977901	5.2206679e-32	0	-312.82274
589000	-1.5778849	1.2713732e-31	0	-308.95727
589100	-1.5035037	4.8876284e-32	0	-313.10902
589200	-1.2813589	8.9141621e-33	0	-320.49919
589300	-0.93269359	1.4037271e-32	0	-318.52717
589400	-0.49124936	5.2317064e-34	0	-332.81357
589500	-6.1571833e-13	1.3289843e-32	0	-318.7648
589600	0.49303439	4.4454866e-33	0	-323.52081
589700	0.93948411	8.306512e-33	0	-320.80581
589800	1.295378	4.0290695e-32	0	-313.94795
589900	1.5254765	7.3376119e-33	0	-321.34445
590000	1.6067627	3.3625467e-32	0	-314.73332
590100	1.5307451	7.9597145e-33	0	-320.99103
590200	1.3043412	3.5914151e-33	0	-324.44734
590300	0.94925207	6.5121585e-33	0	-321.86275
590400	0.49988117	9.7244836e-33	0	-320.12133
590500	8.2810102e-13	3.9796552e-34	0	-334.00155
590600	-0.50151818	3.7275603e-33	0	-324.28575
590700	-0.9554795	3.7807726e-33	0	-324.22419
590800	-1.3171978	1.9911378e-32	0	-317.00899
590900	-1.5508959	6.6409698e-33	0	-321.77768
591000	-1.6332459	1.6797559e-32	0	-317.74754
591100	-1.5556987	2.219028e-33	0	-326.53837
591200	-1.3253687	5.1993169e-33	0	-322.84054
591300	-0.96438401	3.3291576e-33	0	-324.77666
591400	-0.50775973	2.3382043e-32	0	-316.31118
591500	-6.7166565e-13	7.2585331e-33	0	-321.39151
591600	0.50924226	8.615264e-33	0	-320.64731
591700	0.97002378	4.6687833e-32	0	-313.30796
591800	1.3370121	5.8733902e-32	0	-312.31111
591900	1.573948	1.538563e-32	0	-318.12885
592000	1.65723	6.6028064e-32	0	-311.80271
592100	1.5782661	3.5991567e-33	0	-324.43799
592200	1.3443584	6.4221298e-33	0	-321.92321
592300	0.97802968	1.6896616e-32	0	-317.722
592400	0.51485394	1.4898042e-32	0	-318.26871
592500	5.0925661e-13	1.3356419e-33	0	-328.7431
592600	-0.51617614	1.7338478e-32	0	-317.60989
592700	-0.98305954	2.106415e-32	0	-316.76456
592800	-1.3547426	1.1796871e-32	0	-319.28233
592900	-1.5945418	3.0842062e-32	0	-315.10857
593000	-1.6786203	2.0050812e-32	0	-316.97868
593100	-1.5983582	9.7713007e-33	0	-320.10048
593200	-1.3612354	9.6068862e-32	0	-310.17417
593300	-0.99013524	6.2168027e-32	0	-312.06433
593400	-0.5211358	1.4322714e-31	0	-308.43975
593500	-7.2552089e-13	6.0845485e-32	0	-312.15772
593600	0.52229245	7.0231194e-32	0	-311.5347
593700	0.99453532	4.584402e-32	0	-313.38717
593800	1.3703194	6.0352471e-33	0	-322.19305
593900	1.6125961	4.5024324e-32	0	-313.46553
594000	1.6973324	2.4808261e-33	0	-326.05404
594100	1.6158957	4.3505492e-32	0	-313.61456
594200	1.375933	3.7395693e-31	0	-304.27178
594300	1.0006529	2.1489402e-31	0	-306.67776
594400	0.52658053	9.6233779e-31	0	-300.16672
594500	5.5745129e-13	6.3064421e-31	0	-302.00216
594600	-0.52756707	7.6007138e-32	0	-311.19146
594700	-1.0044059	1.1875486e-31	0	-309.25349
594800	-1.383681	1.0319894e-31	0	-309.86325
594900	-1.6280396	1.8018797e-32	0	-317.44274
595000	-1.7132924	4.8798227e-34	0	-333.11596
595100	-1.6308094	8.7703191e-33	0	-320.56985
595200	-1.3883932	1.018319e-31	0	-309.92116
595300	-1.0095412	6.4675532e-32	0	-311.8926
595400	-0.53116664	1.2025794e-31	0	-309.19886
595500	-7.7632117e-13	6.9841544e-32	0	-311.55886
595600	0.53197917	1.3908751e-32	0	-318.56712
595700	1.0126322	1.1040833e-32	0	-319.56998
595800	1.3947746	1.4644156e-33	0	-328.34336
595900	1.6408113	1.1841651e-32	0	-319.26588
596000	1.7264374	8.4581715e-34	0	-330.72724
596100	1.6430404	7.8684658e-33	0	-321.0411
596200	1.3985669	1.7815765e-32	0	-317.49196
596300	1.016765	1.1116438e-32	0	-319.54034
596400	0.53487602	1.0067068e-32	0	-319.97097
596500	6.0338192e-13	3.9526853e-32	0	-314.03108
596600	-0.53551134	7.135106e-33	0	-321.466
596700	-1.0191818	1.5174788e-33	0	-328.18877
596800	-1.4035565	8.3149761e-33	0	-320.80139
596900	-1.6508609	6.3601668e-33	0	-321.96531
597000	-1.7367154	4.9294974e-33	0	-323.07197
597100	-1.6525405	6.6301048e-32	0	-311.7848
597200	-1.406414	5.1931019e-32	0	-312.84573
597300	-1.0222958	1.1329972e-31	0	-309.45771
597400	-0.53769404	6.1997549e-32	0	-312.07625
597500	-8.2312643e-13	5.281702e-32	0	-312.77226
597600	0.53814964	3.7742536e-32	0	-314.23169
597700	1.0240289	9.0039172e-33	0	-320.45569
597800	1.4099921	1.198145e-32	0	-319.21491
597900	1.6581487	1.5753006e-33	0	-328.02637
598000	1.744086	4.2363152e-33	0	-323.73012
598100	1.6592721	5.5895242e-33	0	-322.52625
598200	1.4119033	5.0627907e-33	0	-322.9561
598300	1.0261118	9.9715086e-33	0	-320.01239
598400	0.53960957	3.2060487e-32	0	-314.9403
598500	6.4617535e-13	9.0291395e-33	0	-320.44354
598600	-0.53988365	6.8003851e-34	0	-331.67466
598700	-1.0271544	4.9964235e-33	0	-323.01341
598800	-1.4140559	4.8349648e-33	0	-323.15607
598900	-1.6626459	2.6308493e-33	0	-325.79904
599000	-1.74852	9.0403979e-33	0	-320.43812
599100	-1.6632087	9.7882847e-33	0	-320.09293
599200	-1.4150134	8.8312751e-33	0	-320.53977
599300	-1.0281979	1.3738213e-32	0	-318.6207
599400	-0.54061507	1.7968495e-32	0	-317.45488
599500	-8.6504178e-13	7.2693399e-33	0	-321.38505
599600	0.54070655	3.9638556e-33	0	-324.01882
599700	1.0285459	4.1383543e-34	0	-333.83172
599800	1.4157318	1.1701036e-32	0	-319.31776
599900	1.6643348	2.0676684e-32	0	-316.84519
600000	1.75	1.5696072e-32	0	-318.04209
600100	1.6643348	3.4201042e-32	0	-314.65961
600200	1.4157318	4.9931238e-32	0	-313.01628
600300	1.0285459	3.2473667e-32	0	-314.88469
600400	0.54070655	3.2937369e-32	0	-314.82311
600500	6.8499396e-13	2.6293676e-32	0	-315.80149
600600	-0.54061507	4.4401002e-33	0	-323.52607
600700	-1.0281979	3.6778041e-33	0	-324.34411
600800	-1.4150134	1.5925118e-32	0	-317.97917
600900	-1.6632087	1.0390168e-33	0	-329.83377
601000	-1.74852	1.8081204e-33	0	-327.42773
601100	-1.6626459	6.4330929e-33	0	-321.9158
601200	-1.4140559	1.9866183e-32	0	-317.01886
601300	-1.0271544	4.3806051e-33	0	-323.58466
601400	-0.53988365	1.3089642e-32	0	-318.83072
601500	-9.0123944e-13	3.6365776e-33	0	-324.39307
601600	0.53960957	6.2675776e-34	0	-332.029
601700	1.0261118	1.0226039e-34	0	-339.90293
601800	1.4119033	4.1708879e-33	0	-323.79771
601900	1.6592721	5.1744608e-33	0	-322.86135
602000	1.744086	4.0606846e-33	0	-323.91401
602100	1.6581487	2.8168744e-33	0	-325.50233
602200	1.4099921	6.6796441e-33	0	-321.75247
602300	1.0240289	1.8366913e-31	0	-307.35964
602400	0.53814964	9.5915901e-32	0	-310.18109
602500	7.190568e-13	2.6833623e-32	0	-315.71321
602600	-0.53769404	2.8132156e-32	0	-315.50797
602700	-1.0222958	1.5311717e-32	0	-318.14976
602800	-1.406414	6.0210713e-32	0	-312.20326
602900	-1.6525405	4.3101507e-32	0	-313.65508
603000	-1.7367154	3.6587005e-32	0	-314.36673
603100	-1.6508609	3.7708129e-32	0	-314.23565
603200	-1.4035565	3.6686101e-32	0	-314.35498
603300	-1.0191818	1.2778525e-30	0	-298.93519
603400	-0.53551134	4.5682499e-31	0	-303.4025
603500	-5.3718277e-13	1.3667784e-31	0	-308.64302
603600	0.53487602	7.2088927e-32	0	-311.42131
603700	1.016765	2.2980176e-32	0	-316.38647
603800	1.3985669	1.0017185e-32	0	-319.99254
603900	1.6430404	2.927377e-32	0	-315.33521
604000	1.7264374	2.1686126e-32	0	-316.63818
604100	1.6408113	2.7487015e-32	0	-315.60872
604200	1.3947746	8.2928266e-33	0	-320.81297
604300	1.0126322	1.7290445e-31	0	-307.62194
604400	0.53197917	6.7644462e-32	0	-311.69768
604500	7.4765991e-13	2.7280167e-32	0	-315.64153
604600	-0.53116664	1.6627011e-32	0	-317.79186
604700	-1.0095412	3.2256671e-33	0	-324.9138
604800	-1.3883932	3.1581171e-33	0	-325.00572
604900	-1.6308094	1.3564967e-33	0	-328.67581
605000	-1.7132924	7.9259607e-33	0	-321.00948
605100	-1.6280396	1.4255816e-32	0	-318.46008
605200	-1.383681	2.4927353e-32	0	-316.03324
605300	-1.0044059	4.9887523e-32	0	-313.02008
605400	-0.52756707	2.7436052e-33	0	-325.61678
605500	-5.6580873e-13	1.7086115e-32	0	-317.67357
605600	0.52658053	1.6447976e-32	0	-317.83888
605700	1.0006529	6.4751025e-33	0	-321.88753
605800	1.375933	1.0383803e-32	0	-319.83644
605900	1.6158957	1.125499e-32	0	-319.48655
606000	1.6973324	9.4756009e-32	0	-310.23393
606100	1.6125961	1.6785653e-31	0	-307.75062
606200	1.3703194	1.3662238e-31	0	-308.64478
606300	0.99453532	1.1789714e-31	0	-309.28497
606400	0.52229245	1.541227e-32	0	-318.12133
606500	7.7019548e-13	3.4239184e-32	0	-314.65477
606600	-0.5211358	2.2791728e-32	0	-316.42223
606700	-0.99013524	5.8322538e-33	0	-322.34164
606800	-1.3612354	1.0876666e-32	0	-319.63504
606900	-1.5983582	4.3268449e-33	0	-323.63829
607000	-1.6786203	1.6166424e-32	0	-317.91386
607100	-1.5945418	3.3634234e-32	0	-314.73218
607200	-1.3547426	4.3119198e-32	0	-313.65329
607300	-0.98305954	2.7747997e-32	0	-315.56768
607400	-0.51617614	5.1068444e-33	0	-322.91847
607500	-5.8936996e-13	5.6630872e-33	0	-322.46947
607600	0.51485394	1.9796086e-32	0	-317.03421
607700	0.97802968	2.8815491e-32	0	-315.40374
607800	1.3443584	7.6336072e-33	0	-321.1727
607900	1.5782661	9.4005629e-33	0	-320.26846
608000	1.65723	3.823566e-33	0	-324.17531
608100	1.573948	7.5552395e-33	0	-321.21752
608200	1.3370121	2.8190849e-32	0	-315.49892
608300	0.97002378	6.0258072e-33	0	-322.19985
608400	0.50924226	7.7084583e-33	0	-321.13032
608500	7.8616917e-13	4.6955128e-33	0	-323.28317
608600	-0.50775973	1.7130049e-32	0	-317.66241
608700	-0.96438401	3.8568636e-32	0	-314.13766
608800	-1.3253687	2.0400912e-32	0	-316.9035
608900	-1.5556987	2.9272042e-32	0	-315.33547
609000	-1.6332459	5.9429001e-33	0	-322.26002
609100	-1.5508959	2.1405695e-32	0	-316.69471
609200	-1.3171978	2.2809361e-32	0	-316.41887
609300	-0.9554795	1.0352932e-32	0	-319.84937
609400	-0.50151818	9.2384e-33	0	-320.34403
609500	-6.0736774e-13	1.8519233e-33	0	-327.32377
609600	0.49988117	2.6049428e-32	0	-315.84202
609700	0.94925207	3.7169546e-33	0	-324.29813
609800	1.3043412	4.3718138e-34	0	-333.59338
609900	1.5307451	1.18671e-33	0	-329.25655
610000	1.6067627	1.7332529e-33	0	-327.61138
610100	1.5254765	4.8877567e-33	0	-323.1089
610200	1.295378	1.3355499e-32	0	-318.7434
610300	0.93948411	7.8383663e-33	0	-321.05774
610400	0.49303439	2.5124979e-33	0	-325.99894
610500	7.9521555e-13	2.9909348e-32	0	-315.24193
610600	-0.49124936	3.9525161e-32	0	-314.03126
610700	-0.93269359	3.0814626e-32	0	-315.11243
610800	-1.2813589	1.979977e-32	0	-317.0334
610900	-1.5035037	5.9640777e-33	0	-322.24457
611000	-1.5778849	2.4446901e-33	0	-326.11776
611100	-1.4977901	6.9397719e-33	0	-321.58655
611200	-1.2716387	1.0121978e-34	0	-339.94735
611300	-0.92210071	5.3952183e-33	0	-322.67991
611400	-0.48382437	6.3472135e-33	0	-321.97417
611500	-6.1942011e-13	7.3182682e-32	0	-311.35592
611600	0.48189836	1.1997883e-31	0	-309.20895
611700	0.91477391	1.7060717e-31	0	-307.68003
611800	1.2565125	1.0778302e-31	0	-309.6745
611900	1.474082	5.900152e-33	0	-322.29137
612000	1.5467265	1.8905545e-32	0	-317.23411
612100	1.4679461	1.1603197e-32	0	-319.35422
612200	1.2460737	4.444517e-33	0	-323.52175
612300	0.90339793	6.2170363e-33	0	-322.06417
612400	0.47392446	4.8784751e-33	0	-323.11716
612500	7.9711096e-13	1.7408481e-32	0	-317.59239
612600	-0.47186508	2.2061526e-32	0	-316.56364
612700	-0.89556376	2.9821784e-32	0	-315.25466
612800	-1.2299	3.5985652e-32	0	-314.43871
612900	-1.4425961	2.2754263e-32	0	-316.42937
613000	-1.5134103	1.6901751e-32	0	-317.72068
613100	-1.4360621	3.0698392e-32	0	-315.12884
613200	-1.2187838	3.7993282e-32	0	-314.20293
613300	-0.88344957	6.2798636e-32	0	-312.0205
613400	-0.46337373	3.5853433e-31	0	-304.45469
613500	-6.2527482e-13	2.442972e-31	0	-306.12082
613600	0.46118911	1.7966015e-32	0	-317.45548
613700	0.87513894	2.9402067e-33	0	-325.31622
613800	1.2016264	1.5778504e-32	0	-318.01934
613900	1.4091704	3.2644374e-32	0	-314.86192
614000	1.478068	9.6308284e-33	0	-320.16336
614100	1.402264	6.3007888e-32	0	-312.00605
614200	1.1898767	5.6831966e-32	0	-312.45407
614300	0.86233436	1.9322201e-31	0	-307.13943
614400	0.45221383	1.910716e-30	0	-297.18804
614500	4.5989084e-13	2.4476409e-30	0	-296.11252
614600	-0.44991259	1.4954439e-31	0	-308.2523
614700	-0.85358007	6.6295174e-32	0	-311.78518
614800	-1.1718035	5.3067934e-32	0	-312.75168
614900	-1.3739368	3.2909322e-32	0	-314.82681
615000	-1.4408389	3.0191779e-33	0	-325.20111
615100	-1.3666852	1.2807277e-32	0	-318.92543
615200	-1.1594666	2.2502357e-33	0	-326.47772
615300	-0.84013562	3.9548595e-33	0	-324.02869
615400	-0.4404888	2.0896057e-31	0	-306.79936
615500	-6.2481961e-13	5.0716592e-31	0	-302.9485
615600	0.43808002	7.4825892e-32	0	-311.25948
615700	0.83097223	5.4468006e-32	0	-312.63859
615800	1.1405487	2.2998378e-32	0	-316.38303
615900	1.3370342	1.7538141e-32	0	-317.56016
616000	1.4018701	4.9679327e-33	0	-323.03824
616100	1.3294661	5.1394948e-33	0	-322.8908
616200	1.1276734	1.3911628e-33	0	-328.56622
616300	0.81694098	8.9133458e-34	0	-330.49959
616400	0.42824491	9.4076102e-33	0	-320.26521
616500	4.6514057e-13	1.6101447e-32	0	-317.93135
616600	-0.42573809	1.0352621e-32	0	-319.8495
616700	-0.80740465	4.906497e-33	0	-323.09228
616800	-1.1079856	2.59985e-33	0	-325.85052
616900	-1.2986083	1.7690916e-32	0	-317.5225
617000	-1.3613153	1.6796499e-32	0	-317.74781
617100	-1.2907536	5.1881793e-33	0	-322.84985
617200	-1.0946226	3.7260254e-33	0	-324.28754
617300	-0.79284196	1.6198878e-32	0	-317.90515
617400	-0.41553048	5.3912988e-32	0	-312.68307
617500	-6.180897e-13	5.6956091e-32	0	-312.4446
617600	0.41293552	3.7091116e-32	0	-314.3073
617700	0.78297032	1.2765802e-32	0	-318.93952
617800	1.0742426	9.3523216e-33	0	-320.29081
617900	1.2588108	1.9996489e-32	0	-316.99046
618000	1.3193345	7.1175373e-33	0	-321.4767
618100	1.2507005	3.7701339e-33	0	-324.23643
618200	1.0604447	1.3938277e-32	0	-318.55791
618300	0.76793368	3.4941276e-33	0	-324.56661
618400	0.4023957	2.7032384e-32	0	-315.68116
618500	4.648745e-13	3.6696313e-32	0	-314.35378
618600	-0.39972283	3.5056914e-33	0	-324.55226
618700	-0.75776569	9.2710388e-33	0	-320.32872
618800	-1.0394528	1.5492131e-32	0	-318.09889
618900	-1.2177988	6.6580167e-33	0	-321.76655
619000	-1.2760934	8.0709349e-33	0	-320.93076
619100	-1.2094648	1.9346753e-32	0	-317.13392
619200	-1.0252744	5.7017454e-33	0	-322.43992
619300	-0.74231443	1.2125136e-32	0	-319.16313
619400	-0.38889238	5.7218189e-32	0	-312.42466
619500	-6.0527214e-13	2.8311201e-32	0	-315.48042
619600	0.38615217	2.735438e-33	0	-325.62973
619700	0.73189022	5.3373883e-33	0	-322.72671
619800	1.0037536	1.4506218e-32	0	-318.38446
619900	1.175734	3.6568851e-34	0	-334.36889
620000	1.2317627	3.3568218e-32	0	-314.74072
620100	1.1672093	3.8774384e-32	0	-314.11455
620200	0.98925076	3.996504e-32	0	-313.9832
620300	0.71608533	4.5441029e-32	0	-313.42552
620400	0.37507384	8.017282e-32	0	-310.95973
620500	4.5920574e-13	1.1974181e-31	0	-309.21754
620600	-0.37227708	3.2855963e-32	0	-314.83386
620700	-0.70544604	6.1974483e-33	0	-322.07787
620800	-0.9672859	1.0230617e-32	0	-319.90098
620900	-1.1327825	4.7379167e-33	0	-323.24413
621000	-1.1865174	1.1989815e-32	0	-319.21188
621100	-1.1241007	6.3773789e-33	0	-321.95358
621200	-0.95251578	1.7960693e-32	0	-317.45677
621300	-0.68934988	2.1828523e-32	0	-316.60976
621400	-0.3609946	1.6290482e-32	0	-317.88066
621500	-5.8670692e-13	3.7447636e-32	0	-314.26576
621600	0.35815234	1.1739268e-33	0	-329.30359
621700	0.67853751	9.7219757e-35	0	-340.12245
621800	0.93019357	2.7876151e-32	0	-315.54767
621900	1.0891139	1.6604599e-32	0	-317.79772
622000	1.140536	1.2633238e-32	0	-318.98485
622100	1.0803092	1.18208e-31	0	-309.27353
622200	0.91521447	6.666121e-32	0	-311.76127
622300	0.66221361	2.4152499e-31	0	-306.17038
622400	0.34671023	3.5650693e-31	0	-304.47932
622500	4.4839132e-13	1.2290363e-31	0	-309.10435
622600	-0.34383369	1.511322e-31	0	-308.20643
622700	-0.65127081	7.7365198e-33	0	-321.11454
622800	-0.89262301	1.9680348e-32	0	-317.05967
622900	-1.0449004	5.8331843e-32	0	-312.34094
623000	-1.0939999	2.162616e-31	0	-306.65021
623100	-1.0360076	6.4918488e-31	0	-301.87632
623200	-0.87749404	3.5101243e-31	0	-304.54678
623300	-0.6347836	2.170023e-30	0	-296.63536
623400	-0.3322771	2.6229508e-30	0	-295.8121
623500	-5.6288486e-13	2.2749903e-31	0	-306.4302
623600	0.32937763	5.2043116e-31	0	-302.83637
623700	0.62375357	1.5373739e-31	0	-308.13221
623800	0.85472249	1.1149431e-32	0	-319.52747
623900	1.0003165	6.6086279e-32	0	-311.79889
624000	1.0470929	2.5925984e-32	0	-315.86265
624100	0.99137076	1.4265341e-31	0	-308.45718
624200	0.83950337	1.4599181e-31	0	-308.35672
624300	0.60716811	2.1722466e-31	0	-306.63091
624400	0.31775217	4.0409462e-31	0	-303.93517
624500	4.3283075e-13	2.0625619e-32	0	-316.85593
624600	-0.31484121	1.0201638e-31	0	-309.9133
624700	-0.59609438	1.1701289e-32	0	-319.31766
624800	-0.8166416	9.7962096e-33	0	-320.08942
624900	-0.95553824	4.4646559e-32	0	-313.50212
625000	-1	8.6615519e-33	0	-320.62404
625100	-0.9465748	1.7565413e-32	0	-317.55342
625200	-0.80139239	2.5542291e-32	0	-315.9274
625300	-0.57947613	3.4487601e-33	0	-324.62337
625400	-0.30319277	2.3250916e-33	0	-326.3356
625500	-3.1242484e-13	1.0900741e-32	0	-319.62544
625600	0.30028181	5.425579e-34	0	-332.65554
625700	0.56840239	1.0344963e-33	0	-329.85271
625800	0.77853061	5.3531718e-32	0	-312.71389
625900	0.91074228	1.9753359e-32	0	-317.04359
626000	0.95290711	6.323346e-32	0	-311.99053
626100	0.90179653	9.2060976e-32	0	-310.35924
626200	0.7633115	2.4651519e-32	0	-316.08156
626300	0.55181693	3.9108484e-32	0	-314.07729
626400	0.28865636	1.7822877e-33	0	-327.49022
626500	4.1306157e-13	1.0216382e-33	0	-329.90703
626600	-0.28575689	5.0999695e-33	0	-322.92432
626700	-0.5407869	5.8960616e-33	0	-322.29438
626800	-0.74053994	1.0926482e-32	0	-319.6152
626900	-0.86610542	4.0251082e-33	0	-323.95222
627000	-0.90600007	2.4214212e-32	0	-316.1593
627100	-0.85721266	1.0011315e-32	0	-319.99509
627200	-0.72541098	2.0541611e-32	0	-316.87365
627300	-0.52429969	1.7838095e-32	0	-317.48652
627400	-0.2742003	2.5255946e-34	0	-335.97636
627500	-3.0145419e-13	5.7343434e-33	0	-322.41516
627600	0.27132376	1.6983823e-32	0	-317.69965
627700	0.5133569	4.9103189e-33	0	-323.0889
627800	0.70281952	6.5566868e-33	0	-321.83316
627900	0.82180382	1.0887766e-33	0	-329.63061
628000	0.85946401	2.7055291e-32	0	-315.67748
628100	0.81299915	1.3061577e-32	0	-318.84004
628200	0.68784042	1.5980193e-32	0	-317.96418
628300	0.497033	1.3490864e-32	0	-318.6996
628400	0.25988164	1.9946785e-32	0	-317.00127
628500	3.8975158e-13	1.1469706e-32	0	-319.40448
628600	-0.25703939	3.4953366e-32	0	-314.56511
628700	-0.48622062	5.318885e-32	0	-312.74179
628800	-0.66551821	2.0378635e-32	0	-316.90825
628900	-0.77801233	2.3582441e-32	0	-316.27411
629000	-0.81348258	7.6812257e-32	0	-311.14569
629100	-0.7693305	6.8274902e-32	0	-311.65739
629200	-0.65074809	4.4264814e-32	0	-313.53941
629300	-0.47012446	4.1831853e-32	0	-313.78493
629400	-0.2457569	3.6380795e-32	0	-314.39128
629500	-2.8711186e-13	3.3124497e-32	0	-314.79851
629600	0.24296015	6.4662691e-32	0	-311.89346
629700	0.45948518	1.3545407e-32	0	-318.68208
629800	0.62878323	3.9207274e-32	0	-314.06633
629900	0.73490377	5.095303e-32	0	-312.9283
630000	0.76823725	8.3811331e-32	0	-310.76697
630100	0.72637903	1.0698531e-31	0	-309.70676
630200	0.61428037	1.6250005e-31	0	-307.89147
630300	0.44368028	1.7135517e-31	0	-307.66103
630400	0.23188182	1.3025909e-31	0	-308.85192
630500	3.6368804e-13	9.5451363e-31	0	-300.20218
630600	-0.2291416	2.391192e-30	0	-296.21386
630700	-0.43325607	2.3924221e-30	0	-296.21162
630800	-0.59275954	9.2979642e-31	0	-300.31612
630900	-0.69264826	2.2408965e-31	0	-306.49578
631000	-0.72390659	3.1146093e-31	0	-305.06596
631100	-0.68431426	3.7032335e-32	0	-314.31419
631200	-0.57858119	5.7611077e-31	0	-302.39494
631300	-0.41780481	6.584346e-31	0	-301.81487
631400	-0.21831116	1.6005836e-31	0	-307.95722
631500	-2.7007511e-13	5.4010225e-30	0	-292.67524
631600	0.21563829	1.5100728e-29	0	-288.21002
631700	0.40763683	1.67707e-29	0	-287.75449
631800	0.55758933	8.0101093e-30	0	-290.96362
631900	0.65141256	8.2397359e-31	0	-300.84087
632000	0.68066553	4.9707774e-31	0	-303.03576
632100	0.6433022	6.8708676e-31	0	-301.62988
632200	0.54379143	9.6660935e-32	0	-310.14749
632300	0.39260018	1.7377702e-31	0	-307.60008
632400	0.20509847	3.2244807e-31	0	-304.9154
632500	3.3576406e-13	7.1228029e-31	0	-301.47349
632600	-0.2025035	2.0958289e-30	0	-296.78644
632700	-0.38272854	2.620669e-30	0	-295.81588
632800	-0.52341138	1.1834928e-30	0	-299.26834
632900	-0.61135943	1.8761853e-31	0	-307.26724
633000	-0.63868474	1.6833823e-31	0	-307.73817
633100	-0.60350471	8.7492303e-32	0	-310.5803
633200	-0.5100484	4.3390699e-32	0	-313.62603
633300	-0.36816586	9.0407963e-32	0	-310.43793
633400	-0.1922959	3.1751095e-32	0	-314.98241
633500	-2.511251e-13	8.5392058e-32	0	-310.68583
633600	0.18978908	5.1736105e-32	0	-312.86206
633700	0.35862953	5.736337e-32	0	-312.41365
633800	0.49036059	2.9491363e-32	0	-315.30305
633900	0.57264693	4.5542282e-32	0	-313.41585
634000	0.5981299	2.9396062e-32	0	-315.31711
634100	0.56507885	8.97896e-33	0	-320.46774
634200	0.47748526	2.8784358e-32	0	-315.40843
634300	0.34459827	6.1653273e-32	0	-312.10044
634400	0.17995397	6.3136649e-32	0	-311.99718
634500	3.0696221e-13	2.7263928e-31	0	-305.64412
634600	-0.17754519	4.7228736e-32	0	-313.25794
634700	-0.33543488	9.2673163e-32	0	-310.33046
634800	-0.45856739	3.6584499e-32	0	-314.36703
634900	-0.53542783	5.5332934e-32	0	-312.57016
635000	-0.55916106	4.7358179e-32	0	-313.24605
635100	-0.52817626	9.5209623e-34	0	-330.21319
635200	-0.44623053	1.5334869e-32	0	-318.1432
635300	-0.32199043	3.8992525e-32	0	-314.09019
635400	-0.1681214	5.2017534e-33	0	-322.8385
635500	-2.3113181e-13	8.6527401e-32	0	-310.62846
635600	0.16582015	1.979778e-32	0	-317.03384
635700	0.31323615	2.4868456e-32	0	-316.04351
635800	0.42815726	1.8402484e-32	0	-317.35124
635900	0.49984904	1.9693554e-32	0	-317.05676
636000	0.52193201	1.2762877e-32	0	-318.94051
636100	0.49294259	9.7780173e-33	0	-320.09749
636200	0.41640754	6.7245504e-33	0	-321.72337
636300	0.30043156	7.3780758e-33	0	-321.32057
636400	0.15684488	5.8062317e-33	0	-322.36106
636500	1.6373586e-13	2.671616e-32	0	-315.73226
636600	-0.15466026	2.1100195e-32	0	-316.75714
636700	-0.29212093	1.2771456e-32	0	-318.9376
636800	-0.39925021	3.0041387e-34	0	-335.2228
636900	-0.46605095	2.3464657e-32	0	-316.29586
637000	-0.48658967	4.6459706e-33	0	-323.32924
637100	-0.45951688	7.2968051e-33	0	-321.36867
637200	-0.38813401	7.8062459e-33	0	-321.07558
637300	-0.28000675	6.904057e-33	0	-321.60896
637400	-0.14616891	1.4776041e-32	0	-318.30442
637500	-2.1103669e-13	9.4364793e-32	0	-310.2519
637600	0.14410953	7.4554914e-32	0	-311.27524
637700	0.27217257	4.1915507e-32	0	-313.77625
637800	0.37196031	1.4288603e-32	0	-318.4501
637900	0.43416696	7.5053118e-32	0	-311.24631
638000	0.45327353	1.2092757e-33	0	-329.17475
638100	0.42803106	1.0213731e-32	0	-319.90816
638200	0.36152151	3.2843107e-32	0	-314.83556
638300	0.2607966	9.5129301e-34	0	-330.21686
638400	0.13613563	1.0842962e-32	0	-319.64852
638500	1.5153146e-13	6.9459345e-32	0	-311.58269
638600	-0.13420962	2.4534148e-33	0	-326.10229
638700	-0.25346979	1.6001026e-32	0	-317.95852
638800	-0.34639528	2.103948e-32	0	-316.76965
638900	-0.40432289	3.183295e-32	0	-314.97123
639000	-0.42211507	1.4907114e-32	0	-318.26606
639100	-0.39860938	5.4030245e-32	0	-312.67363
639200	-0.33667507	5.241666e-32	0	-312.80531
639300	-0.24287692	1.7566026e-32	0	-317.55326
639400	-0.12678463	2.7958928e-31	0	-305.53479
639500	-1.9183335e-13	4.9721374e-31	0	-303.03457
639600	0.1249996	4.0229438e-31	0	-303.95456
639700	0.2360864	8.581616e-32	0	-310.66431
639800	0.32265601	9.124649e-32	0	-310.39784
639900	0.37663653	4.0481849e-32	0	-313.9274
640000	0.39323725	2.4740347e-33	0	-326.06594
640100	0.37136796	1.6196752e-31	0	-307.90572
640200	0.31369275	2.0154272e-31	0	-306.95633
640300	0.22631843	1.073456e-31	0	-309.69216
640400	0.11815282	1.35333e-30	0	-298.68596
640500	1.3971999e-13	2.9239493e-30	0	-295.3403
640600	-0.11651581	2.9059912e-30	0	-295.36706
640700	-0.220091	1.0590258e-30	0	-299.75093
640800	-0.30083618	6.5499089e-32	0	-311.83765
640900	-0.35121715	1.2834203e-31	0	-308.91631
641000	-0.36675406	8.3116824e-32	0	-310.80311
641100	-0.3464143	2.1295421e-32	0	-316.71714
641200	-0.29266525	8.4222585e-32	0	-310.74571
641300	-0.2111865	7.8206726e-32	0	-311.06756
641400	-0.11027426	1.8086162e-31	0	-307.42654
641500	-1.7454648e-13	4.4346399e-31	0	-303.53142
641600	0.10879173	4.4937099e-31	0	-303.47395
641700	0.20554672	1.6918295e-31	0	-307.71643
641800	0.28102191	1.5662273e-32	0	-318.05145
641900	0.32816506	2.2633609e-32	0	-316.45246
642000	0.34276999	4.2104145e-33	0	-323.75675
642100	0.32384689	5.2907169e-33	0	-322.76485
642200	0.27367555	1.4327635e-32	0	-318.43825
642300	0.19754082	1.6106693e-33	0	-327.92994
642400	0.10318005	4.2574779e-32	0	-313.70848
642500	1.2922998e-13	2.3614072e-32	0	-316.26829
642600	-0.10185785	1.7794598e-32	0	-317.49712
642700	-0.19251097	1.1657795e-34	0	-339.33384
642800	-0.26329139	1.8392428e-32	0	-317.35361
642900	-0.30757123	2.4437681e-33	0	-326.1194
643000	-0.32137971	1.0305535e-32	0	-319.86929
643100	-0.30375478	5.5245821e-33	0	-322.57701
643200	-0.2567986	6.4658187e-32	0	-311.89376
643300	-0.18543526	7.9306656e-32	0	-311.0069
643400	-0.096898187	2.7485447e-31	0	-305.60897
643500	-1.6020978e-13	5.4276706e-32	0	-312.65387
643600	0.095741535	2.9761603e-32	0	-315.26344
643700	0.18103518	1.9969417e-33	0	-326.99635
643800	0.24771461	3.9785232e-33	0	-324.00278
643900	0.28951695	3.8853261e-33	0	-324.10573
644000	0.30266764	6.4116117e-33	0	-321.93033
644100	0.28621729	7.0529815e-34	0	-331.51627
644200	0.242101	5.4310289e-33	0	-322.65118
644300	0.17491759	7.8607056e-33	0	-321.04538
644400	0.091453458	6.9816084e-32	0	-311.56045
644500	1.2100506e-13	2.5793363e-32	0	-315.88492
644600	-0.090466919	8.5060003e-33	0	-320.70275
644700	-0.17116465	9.4371946e-34	0	-330.25157
644800	-0.23435303	8.5128578e-33	0	-320.69925
644900	-0.27407346	1.5505085e-33	0	-328.09526
645000	-0.28670761	7.2827047e-33	0	-321.37707
645100	-0.27130361	1.5216534e-33	0	-328.17684
645200	-0.22964076	6.6612601e-34	0	-331.76444
645300	-0.16602933	3.3748737e-33	0	-324.71742
645400	-0.086867353	8.4485664e-33	0	-320.73217
645500	-1.4984294e-13	1.0405937e-33	0	-329.82719
645600	0.08605482	7.1940863e-33	0	-321.43024
645700	0.16293833	9.5144137e-33	0	-320.21618
645800	0.22325938	5.0464361e-33	0	-322.97015
645900	0.26130172	7.3814791e-33	0	-321.31857
646000	0.27356263	5.6289362e-32	0	-312.49574
646100	0.2590726	2.2259016e-32	0	-316.52494
646200	0.21946706	1.9776759e-32	0	-317.03845
646300	0.15880554	1.5863785e-32	0	-317.99593
646400	0.083157971	2.5745019e-32	0	-315.89307
646500	1.1598215e-13	5.4160547e-34	0	-332.66317
646600	-0.082522651	5.322032e-33	0	-322.73923
646700	-0.15638868	6.3291276e-33	0	-321.98656
646800	-0.21447745	8.7158669e-34	0	-330.59689
646900	-0.25125212	1.4176308e-33	0	-328.48437
647000	-0.26328456	5.1787866e-33	0	-322.85772
647100	-0.24957254	4.1273537e-33	0	-323.84328
647200	-0.21162004	1.2641137e-33	0	-328.98214
647300	-0.15327473	7.2741922e-33	0	-321.38215
647400	-0.080339951	1.5414783e-32	0	-318.12063
647500	-8.5485489e-14	2.0248474e-33	0	-326.93608
647600	0.079884351	4.5339497e-34	0	-333.43523
647700	0.15154157	5.9134324e-32	0	-312.2816
647800	0.2080419	6.8748791e-32	0	-311.62735
647900	0.24396433	3.0083513e-32	0	-315.21671
648000	0.25591397	7.4167588e-32	0	-311.29786
648100	0.24284091	9.0260284e-33	0	-320.44503
648200	0.20613067	5.8046117e-34	0	-332.36227
648300	0.14945875	7.8465307e-33	0	-321.05322
648400	0.078424415	4.1251374e-32	0	-313.84562
648500	1.1506932e-13	1.8607112e-32	0	-317.30321
648600	-0.078150334	6.8344334e-33	0	-321.65297
648700	-0.1484161	3.2829744e-31	0	-304.83733
648800	-0.20397812	5.1614067e-31	0	-302.87232
648900	-0.23946711	1.0090803e-31	0	-309.96074
649000	-0.25147995	5.2673444e-31	0	-302.78408
649100	-0.23890429	1.6228934e-32	0	-317.8971
649200	-0.20302062	4.2413898e-33	0	-323.72492
649300	-0.14737263	4.1882795e-32	0	-313.77964
649400	-0.077418922	2.5468592e-32	0	-315.93995
649500	-8.7960869e-14	6.3969817e-33	0	-321.94025
649600	0.077327442	3.617639e-32	0	-314.41575
649700	0.14702463	7.8659375e-32	0	-311.0425
649800	0.20230216	9.5799709e-32	0	-310.18636
649900	0.23777821	1.0266026e-32	0	-319.88598
650000	0.25	4.3746627e-32	0	-313.59055
650100	0.23777821	2.6671988e-33	0	-325.73945
650200	0.20230216	9.8388352e-33	0	-320.07056
650300	0.14702463	2.9356315e-33	0	-325.32298
650400	0.077327442	4.6016353e-34	0	-333.37088
650500	1.1912379e-13	1.0408749e-33	0	-329.82601
650600	-0.077418922	1.6820917e-32	0	-317.7415
650700	-0.14737263	2.6512315e-32	0	-315.76552
650800	-0.20302062	3.3696063e-32	0	-314.72421
650900	-0.23890429	1.5053634e-34	0	-338.22359
651000	-0.25147995	2.3180179e-33	0	-326.34883
651100	-0.23946711	1.3233031e-32	0	-318.78341
651200	-0.20397812	7.5149956e-33	0	-321.24071
651300	-0.1484161	9.1940818e-33	0	-320.36492
651400	-0.078150334	7.8786454e-33	0	-321.03548
651500	-9.4462311e-14	4.9154982e-33	0	-323.08432
651600	0.078424415	1.3421185e-31	0	-308.72209
651700	0.14945875	1.4628364e-31	0	-308.34804
651800	0.20613067	1.1496178e-31	0	-309.39447
651900	0.24284091	1.1692078e-32	0	-319.32108
652000	0.25591397	1.2067595e-33	0	-329.18379
652100	0.24396433	4.753868e-32	0	-313.22953
652200	0.2080419	4.4532045e-32	0	-313.51327
652300	0.15154157	9.0883657e-33	0	-320.41514
652400	0.079884351	8.1675631e-33	0	-320.87908
652500	1.2893044e-13	2.1614201e-33	0	-326.65261
652600	-0.080339951	1.2112977e-32	0	-319.16749
652700	-0.15327473	3.3972002e-32	0	-314.68879
652800	-0.21162004	3.0929993e-32	0	-315.0962
652900	-0.24957254	6.7406943e-33	0	-321.71295
653000	-0.26328456	1.6517057e-33	0	-327.82067
653100	-0.25125212	7.3441942e-33	0	-321.34056
653200	-0.21447745	1.15749e-32	0	-319.36483
653300	-0.15638868	5.0196691e-33	0	-322.99325
653400	-0.082522651	7.1644541e-33	0	-321.44817
653500	-1.6668645e-13	1.0225847e-32	0	-319.90301
653600	0.083157971	3.5711064e-33	0	-324.47197
653700	0.15880554	4.590097e-33	0	-323.38178
653800	0.21946706	6.8040688e-33	0	-321.67231
653900	0.2590726	3.9107024e-33	0	-324.07745
654000	0.27356263	4.2163605e-33	0	-323.75062
654100	0.26130172	9.063587e-33	0	-320.427
654200	0.22325938	4.3942804e-33	0	-323.57112
654300	0.16293833	8.0038681e-33	0	-320.967
654400	0.08605482	3.5440305e-32	0	-314.50503
654500	8.1566871e-14	8.2794147e-32	0	-310.82
654600	-0.086867353	1.6853078e-32	0	-317.73321
654700	-0.16602933	7.6189651e-33	0	-321.18104
654800	-0.22964076	1.3163838e-32	0	-318.80617
654900	-0.27130361	3.4995488e-32	0	-314.55988
655000	-0.28670761	3.001843e-32	0	-315.22612
655100	-0.27407346	1.127289e-32	0	-319.47965
655200	-0.23435303	7.5680811e-34	0	-331.21014
655300	-0.17116465	3.8997268e-33	0	-324.08966
655400	-0.090466919	2.6104753e-32	0	-315.8328
655500	-1.2244727e-13	1.140822e-32	0	-319.42782
655600	0.091453458	5.7835599e-33	0	-322.37805
655700	0.17491759	6.7573075e-33	0	-321.70226
655800	0.242101	5.0400372e-33	0	-322.97566
655900	0.28621729	2.3152996e-33	0	-326.35393
656000	0.30266764	9.9893915e-33	0	-320.00461
656100	0.28951695	3.9553907e-33	0	-324.02811
656200	0.24771461	2.6479134e-34	0	-335.77096
656300	0.18103518	1.2273934e-32	0	-319.11016
656400	0.095741535	1.1306657e-32	0	-319.46666
656500	1.6845727e-13	2.1287189e-33	0	-326.71882
656600	-0.096898187	7.6346255e-32	0	-311.17212
656700	-0.18543526	3.6270935e-32	0	-314.40441
656800	-0.2567986	3.1709352e-32	0	-314.98813
656900	-0.30375478	4.1578656e-32	0	-313.8113
657000	-0.32137971	2.8421286e-32	0	-315.46356
657100	-0.30757123	4.1380002e-33	0	-323.83209
657200	-0.26329139	4.2459585e-33	0	-323.72024
657300	-0.19251097	5.1166985e-32	0	-312.9101
657400	-0.10185785	3.8030041e-32	0	-314.19873
657500	-2.2059123e-13	4.3084728e-32	0	-313.65677
657600	0.10318005	3.9786669e-31	0	-304.00262
657700	0.19754082	3.0271688e-31	0	-305.18963
657800	0.27367555	1.3520985e-31	0	-308.68992
657900	0.32384689	3.4665825e-31	0	-304.60098
658000	0.34276999	2.7633218e-32	0	-315.58569
658100	0.32816506	4.3589663e-33	0	-323.60616
658200	0.28102191	3.7158724e-32	0	-314.29939
658300	0.20554672	1.7502803e-32	0	-317.56892
658400	0.10879173	2.119969e-32	0	-316.7367
658500	1.1861877e-13	3.3937148e-32	0	-314.69325
658600	-0.11027426	7.9094814e-32	0	-311.01852
658700	-0.2111865	6.3276364e-32	0	-311.98758
658800	-0.29266525	1.3959514e-32	0	-318.5513
658900	-0.3464143	2.3988774e-32	0	-316.19992
659000	-0.36675406	1.9049837e-33	0	-327.20109
659100	-0.35121715	1.3745575e-33	0	-328.61837
659200	-0.30083618	5.7245709e-35	0	-342.42257
659300	-0.220091	8.6632853e-33	0	-320.62317
659400	-0.11651581	3.4197298e-33	0	-324.66008
659500	-1.7432667e-13	2.4021576e-32	0	-316.19399
659600	0.11815282	4.6176594e-32	0	-313.35578
659700	0.22631843	2.2642226e-32	0	-316.45081
659800	0.31369275	1.1192074e-33	0	-329.51089
659900	0.37136796	1.5577888e-33	0	-328.07491
660000	0.39323725	1.4458529e-32	0	-318.39876
660100	0.37663653	9.9575019e-33	0	-320.0185
660200	0.32265601	1.7609534e-33	0	-327.54252
660300	0.2360864	2.085219e-32	0	-316.80848
660400	0.1249996	3.687799e-32	0	-314.33233
660500	2.3774789e-13	1.5845881e-31	0	-308.00084
660600	-0.12678463	2.6799026e-31	0	-305.71881
660700	-0.24287692	9.3006972e-32	0	-310.31484
660800	-0.33667507	1.7690795e-32	0	-317.52253
660900	-0.39860938	3.7488549e-33	0	-324.26101
661000	-0.42211507	1.6002627e-32	0	-317.95809
661100	-0.40432289	5.5867792e-34	0	-332.52838
661200	-0.34639528	2.4107521e-33	0	-326.17847
661300	-0.25346979	5.7744057e-33	0	-322.38493
661400	-0.13420962	1.6136797e-33	0	-327.92183
661500	-1.1080509e-13	2.1528681e-32	0	-316.66983
661600	0.13613563	4.1945015e-32	0	-313.7732
661700	0.2607966	1.8378386e-32	0	-317.35693
661800	0.36152151	8.0436109e-33	0	-320.94549
661900	0.42803106	4.9933974e-34	0	-333.01604
662000	0.45327353	7.6376944e-33	0	-321.17038
662100	0.43416696	6.6211418e-33	0	-321.79067
662200	0.37196031	1.1469319e-33	0	-329.40462
662300	0.27217257	1.1774168e-32	0	-319.2907
662400	0.14410953	6.400087e-33	0	-321.93814
662500	1.7743399e-13	5.4989405e-33	0	-322.59721
662600	-0.14616891	4.5251667e-33	0	-323.44365
662700	-0.28000675	1.0852277e-32	0	-319.64479
662800	-0.38813401	2.265932e-33	0	-326.44753
662900	-0.45951688	2.7165004e-33	0	-325.6599
663000	-0.48658967	3.802487e-32	0	-314.19932
663100	-0.46605095	1.1608482e-32	0	-319.35225
663200	-0.39925021	1.0684778e-33	0	-329.71235
663300	-0.29212093	6.6599582e-32	0	-311.76528
663400	-0.15466026	4.5667021e-32	0	-313.40397
663500	-2.5314304e-13	2.0727246e-32	0	-316.83458
663600	0.15684488	2.3619302e-32	0	-316.26733
663700	0.30043156	5.4546798e-33	0	-322.63231
663800	0.41640754	4.4496246e-33	0	-323.51677
663900	0.49294259	6.5619207e-33	0	-321.82969
664000	0.52193201	1.2778729e-32	0	-318.93512
664100	0.49984904	6.0770658e-33	0	-322.16306
664200	0.42815726	7.2336304e-34	0	-331.40644
664300	0.31323615	3.5105239e-33	0	-324.54628
664400	0.16582015	6.610594e-33	0	-321.7976
664500	3.3862881e-13	7.2006707e-33	0	-321.42627
664600	-0.1681214	1.2602762e-32	0	-318.99534
664700	-0.32199043	2.5047569e-33	0	-326.01234
664800	-0.44623053	5.1652261e-34	0	-332.86911
664900	-0.52817626	1.2824989e-32	0	-318.91943
665000	-0.55916106	2.7902257e-32	0	-315.54361
665100	-0.53542783	2.3018123e-32	0	-316.3793
665200	-0.45856739	1.7233348e-33	0	-327.6363
665300	-0.33543488	9.1445172e-34	0	-330.38839
665400	-0.17754519	2.6668413e-33	0	-325.74003
665500	-1.7147167e-13	2.8020697e-33	0	-325.52521
665600	0.17995397	5.6331807e-33	0	-322.49246
665700	0.34459827	2.7325971e-33	0	-325.63424
665800	0.47748526	1.3641299e-32	0	-318.65144
665900	0.56507885	1.429108e-32	0	-318.44935
666000	0.5981299	1.1517542e-31	0	-309.3864
666100	0.57264693	1.4437161e-31	0	-308.40518
666200	0.49036059	3.6652077e-32	0	-314.35901
666300	0.35862953	9.6497395e-33	0	-320.15484
666400	0.18978908	1.0350412e-32	0	-319.85042
666500	2.602126e-13	3.2325664e-34	0	-334.90453
666600	-0.1922959	2.7284592e-33	0	-325.64083
666700	-0.36816586	1.6045744e-32	0	-317.9464
666800	-0.5100484	4.5325636e-33	0	-323.43656
666900	-0.60350471	1.4827743e-33	0	-328.28925
667000	-0.63868474	4.5073234e-32	0	-313.46081
667100	-0.61135943	1.7483024e-32	0	-317.57383
667200	-0.52341138	2.7240811e-33	0	-325.6478
667300	-0.38272854	1.3625724e-32	0	-318.6564
667400	-0.2025035	2.6848723e-33	0	-325.71076
667500	-3.5967824e-13	2.1879541e-33	0	-326.59962
667600	0.20509847	1.4352327e-32	0	-318.43078
667700	0.39260018	2.9305343e-32	0	-315.33053
667800	0.54379143	1.3038077e-31	0	-308.84786
667900	0.6433022	2.517432e-32	0	-315.99042
668000	0.68066553	2.5470847e-31	0	-305.93957
668100	0.65141256	1.5604596e-31	0	-308.06747
668200	0.55758933	6.4276885e-32	0	-311.91945
668300	0.40763683	3.6309655e-32	0	-314.39978
668400	0.21563829	9.275191e-32	0	-310.32677
668500	4.7032207e-13	8.8486219e-32	0	-310.53124
668600	-0.21831116	1.8143732e-32	0	-317.41273
668700	-0.41780481	3.580652e-31	0	-304.46038
668800	-0.57858119	1.4816082e-30	0	-298.29267
668900	-0.68431426	3.8308219e-33	0	-324.16708
669000	-0.72390659	1.6756324e-30	0	-297.75821
669100	-0.69264826	5.2459707e-31	0	-302.80174
669200	-0.59275954	4.0182163e-32	0	-313.95967
669300	-0.43325607	1.5344202e-31	0	-308.14056
669400	-0.2291416	7.8184241e-32	0	-311.06881
669500	-2.5329499e-13	1.5408905e-32	0	-318.12228
669600	0.23188182	3.0593488e-32	0	-315.14371
669700	0.44368028	8.2558995e-32	0	-310.83236
669800	0.61428037	2.1087351e-31	0	-306.75978
669900	0.72637903	1.237076e-32	0	-319.07604
670000	0.76823725	2.2925483e-31	0	-306.39682
670100	0.73490377	7.6756338e-32	0	-311.14886
670200	0.62878323	1.0134382e-32	0	-319.94203
670300	0.45948518	1.7613822e-32	0	-317.54146
670400	0.24296015	9.8512473e-33	0	-320.06509
670500	3.6693426e-13	6.3234879e-33	0	-321.99043
670600	-0.2457569	8.9250431e-33	0	-320.4939
670700	-0.47012446	1.5970689e-32	0	-317.96676
670800	-0.65074809	8.2404662e-34	0	-330.84048
670900	-0.7693305	1.0427062e-32	0	-319.81838
671000	-0.81348258	2.5366353e-33	0	-325.95742
671100	-0.77801233	1.7130606e-32	0	-317.66227
671200	-0.66551821	6.3897017e-33	0	-321.94519
671300	-0.48622062	9.4710184e-33	0	-320.23603
671400	-0.25703939	1.7216972e-33	0	-327.64043
671500	-4.9221429e-13	3.3939588e-33	0	-324.69293
671600	0.25988164	3.2587068e-32	0	-314.86955
671700	0.497033	4.362451e-32	0	-313.60269
671800	0.68784042	1.5117282e-32	0	-318.20526
671900	0.81299915	2.9510405e-32	0	-315.30025
672000	0.85946401	7.3264295e-33	0	-321.35108
672100	0.82180382	4.5145047e-32	0	-313.4539
672200	0.70281952	2.8162057e-32	0	-315.50336
672300	0.5133569	1.588689e-32	0	-317.98961
672400	0.27132376	8.4043003e-33	0	-320.75498
672500	2.2792132e-13	7.4383241e-33	0	-321.28525
672600	-0.2742003	1.1088659e-32	0	-319.55121
672700	-0.52429969	2.3308028e-33	0	-326.32494
672800	-0.72541098	4.281073e-33	0	-323.68447
672900	-0.85721266	1.0285074e-32	0	-319.87793
673000	-0.90600007	1.0687309e-32	0	-319.71132
673100	-0.86610542	4.5492493e-33	0	-323.4206
673200	-0.74053994	3.7465028e-33	0	-324.26374
673300	-0.5407869	1.0337861e-32	0	-319.85569
673400	-0.28575689	2.9364842e-33	0	-325.32172
673500	-3.5567394e-13	5.2194878e-33	0	-322.82372
673600	0.28865636	7.1578932e-33	0	-321.45215
673700	0.55181693	1.0959196e-33	0	-329.60221
673800	0.7633115	6.0550667e-33	0	-322.17881
673900	0.90179653	3.4290327e-32	0	-314.64828
674000	0.95290711	1.5619487e-32	0	-318.06333
674100	0.91074228	2.4146489e-33	0	-326.17146
674200	0.77853061	1.6460426e-32	0	-317.83559
674300	0.56840239	5.4251024e-33	0	-322.65592
674400	0.30028181	5.8443602e-33	0	-322.33263
674500	4.952042e-13	4.8841828e-32	0	-313.11208
674600	-0.30319277	3.8173917e-32	0	-314.18233
674700	-0.57947613	7.433004e-33	0	-321.28836
674800	-0.80139239	4.0600195e-32	0	-313.91472
674900	-0.9465748	6.5529595e-32	0	-311.83563
675000	-1	1.1313799e-31	0	-309.46392
675100	-0.95553824	1.6548464e-32	0	-317.81242
675200	-0.8166416	1.0897299e-33	0	-329.62681
675300	-0.59609438	5.8569075e-33	0	-322.32332
675400	-0.31484121	4.2050593e-34	0	-333.76228
675500	-6.4649888e-13	7.6256977e-33	0	-321.1772
675600	0.31775217	2.5584888e-32	0	-315.92016
675700	0.60716811	5.2401331e-33	0	-322.80658
675800	0.83950337	9.5611644e-33	0	-320.19489
675900	0.99137076	3.183372e-32	0	-314.97113
676000	1.0470929	1.8662661e-32	0	-317.29026
676100	1.0003165	5.0788854e-34	0	-332.94232
676200	0.85472249	7.2290912e-33	0	-321.40916
676300	0.62375357	1.1146367e-32	0	-319.52867
676400	0.32937763	1.6721855e-33	0	-327.76716
676500	3.2260814e-13	1.6783951e-32	0	-317.75106
676600	-0.3322771	9.1873794e-32	0	-310.36808
676700	-0.6347836	2.0813782e-31	0	-306.81649
676800	-0.87749404	8.0816572e-32	0	-310.925
676900	-1.0360076	5.3628268e-31	0	-302.70606
677000	-1.0939999	2.3782925e-31	0	-306.23735
677100	-1.0449004	4.6353725e-32	0	-313.33915
677200	-0.89262301	6.6175797e-32	0	-311.79301
677300	-0.65127081	2.0270079e-31	0	-306.93145
677400	-0.34383369	8.6582085e-32	0	-310.62572
677500	-4.7576482e-13	7.9210222e-33	0	-321.01219
677600	0.34671023	1.0518276e-30	0	-299.78055
677700	0.66221361	2.4963097e-30	0	-296.02702
677800	0.91521447	1.7150415e-31	0	-307.65725
677900	1.0803092	3.0696419e-30	0	-295.12912
678000	1.140536	5.1904826e-31	0	-302.84792
678100	1.0891139	1.6402702e-32	0	-317.85085
678200	0.93019357	2.3654133e-31	0	-306.26093
678300	0.67853751	1.1155971e-31	0	-309.52493
678400	0.35815234	2.4786444e-32	0	-316.05786
678500	6.4030307e-13	3.3590314e-32	0	-314.73786
678600	-0.3609946	2.2075655e-31	0	-306.56086
678700	-0.68934988	3.9023265e-31	0	-304.08676
678800	-0.95251578	8.8633518e-33	0	-320.52402
678900	-1.1241007	4.0294035e-31	0	-303.94759
679000	-1.1865174	6.8929593e-32	0	-311.61594
679100	-1.1327825	1.5047214e-32	0	-318.22544
679200	-0.9672859	2.454951e-32	0	-316.09957
679300	-0.70544604	3.0166486e-32	0	-315.20475
679400	-0.37227708	1.5352126e-32	0	-318.13831
679500	-8.1592675e-13	1.0085914e-32	0	-319.96285
679600	0.37507384	1.7245375e-32	0	-317.63327
679700	0.71608533	2.9036885e-36	0	-355.3705
679800	0.98925076	3.734321e-33	0	-324.27788
679900	1.1672093	1.2721612e-32	0	-318.95458
680000	1.2317627	2.5182689e-33	0	-325.98898
680100	1.175734	7.9959492e-33	0	-320.9713
680200	1.0037536	1.4429493e-33	0	-328.40749
680300	0.73189022	4.9707257e-32	0	-313.0358
680400	0.38615217	1.4883272e-32	0	-318.27302
680500	4.3197334e-13	4.981547e-32	0	-313.02636
680600	-0.38889238	4.3818993e-32	0	-313.58338
680700	-0.74231443	3.6182549e-32	0	-314.41501
680800	-1.0252744	4.814277e-34	0	-333.17469
680900	-1.2094648	1.3359799e-32	0	-318.742
681000	-1.2760934	3.2517763e-35	0	-344.87879
681100	-1.2177988	1.0322019e-34	0	-339.86235
681200	-1.0394528	1.4091306e-34	0	-338.51049
681300	-0.75776569	9.853946e-33	0	-320.0639
681400	-0.39972283	6.6107631e-33	0	-321.79748
681500	-6.0860477e-13	6.4226659e-33	0	-321.92285
681600	0.4023957	5.7539484e-33	0	-322.40034
681700	0.76793368	5.8319384e-33	0	-322.34187
681800	1.0604447	7.1163578e-34	0	-331.47742
681900	1.2507005	2.0701348e-33	0	-326.84001
682000	1.3193345	1.829358e-33	0	-327.37701
682100	1.2588108	5.6824733e-33	0	-322.45463
682200	1.0742426	1.4157998e-32	0	-318.48998
682300	0.78297032	4.7042632e-33	0	-323.27508
682400	0.41293552	1.2588299e-32	0	-319.00033
682500	7.9544386e-13	1.0208643e-32	0	-319.91032
682600	-0.41553048	1.7208206e-33	0	-327.64264
682700	-0.79284196	1.7943459e-32	0	-317.46094
682800	-1.0946226	4.4823553e-33	0	-323.48494
682900	-1.2907536	6.2838653e-33	0	-322.01773
683000	-1.3613153	8.2490203e-33	0	-320.83598
683100	-1.2986083	3.4875011e-32	0	-314.57486
683200	-1.1079856	8.464047e-32	0	-310.72422
683300	-0.80740465	4.2483647e-32	0	-313.71778
683400	-0.42573809	8.6813243e-32	0	-310.61414
683500	-3.635696e-13	3.1449152e-32	0	-315.02391
683600	0.42824491	1.2300298e-32	0	-319.10084
683700	0.81694098	6.1883009e-32	0	-312.08429
683800	1.1276734	3.6573339e-33	0	-324.36835
683900	1.3294661	1.2281155e-32	0	-319.10761
684000	1.4018701	1.7817747e-32	0	-317.49147
684100	1.3370342	3.0992074e-33	0	-325.08749
684200	1.1405487	6.4341902e-33	0	-321.91506
684300	0.83097223	2.466027e-32	0	-316.08002
684400	0.43808002	4.4385892e-32	0	-313.52755
684500	5.5097503e-13	2.7049169e-32	0	-315.67846
684600	-0.4404888	4.4118925e-32	0	-313.55375
684700	-0.84013562	8.2442062e-32	0	-310.83851
684800	-1.1594666	2.2660936e-32	0	-316.44722
684900	-1.3666852	1.5822279e-31	0	-308.00731
685000	-1.4408389	6.2011678e-31	0	-302.07527
685100	-1.3739368	9.184114e-31	0	-300.36963
685200	-1.1718035	5.6727875e-31	0	-302.46203
685300	-0.85358007	1.0952667e-31	0	-309.6048
685400	-0.44991259	4.6920115e-32	0	-313.28641
685500	-7.4743154e-13	1.9342736e-32	0	-317.13482
685600	0.45221383	1.2262007e-31	0	-309.11438
685700	0.86233436	2.5234182e-31	0	-305.98011
685800	1.1898767	1.1571256e-32	0	-319.36619
685900	1.402264	7.1142148e-31	0	-301.47873
686000	1.478068	3.9283029e-30	0	-294.05795
686100	1.4091704	6.5349151e-30	0	-291.8476
686200	1.2016264	4.5048189e-30	0	-293.46323
686300	0.87513894	9.639435e-31	0	-300.15948
686400	0.46118911	1.5274317e-32	0	-318.16038
686500	9.5222215e-13	2.1042869e-31	0	-306.76895
686600	-0.46337373	2.0544641e-31	0	-306.87301
686700	-0.88344957	4.7795389e-32	0	-313.20614
686800	-1.2187838	1.1032572e-31	0	-309.57323
686900	-1.4360621	1.1630271e-31	0	-309.3441
687000	-1.5134103	5.3582689e-31	0	-302.70975
687100	-1.4425961	9.813282e-31	0	-300.08186
687200	-1.2299	7.0087449e-31	0	-301.5436
687300	-0.89556376	1.529188e-31	0	-308.15539
687400	-0.47186508	7.1967989e-32	0	-311.42861
687500	-4.6864687e-13	5.3642634e-32	0	-312.7049
687600	0.47392446	2.8160107e-32	0	-315.50366
687700	0.90339793	3.3487829e-32	0	-314.75113
687800	1.2460737	2.0208568e-32	0	-316.94464
687900	1.4679461	2.0120366e-32	0	-316.96364
688000	1.5467265	6.6403295e-32	0	-311.7781
688100	1.474082	4.8011043e-32	0	-313.18659
688200	1.2565125	7.6197037e-33	0	-321.18062
688300	0.91477391	4.2726515e-32	0	-313.69303
688400	0.48189836	1.9377776e-32	0	-317.12696
688500	6.7301481e-13	1.416192e-32	0	-318.48878
688600	-0.48382437	8.7259374e-33	0	-320.59188
688700	-0.92210071	2.3819345e-32	0	-316.2307
688800	-1.2716387	8.3903679e-32	0	-310.76219
688900	-1.4977901	3.317982e-32	0	-314.79126
689000	-1.5778849	1.6929663e-31	0	-307.71352
689100	-1.5035037	1.3068351e-31	0	-308.83779
689200	-1.2813589	6.3459514e-33	0	-321.97503
689300	-0.93269359	4.971068e-32	0	-313.0355
689400	-0.49124936	3.6404838e-32	0	-314.38841
689500	-8.8417907e-13	9.9750258e-33	0	-320.01086
689600	0.49303439	2.5360538e-33	0	-325.95842
689700	0.93948411	2.5103918e-32	0	-316.00258
689800	1.295378	3.6084913e-33	0	-324.42674
689900	1.5254765	1.3321759e-32	0	-318.75438
690000	1.6067627	3.4381197e-32	0	-314.63679
690100	1.5307451	5.0454118e-32	0	-312.97103
690200	1.3043412	2.0589e-33	0	-326.86365
690300	0.94925207	2.2113827e-32	0	-316.55336
690400	0.49988117	2.1006348e-32	0	-316.77649
690500	1.1012301e-12	8.2993253e-33	0	-320.80957
690600	-0.50151818	1.3450246e-32	0	-318.7127
690700	-0.9554795	1.4395844e-32	0	-318.41763
690800	-1.3171978	1.1130213e-33	0	-329.53497
690900	-1.5508959	1.5333384e-32	0	-318.14362
691000	-1.6332459	1.6300092e-32	0	-317.8781
691100	-1.5556987	2.0441781e-32	0	-316.89481
691200	-1.3253687	2.1315551e-32	0	-316.71303
691300	-0.96438401	1.7436352e-32	0	-317.58544
691400	-0.50775973	1.3246364e-32	0	-318.77903
691500	-5.7489409e-13	9.6322279e-34	0	-330.16273
691600	0.50924226	3.3293096e-32	0	-314.77646
691700	0.97002378	1.2686636e-32	0	-318.96654
691800	1.3370121	3.6858272e-33	0	-324.33465
691900	1.573948	3.376987e-32	0	-314.71471
692000	1.65723	3.5920424e-32	0	-314.44659
692100	1.5782661	3.4370746e-32	0	-314.63811
692200	1.3443584	2.5071123e-31	0	-306.00826
692300	0.97802968	8.3492678e-33	0	-320.78352
692400	0.51485394	3.9016949e-33	0	-324.08747
692500	7.9046745e-13	2.4167381e-34	0	-336.1677
692600	-0.51617614	2.4633869e-32	0	-316.08467
692700	-0.98305954	3.8865774e-33	0	-324.10433
692800	-1.3547426	4.0097595e-33	0	-323.96882
692900	-1.5945418	2.2454567e-32	0	-316.48695
693000	-1.6786203	2.1701928e-32	0	-316.63502
693100	-1.5983582	1.1613223e-32	0	-319.35047
693200	-1.3612354	2.6895544e-32	0	-315.7032
693300	-0.99013524	1.6515959e-32	0	-317.82096
693400	-0.5211358	1.0461362e-32	0	-319.80412
693500	-1.0101133e-12	2.5351696e-32	0	-315.95993
693600	0.52229245	3.0065546e-32	0	-315.21931
693700	0.99453532	7.3995492e-33	0	-321.30795
693800	1.3703194	4.2359922e-32	0	-313.73045
693900	1.6125961	2.9650212e-31	0	-305.27972
694000	1.6973324	3.9518046e-31	0	-304.03205
694100	1.6158957	1.622262e-31	0	-307.89879
694200	1.375933	1.1204473e-32	0	-319.50609
694300	1.0006529	4.6680395e-32	0	-313.30865
694400	0.52658053	2.5510635e-32	0	-315.93279
694500	4.5714513e-13	1.4441896e-31	0	-308.40376
694600	-0.52756707	7.5361889e-32	0	-311.22848
694700	-1.0044059	8.9762892e-33	0	-320.46903
694800	-1.383681	2.3541234e-31	0	-306.28171
694900	-1.6280396	1.509685e-30	0	-298.21114
695000	-1.7132924	2.1749928e-30	0	-296.62542
695100	-1.6308094	1.2049071e-30	0	-299.19046
695200	-1.3883932	1.2505161e-31	0	-309.02911
695300	-1.0095412	2.5870843e-32	0	-315.87189
695400	-0.53116664	9.7539832e-32	0	-310.10818
695500	-6.7515879e-13	2.5714296e-32	0	-315.89825
695600	0.53197917	3.6944442e-32	0	-314.32451
695700	1.0126322	3.082551e-32	0	-315.1109
695800	1.3947746	3.0926946e-32	0	-315.09663
695900	1.6408113	2.4514206e-31	0	-306.10582
696000	1.7264374	3.3911234e-31	0	-304.69656
696100	1.6430404	1.8187731e-31	0	-307.40221
696200	1.3985669	2.0475897e-32	0	-316.88757
696300	1.016765	1.2003414e-32	0	-319.20695
696400	0.53487602	2.1214949e-32	0	-316.73358
696500	8.9532749e-13	1.609474e-33	0	-327.93316
696600	-0.53551134	1.4518846e-32	0	-318.38068
696700	-1.0191818	1.5310109e-32	0	-318.15022
696800	-1.4035565	1.350541e-32	0	-318.69492
696900	-1.6508609	5.0831387e-32	0	-312.93868
697000	-1.7367154	2.3774349e-32	0	-316.23891
697100	-1.6525405	1.0728919e-32	0	-319.69444
697200	-1.406414	8.7096582e-33	0	-320.59999
697300	-1.0222958	4.8739503e-33	0	-323.12119
697400	-0.53769404	1.2746546e-32	0	-318.94607
697500	-1.1165602e-12	7.1501222e-33	0	-321.45687
697600	0.53814964	1.0868866e-32	0	-319.63816
697700	1.0240289	1.4262422e-31	0	-308.45807
697800	1.4099921	3.1210987e-32	0	-315.05692
697900	1.6581487	1.7577491e-31	0	-307.55043
698000	1.744086	4.7016851e-32	0	-313.27746
698100	1.6592721	6.7752566e-33	0	-321.69074
698200	1.4119033	7.9335177e-33	0	-321.00534
698300	1.0261118	2.765004e-33	0	-325.58304
698400	0.53960957	1.2058043e-32	0	-319.18723
698500	5.4345744e-13	1.6855002e-33	0	-327.73271
698600	-0.53988365	2.0246281e-33	0	-326.93655
698700	-1.0271544	3.2102497e-32	0	-314.93461
698800	-1.4140559	3.8730762e-33	0	-324.11944
698900	-1.6626459	3.9832472e-32	0	-313.99763
699000	-1.74852	1.2813197e-32	0	-318.92342
699100	-1.6632087	2.3332905e-33	0	-326.32031
699200	-1.4150134	7.8388235e-33	0	-321.05749
699300	-1.0281979	8.3109468e-33	0	-320.80349
699400	-0.54061507	1.0038841e-33	0	-329.98316
699500	-7.6214989e-13	2.964481e-34	0	-335.28051
699600	0.54070655	3.819404e-34	0	-334.18004
699700	1.0285459	9.3105003e-33	0	-320.31027
699800	1.4157318	3.1589161e-33	0	-325.00462
699900	1.6643348	6.5195434e-33	0	-321.85783
700000	1.75	1.5252627e-33	0	-328.16655
700100	1.6643348	1.0232112e-32	0	-319.90035
700200	1.4157318	4.610654e-33	0	-323.36237
700300	1.0285459	2.5247368e-32	0	-315.97784
700400	0.54070655	1.0358317e-32	0	-319.84711
700500	9.7992185e-13	1.5390767e-32	0	-318.1274
700600	-0.54061507	2.2936133e-32	0	-316.3948
700700	-1.0281979	4.2192601e-32	0	-313.74764
700800	-1.4150134	1.0434762e-32	0	-319.81517
700900	-1.6632087	2.2061093e-32	0	-316.56373
701000	-1.74852	5.3440615e-33	0	-322.72129
701100	-1.6626459	1.194946e-32	0	-319.22652
701200	-1.4140559	1.057049e-32	0	-319.75905
701300	-1.0271544	7.1224747e-33	0	-321.47369
701400	-0.53988365	1.6575149e-33	0	-327.80543
701500	-1.1956686e-12	2.2755649e-35	0	-346.42911
701600	0.53960957	3.0264679e-34	0	-335.19064
701700	1.0261118	1.7914519e-32	0	-317.46795
701800	1.4119033	2.3843471e-32	0	-316.22631
701900	1.6592721	2.1814873e-32	0	-316.61247
702000	1.744086	1.3791401e-32	0	-318.60392
702100	1.6581487	1.8612597e-32	0	-317.30193
702200	1.4099921	7.688047e-33	0	-321.14184
702300	1.0240289	2.0984037e-31	0	-306.78111
702400	0.53814964	3.5396162e-32	0	-314.51044
702500	6.1668615e-13	3.112718e-32	0	-315.0686
702600	-0.53769404	2.6690655e-32	0	-315.73641
702700	-1.0222958	1.0708956e-32	0	-319.70253
702800	-1.406414	6.7445573e-32	0	-311.71047
702900	-1.6525405	5.8362851e-32	0	-312.33864
703000	-1.7367154	1.0679675e-31	0	-309.71442
703100	-1.6508609	4.2091633e-32	0	-313.75804
703200	-1.4035565	3.1168106e-33	0	-325.0629
703300	-1.0191818	1.2060376e-30	0	-299.18639
703400	-0.53551134	2.4744955e-31	0	-306.06513
703500	-8.2912833e-13	1.8802437e-31	0	-307.25786
703600	0.53487602	8.311831e-32	0	-310.80303
703700	1.016765	4.3297441e-33	0	-323.63538
703800	1.3985669	4.4946148e-32	0	-313.47308
703900	1.6430404	2.229394e-32	0	-316.51813
704000	1.7264374	4.274102e-32	0	-313.69155
704100	1.6408113	6.9719047e-33	0	-321.56649
704200	1.3947746	2.5446053e-34	0	-335.9438
704300	1.0126322	1.6640534e-31	0	-307.78833
704400	0.53197917	2.3350176e-32	0	-316.3171
704500	1.0376303e-12	2.5439829e-32	0	-315.94486
704600	-0.53116664	1.4232962e-32	0	-318.46705
704700	-1.0095412	1.7764485e-33	0	-327.50447
704800	-1.3883932	1.3643638e-32	0	-318.6507
704900	-1.6308094	3.6233242e-33	0	-324.40893
705000	-1.7132924	9.7916204e-33	0	-320.09145
705100	-1.6280396	1.4859966e-32	0	-318.27982
705200	-1.383681	2.3826522e-32	0	-316.22939
705300	-1.0044059	2.0160049e-32	0	-316.95508
705400	-0.52756707	1.713048e-32	0	-317.6623
705500	-4.6550257e-13	1.8372628e-32	0	-317.35829
705600	0.52658053	7.0471771e-36	0	-351.51985
705700	1.0006529	5.6556549e-33	0	-322.47517
705800	1.375933	1.996278e-32	0	-316.99779
705900	1.6158957	1.1289949e-32	0	-319.47308
706000	1.6973324	6.4602947e-32	0	-311.89748
706100	1.6125961	1.4336252e-31	0	-308.43564
706200	1.3703194	1.2487421e-31	0	-309.03527
706300	0.99453532	7.3638479e-32	0	-311.32895
706400	0.52229245	3.7052416e-32	0	-314.31183
706500	6.7090932e-13	5.3577375e-32	0	-312.71019
706600	-0.5211358	1.38818e-33	0	-328.57554
706700	-0.99013524	4.4123178e-33	0	-323.55333
706800	-1.3612354	6.8317947e-33	0	-321.65465
706900	-1.5983582	4.6762112e-33	0	-323.30106
707000	-1.6786203	2.1255534e-33	0	-326.72528
707100	-1.5945418	2.0789218e-32	0	-316.82162
707200	-1.3547426	2.3775469e-32	0	-316.23871
707300	-0.98305954	1.5947133e-32	0	-317.97317
707400	-0.51617614	6.9218984e-33	0	-321.59775
707500	-8.705808e-13	3.0127231e-33	0	-325.21041
707600	0.51485394	4.4412024e-33	0	-323.52499
707700	0.97802968	1.2102851e-33	0	-329.17112
707800	1.3443584	1.6864443e-33	0	-327.73028
707900	1.5782661	2.0128512e-33	0	-326.96188
708000	1.65723	3.9030217e-33	0	-324.08599
708100	1.573948	1.3054479e-32	0	-318.8424
708200	1.3370121	1.652676e-32	0	-317.81812
708300	0.97002378	4.2314297e-33	0	-323.73513
708400	0.50924226	7.4471995e-33	0	-321.28007
708500	1.0635538e-12	8.4856363e-34	0	-330.71316
708600	-0.50775973	2.7797454e-34	0	-335.55995
708700	-0.96438401	4.3125408e-33	0	-323.65267
708800	-1.3253687	2.0361962e-32	0	-316.9118
708900	-1.5556987	7.7073933e-33	0	-321.13092
709000	-1.6332459	3.6636651e-32	0	-314.36084
709100	-1.5508959	6.4736221e-32	0	-311.88853
709200	-1.3171978	3.3746627e-32	0	-314.7177
709300	-0.9554795	1.6548733e-32	0	-317.81235
709400	-0.50151818	2.7797796e-32	0	-315.5599
709500	-5.1208084e-13	5.5158762e-33	0	-322.58385
709600	0.49988117	2.7030456e-33	0	-325.68147
709700	0.94925207	3.9499128e-33	0	-324.03412
709800	1.3043412	3.6017543e-33	0	-324.43486
709900	1.5307451	6.5315683e-33	0	-321.84983
710000	1.6067627	7.8476145e-33	0	-321.05262
710100	1.5254765	1.6926383e-32	0	-317.71436
710200	1.295378	5.4206382e-33	0	-322.6595
710300	0.93948411	4.658896e-33	0	-323.31717
710400	0.49303439	5.055993e-33	0	-322.96194
710500	7.0155728e-13	5.7273758e-33	0	-322.42044
710600	-0.49124936	5.9004199e-34	0	-332.29117
710700	-0.93269359	7.4564337e-33	0	-321.27469
710800	-1.2813589	5.4543597e-33	0	-322.63256
710900	-1.5035037	1.0522091e-33	0	-329.77898
711000	-1.5778849	1.0566651e-32	0	-319.76063
711100	-1.4977901	8.9402814e-32	0	-310.48649
711200	-1.2716387	4.758519e-32	0	-313.22528
711300	-0.92210071	5.8553402e-32	0	-312.32448
711400	-0.48382437	2.400776e-32	0	-316.19648
711500	-8.8281833e-13	1.6872689e-32	0	-317.72816
711600	0.48189836	1.3135475e-32	0	-318.81554
711700	0.91477391	2.9180697e-32	0	-315.34904
711800	1.2565125	1.0216074e-34	0	-339.90716
711900	1.474082	3.6372853e-32	0	-314.39223
712000	1.5467265	1.0539421e-31	0	-309.77183
712100	1.4679461	3.90907e-31	0	-304.07927
712200	1.2460737	3.970655e-31	0	-304.01138
712300	0.90339793	3.6457828e-31	0	-304.38209
712400	0.47392446	7.7345645e-32	0	-311.11564
712500	1.0550724e-12	2.9108692e-32	0	-315.35977
712600	-0.47186508	4.2120309e-32	0	-313.75508
712700	-0.89556376	1.8358501e-33	0	-327.36163
712800	-1.2299	1.2908892e-34	0	-338.89111
712900	-1.4425961	2.6053832e-32	0	-315.84128
713000	-1.5134103	1.8810422e-32	0	-317.25601
713100	-1.4360621	7.1994541e-32	0	-311.427
713200	-1.2187838	3.8350124e-32	0	-314.16233
713300	-0.88344957	5.7572265e-32	0	-312.39787
713400	-0.46337373	7.4987671e-33	0	-321.2501
713500	-5.3729929e-13	6.519622e-34	0	-331.85778
713600	0.46118911	4.9297344e-33	0	-323.07176
713700	0.87513894	4.5704088e-33	0	-323.40045
713800	1.2016264	1.0090096e-33	0	-329.96105
713900	1.4091704	9.4473308e-33	0	-320.24691
714000	1.478068	2.4462962e-32	0	-316.11491
714100	1.402264	2.7372162e-32	0	-315.62691
714200	1.1898767	3.744872e-32	0	-314.26563
714300	0.86233436	6.6004474e-33	0	-321.80427
714400	0.45221383	1.0201866e-33	0	-329.9132
714500	7.0594312e-13	8.5018213e-33	0	-320.70488
714600	-0.44991259	2.3786853e-32	0	-316.23663
714700	-0.85358007	7.8449283e-33	0	-321.05411
714800	-1.1718035	3.0623501e-32	0	-315.13945
714900	-1.3739368	1.2518797e-31	0	-309.02437
715000	-1.4408389	1.7414178e-31	0	-307.59097
715100	-1.3666852	2.103867e-31	0	-306.76982
715200	-1.1594666	1.0374534e-31	0	-309.84031
715300	-0.84013562	1.3989079e-33	0	-328.54211
715400	-0.4404888	1.4989015e-32	0	-318.24227
715500	-8.6444654e-13	2.4853861e-33	0	-326.04606
715600	0.43808002	1.0386108e-32	0	-319.83547
715700	0.83097223	7.3720954e-33	0	-321.32409
715800	1.1405487	7.4138674e-33	0	-321.29955
715900	1.3370342	6.3348282e-33	0	-321.98265
716000	1.4018701	3.144676e-32	0	-315.02424
716100	1.3294661	3.8244599e-32	0	-314.1743
716200	1.1276734	3.7151715e-32	0	-314.30021
716300	0.81694098	8.6302194e-33	0	-320.63978
716400	0.42824491	3.6075237e-33	0	-324.42791
716500	3.8388106e-13	1.3909438e-32	0	-318.5669
716600	-0.42573809	1.3216172e-32	0	-318.78894
716700	-0.80740465	5.5852598e-34	0	-332.52957
716800	-1.1079856	1.0084406e-32	0	-319.9635
716900	-1.2986083	2.3710688e-33	0	-326.25056
717000	-1.3613153	8.6634106e-33	0	-320.62311
717100	-1.2907536	1.2266783e-32	0	-319.11269
717200	-1.0946226	2.9519465e-33	0	-325.29892
717300	-0.79284196	6.5540351e-33	0	-321.83491
717400	-0.41553048	5.54992e-33	0	-322.55713
717500	-5.3925826e-13	2.6933505e-32	0	-315.69707
717600	0.41293552	2.7303308e-32	0	-315.63785
717700	0.78297032	3.0597559e-32	0	-315.14313
717800	1.0742426	1.517224e-32	0	-318.1895
717900	1.2588108	1.7076795e-32	0	-317.67594
718000	1.3193345	2.894436e-32	0	-315.38436
718100	1.2507005	4.3037031e-33	0	-323.66158
718200	1.0604447	7.5268732e-34	0	-331.23385
718300	0.76793368	2.7185046e-33	0	-325.6567
718400	0.4023957	1.8021623e-33	0	-327.44206
718500	6.8364955e-13	1.3678316e-32	0	-318.63967
718600	-0.39972283	8.2486194e-33	0	-320.83619
718700	-0.75776569	7.2932594e-33	0	-321.37078
718800	-1.0394528	2.8943943e-33	0	-325.38442
718900	-1.2177988	3.3447292e-33	0	-324.75639
719000	-1.2760934	9.8891256e-33	0	-320.04842
719100	-1.2094648	6.7865097e-33	0	-321.68354
719200	-1.0252744	8.259075e-34	0	-330.83069
719300	-0.74231443	1.8792454e-34	0	-337.26017
719400	-0.38889238	1.5520106e-32	0	-318.09105
719500	-8.1666274e-13	5.7264688e-33	0	-322.42113
719600	0.38615217	2.8437999e-32	0	-315.46101
719700	0.73189022	8.0635366e-33	0	-320.93474
719800	1.0037536	8.0381611e-34	0	-330.94843
719900	1.175734	1.3043652e-32	0	-318.84601
720000	1.2317627	1.0792723e-32	0	-319.66869
720100	1.1672093	2.8984606e-33	0	-325.37833
720200	0.98925076	5.515955e-33	0	-322.58379
720300	0.71608533	2.3783241e-32	0	-316.23729
720400	0.37507384	5.1109105e-32	0	-312.91502
720500	3.880928e-13	8.7909119e-32	0	-310.55966
720600	-0.37227708	1.2409171e-31	0	-309.06257
720700	-0.70544604	3.8306049e-32	0	-314.16733
720800	-0.9672859	2.8564707e-33	0	-325.4417
720900	-1.1327825	2.2110688e-32	0	-316.55398
721000	-1.1865174	4.1981509e-33	0	-323.76942
721100	-1.1241007	1.0687695e-32	0	-319.71116
721200	-0.95251578	1.4093277e-32	0	-318.50988
721300	-0.68934988	1.4955631e-32	0	-318.25195
721400	-0.3609946	2.6606942e-32	0	-315.75005
721500	-5.1827772e-13	4.4334173e-32	0	-313.53261
721600	0.35815234	2.3360501e-33	0	-326.31518
721700	0.67853751	2.6608345e-32	0	-315.74982
721800	0.93019357	9.6609333e-33	0	-320.14981
721900	1.0891139	3.2777221e-33	0	-324.84428
722000	1.140536	2.8506995e-32	0	-315.45049
722100	1.0803092	6.5048404e-32	0	-311.86763
722200	0.91521447	4.6554502e-32	0	-313.32038
722300	0.66221361	3.731091e-31	0	-304.28164
722400	0.34671023	4.7439202e-31	0	-303.23863
722500	6.3673432e-13	1.094089e-31	0	-309.60947
722600	-0.34383369	8.0051013e-32	0	-310.96633
722700	-0.65127081	4.9760417e-32	0	-313.03116
722800	-0.89262301	1.0535444e-32	0	-319.77347
722900	-1.0449004	2.2345182e-32	0	-316.50816
723000	-1.0939999	2.719518e-31	0	-305.65508
723100	-1.0360076	4.5360136e-31	0	-303.43326
723200	-0.87749404	4.0404828e-31	0	-303.93567
723300	-0.6347836	2.4873929e-30	0	-296.04256
723400	-0.3322771	3.1420128e-30	0	-295.02792
723500	-7.4334831e-13	2.4431164e-31	0	-306.12056
723600	0.32937763	3.824537e-31	0	-304.17421
723700	0.62375357	1.8761446e-31	0	-307.26734
723800	0.85472249	7.3419755e-32	0	-311.34187
723900	1.0003165	3.6665733e-32	0	-314.3574
724000	1.0470929	8.1474613e-32	0	-310.88978
724100	0.99137076	7.285145e-32	0	-311.37562
724200	0.83950337	1.6165016e-31	0	-307.91424
724300	0.60716811	2.7675406e-31	0	-305.57906
724400	0.31775217	6.6748516e-31	0	-301.75558
724500	3.7263754e-13	1.0593753e-32	0	-319.7495
724600	-0.31484121	5.0425454e-32	0	-312.9735
724700	-0.59609438	4.2621535e-32	0	-313.70371
724800	-0.8166416	9.2291373e-33	0	-320.34839
724900	-0.95553824	2.1879722e-32	0	-316.59958
725000	-1	2.8098909e-32	0	-315.51311
725100	-0.9465748	1.3927338e-33	0	-328.56132
725200	-0.80139239	8.6065169e-33	0	-320.65173
725300	-0.57947613	9.7876041e-33	0	-320.09324
725400	-0.30319277	2.7318702e-32	0	-315.6354
725500	-4.7701963e-13	1.7645654e-32	0	-317.53362
725600	0.30028181	3.2050104e-32	0	-314.94171
725700	0.56840239	6.5201597e-33	0	-321.85742
725800	0.77853061	1.2018656e-32	0	-319.20144
725900	0.91074228	1.2424491e-32	0	-319.05721
726000	0.95290711	1.3186347e-32	0	-318.79875
726100	0.90179653	1.7840265e-32	0	-317.48599
726200	0.7633115	9.9183217e-33	0	-320.03562
726300	0.55181693	4.1261698e-32	0	-313.84453
726400	0.28865636	6.2913793e-32	0	-312.01254
726500	5.6972985e-13	2.7995826e-32	0	-315.52907
726600	-0.28575689	5.1583489e-33	0	-322.87489
726700	-0.5407869	3.6166083e-33	0	-324.41699
726800	-0.74053994	2.805346e-32	0	-315.52014
726900	-0.86610542	1.1803344e-32	0	-319.27995
727000	-0.90600007	7.616613e-33	0	-321.18238
727100	-0.85721266	1.372609e-32	0	-318.62453
727200	-0.72541098	5.9495499e-33	0	-322.25516
727300	-0.52429969	1.1942695e-32	0	-319.22898
727400	-0.2742003	3.6420896e-32	0	-314.38649
727500	-2.4954606e-13	1.4172534e-33	0	-328.48552
727600	0.27132376	5.4095502e-33	0	-322.66839
727700	0.5133569	8.7851447e-33	0	-320.56251
727800	0.70281952	2.4270409e-33	0	-326.14923
727900	0.82180382	3.7382398e-33	0	-324.27333
728000	0.85946401	2.7270672e-32	0	-315.64304
728100	0.81299915	1.6921623e-32	0	-317.71558
728200	0.68784042	1.709122e-32	0	-317.67227
728300	0.497033	5.3725945e-32	0	-312.69816
728400	0.25988164	1.7901741e-32	0	-317.47105
728500	3.4056516e-13	9.6719942e-34	0	-330.14484
728600	-0.25703939	3.5617156e-33	0	-324.48341
728700	-0.48622062	2.9148403e-32	0	-315.35385
728800	-0.66551821	1.0113989e-32	0	-319.95078
728900	-0.77801233	1.1614849e-32	0	-319.34986
729000	-0.81348258	2.6901098e-32	0	-315.7023
729100	-0.7693305	6.1735989e-32	0	-312.09462
729200	-0.65074809	1.1895752e-32	0	-319.24608
729300	-0.47012446	1.4745068e-31	0	-308.31353
729400	-0.2457569	1.1558101e-31	0	-309.37114
729500	-4.2040645e-13	2.3904938e-32	0	-316.21512
729600	0.24296015	4.5279962e-34	0	-333.44094
729700	0.45948518	2.4565663e-32	0	-316.09672
729800	0.62878323	1.2071618e-33	0	-329.18235
729900	0.73490377	9.506749e-33	0	-320.21968
730000	0.76823725	2.7916945e-32	0	-315.54132
730100	0.72637903	9.7366784e-33	0	-320.11589
730200	0.61428037	1.1835778e-32	0	-319.26803
730300	0.44368028	1.5368886e-32	0	-318.13358
730400	0.23188182	5.2091268e-32	0	-312.83235
730500	4.8942917e-13	3.3709341e-32	0	-314.7225
730600	-0.2291416	4.3147417e-32	0	-313.65045
730700	-0.43325607	6.8777217e-32	0	-311.62555
730800	-0.59275954	7.7105054e-32	0	-311.12917
730900	-0.69264826	9.7272574e-32	0	-310.1201
731000	-0.72390659	4.4641278e-32	0	-313.50263
731100	-0.68431426	4.8742031e-33	0	-323.12096
731200	-0.57858119	1.3515495e-30	0	-298.69168
731300	-0.41780481	5.823257e-31	0	-302.34834
731400	-0.21831116	2.0529226e-31	0	-306.87627
731500	-2.2878386e-13	1.523831e-31	0	-308.17063
731600	0.21563829	2.9750782e-31	0	-305.26502
731700	0.40763683	2.8125311e-31	0	-305.50903
731800	0.55758933	4.6743431e-31	0	-303.30279
731900	0.65141256	5.3589318e-31	0	-302.70922
732000	0.68066553	3.2427056e-31	0	-304.89092
732100	0.6433022	4.9595458e-32	0	-313.04558
732200	0.54379143	1.039632e-29	0	-289.8312
732300	0.39260018	3.9483396e-30	0	-294.03586
732400	0.20509847	1.0074889e-30	0	-299.9676
732500	2.9697989e-13	3.6810533e-31	0	-304.34028
732600	-0.2025035	2.1013361e-31	0	-306.77504
732700	-0.38272854	1.3417042e-31	0	-308.72343
732800	-0.52341138	2.1026236e-31	0	-306.77238
732900	-0.61135943	1.8457062e-31	0	-307.33837
733000	-0.63868474	1.5989178e-31	0	-307.96174
733100	-0.60350471	1.3590897e-31	0	-308.66752
733200	-0.5100484	1.6386424e-30	0	-297.85516
733300	-0.36816586	5.5938481e-31	0	-302.52289
733400	-0.1922959	1.558836e-31	0	-308.072
733500	-3.5533571e-13	3.1018055e-32	0	-315.08385
733600	0.18978908	9.4841074e-33	0	-320.23004
733700	0.35862953	2.8792953e-34	0	-335.40714
733800	0.49036059	1.2719408e-32	0	-318.95533
733900	0.57264693	5.062285e-32	0	-312.95653
734000	0.5981299	3.5671171e-32	0	-314.47683
734100	0.56507885	1.7188445e-32	0	-317.64763
734200	0.47748526	1.439013e-33	0	-328.41935
734300	0.34459827	2.8903512e-32	0	-315.39049
734400	0.17995397	1.0855067e-33	0	-329.64367
734500	4.0446702e-13	3.075004e-33	0	-325.12154
734600	-0.17754519	2.1196648e-32	0	-316.73733
734700	-0.33543488	5.5626217e-33	0	-322.5472
734800	-0.45856739	9.0227295e-33	0	-320.44662
734900	-0.53542783	5.3678401e-32	0	-312.702
735000	-0.55916106	4.9550226e-32	0	-313.04954
735100	-0.52817626	3.5036564e-32	0	-314.55478
735200	-0.44623053	2.5378601e-32	0	-315.95532
735300	-0.32199043	6.9397538e-33	0	-321.58656
735400	-0.1681214	6.5074939e-34	0	-331.86586
735500	-1.9935679e-13	3.473087e-33	0	-324.59284
735600	0.16582015	6.4424489e-33	0	-321.90949
735700	0.31323615	9.2483743e-35	0	-340.33935
735800	0.42815726	1.0560448e-33	0	-329.76318
735900	0.49984904	7.8655547e-33	0	-321.04271
736000	0.52193201	4.7795883e-33	0	-323.2061
736100	0.49294259	5.5253424e-33	0	-322.57641
736200	0.41640754	1.3988866e-32	0	-318.54218
736300	0.30043156	2.1765085e-33	0	-326.6224
736400	0.15684488	2.8620737e-33	0	-325.43319
736500	2.4869578e-13	5.8123689e-33	0	-322.35647
736600	-0.15466026	8.4913051e-33	0	-320.71026
736700	-0.29212093	5.3766435e-33	0	-322.69489
736800	-0.39925021	1.0209871e-32	0	-319.9098
736900	-0.46605095	2.0142316e-33	0	-326.95891
737000	-0.48658967	3.4739123e-33	0	-324.59181
737100	-0.45951688	7.0008127e-33	0	-321.54852
737200	-0.38813401	5.6352673e-33	0	-322.49085
737300	-0.28000675	1.7260815e-33	0	-327.62939
737400	-0.14616891	5.6558773e-34	0	-332.475
737500	-2.9020701e-13	2.363455e-32	0	-316.26453
737600	0.14410953	5.0635594e-32	0	-312.95544
737700	0.27217257	1.9294536e-32	0	-317.14566
737800	0.37196031	4.3962911e-32	0	-313.56914
737900	0.43416696	3.7122146e-32	0	-314.30367
738000	0.45327353	2.4926454e-32	0	-316.03339
738100	0.42803106	1.0076591e-32	0	-319.96686
738200	0.36152151	2.1101984e-32	0	-316.75677
738300	0.2607966	3.6864703e-33	0	-324.33389
738400	0.13613563	1.4047994e-33	0	-328.52386
738500	1.2580794e-13	3.1108396e-32	0	-315.07122
738600	-0.13420962	2.8979759e-33	0	-325.37905
738700	-0.25346979	4.6459679e-33	0	-323.32924
738800	-0.34639528	1.4114851e-32	0	-318.50324
738900	-0.40432289	1.4056283e-32	0	-318.5213
739000	-0.42211507	3.071923e-32	0	-315.1259
739100	-0.39860938	3.746306e-32	0	-314.26397
739200	-0.33667507	2.2283046e-32	0	-316.52025
739300	-0.24287692	2.2937669e-32	0	-316.39451
739400	-0.12678463	2.2909681e-31	0	-306.39981
739500	-1.67876e-13	4.538336e-31	0	-303.43103
739600	0.1249996	4.2379674e-31	0	-303.72842
739700	0.2360864	1.3623144e-31	0	-308.65723
739800	0.32265601	4.6160285e-32	0	-313.35732
739900	0.37663653	3.9542106e-32	0	-314.0294
740000	0.39323725	1.9365151e-32	0	-317.12979
740100	0.37136796	9.7341555e-32	0	-310.11702
740200	0.31369275	1.0086639e-31	0	-309.96254
740300	0.22631843	9.8650077e-32	0	-310.05903
740400	0.11815282	1.2646832e-30	0	-298.98018
740500	2.0372269e-13	2.8378165e-30	0	-295.47016
740600	-0.11651581	3.0959658e-30	0	-295.09204
740700	-0.220091	1.2976612e-30	0	-298.86839
740800	-0.30083618	5.8294592e-32	0	-312.34372
740900	-0.35121715	1.1731159e-31	0	-309.30659
741000	-0.36675406	1.4578389e-31	0	-308.3629
741100	-0.3464143	8.7918197e-34	0	-330.55921
741200	-0.29266525	6.5411381e-32	0	-311.84347
741300	-0.2111865	5.8254016e-32	0	-312.34674
741400	-0.11027426	1.7864352e-31	0	-307.48013
741500	-2.3429356e-13	4.2628499e-31	0	-303.703
741600	0.10879173	4.2676609e-31	0	-303.6981
741700	0.20554672	2.2410291e-31	0	-306.49552
741800	0.28102191	3.1744384e-32	0	-314.98333
741900	0.32816506	3.204674e-32	0	-314.94216
742000	0.34276999	1.1810178e-32	0	-319.27744
742100	0.32384689	1.6015364e-32	0	-317.95463
742200	0.27367555	7.4105855e-33	0	-321.30147
742300	0.19754082	5.437211e-33	0	-322.64624
742400	0.10318005	7.9476952e-32	0	-310.99759
742500	1.0972078e-13	1.5109134e-32	0	-318.2076
742600	-0.10185785	7.1679095e-33	0	-321.44607
742700	-0.19251097	7.3599159e-33	0	-321.33127
742800	-0.26329139	2.1356467e-32	0	-316.70471
742900	-0.30757123	1.0991656e-32	0	-319.58937
743000	-0.32137971	1.73193e-32	0	-317.6147
743100	-0.30375478	1.0972278e-32	0	-319.59703
743200	-0.2567986	1.1625125e-32	0	-319.34602
743300	-0.18543526	1.3529627e-31	0	-308.68714
743400	-0.096898187	4.0645355e-31	0	-303.90989
743500	-1.4188033e-13	2.7924523e-32	0	-315.54014
743600	0.095741535	1.8687813e-32	0	-317.28442
743700	0.18103518	2.7309837e-32	0	-315.63681
743800	0.24771461	2.6203549e-32	0	-315.8164
743900	0.28951695	1.9707863e-32	0	-317.0536
744000	0.30266764	1.4275636e-33	0	-328.45405
744100	0.28621729	1.0151767e-32	0	-319.93458
744200	0.242101	6.4230979e-33	0	-321.92255
744300	0.17491759	1.3535096e-32	0	-318.68539
744400	0.091453458	1.0784491e-31	0	-309.672
744500	1.7062064e-13	2.1430749e-32	0	-316.68963
744600	-0.090466919	8.6160597e-33	0	-320.64691
744700	-0.17116465	8.424466e-33	0	-320.74458
744800	-0.23435303	1.7216197e-32	0	-317.64063
744900	-0.27407346	1.5981132e-33	0	-327.96392
745000	-0.28670761	1.9812963e-33	0	-327.03051
745100	-0.27130361	4.9283973e-33	0	-323.07294
745200	-0.22964076	1.4295175e-33	0	-328.44811
745300	-0.16602933	1.1347425e-33	0	-329.45103
745400	-0.086867353	2.5079927e-32	0	-316.00674
745500	-1.9700425e-13	1.445862e-32	0	-318.39873
745600	0.08605482	4.1553557e-33	0	-323.81392
745700	0.16293833	1.6641057e-34	0	-337.78819
745800	0.22325938	1.9155779e-32	0	-317.177
745900	0.26130172	2.4253685e-33	0	-326.15222
746000	0.27356263	5.0495114e-33	0	-322.96751
746100	0.2590726	7.6007055e-33	0	-321.19146
746200	0.21946706	5.7559218e-33	0	-322.39885
746300	0.15880554	2.6801228e-32	0	-315.71845
746400	0.083157971	6.6438634e-32	0	-311.77579
746500	1.0021799e-13	8.6215823e-32	0	-310.64413
746600	-0.082522651	1.5595987e-32	0	-318.06987
746700	-0.15638868	2.095051e-32	0	-316.78805
746800	-0.21447745	5.1921026e-32	0	-312.84657
746900	-0.25125212	2.7765378e-33	0	-325.56496
747000	-0.26328456	2.5808576e-33	0	-325.88236
747100	-0.24957254	2.1683206e-32	0	-316.63876
747200	-0.21162004	1.4436929e-33	0	-328.40525
747300	-0.15327473	2.2564523e-32	0	-316.46574
747400	-0.080339951	4.2471271e-32	0	-313.71905
747500	-1.2918345e-13	2.4752592e-33	0	-326.06379
747600	0.079884351	1.1397719e-32	0	-319.43182
747700	0.15154157	1.1019434e-32	0	-319.57841
747800	0.2080419	1.5489368e-32	0	-318.09966
747900	0.24396433	1.3520662e-32	0	-318.69002
748000	0.25591397	3.0488543e-32	0	-315.15863
748100	0.24284091	2.3267812e-32	0	-316.33244
748200	0.20613067	1.8215552e-32	0	-317.39558
748300	0.14945875	1.5384589e-31	0	-308.12914
748400	0.078424415	2.2920954e-31	0	-306.39767
748500	1.5777187e-13	1.0677911e-31	0	-309.71514
748600	-0.078150334	2.7982461e-32	0	-315.53114
748700	-0.1484161	3.4533569e-32	0	-314.61759
748800	-0.20397812	1.3841215e-32	0	-318.58826
748900	-0.23946711	8.1332399e-33	0	-320.89736
749000	-0.25147995	9.1960862e-32	0	-310.36397
749100	-0.23890429	9.7714235e-32	0	-310.10042
749200	-0.20302062	1.0275262e-31	0	-309.88207
749300	-0.14737263	6.4869924e-31	0	-301.87957
749400	-0.077418922	1.3531009e-30	0	-298.6867
749500	-7.3237154e-14	9.4898763e-31	0	-300.22739
749600	0.077327442	3.4005755e-31	0	-304.68448
749700	0.14702463	1.3787539e-32	0	-318.60513
749800	0.20230216	5.9669959e-32	0	-312.24244
749900	0.23777821	2.4238567e-32	0	-316.15493
750000	0.25	7.545957e-33	0	-321.22286
750100	0.23777821	5.2777782e-32	0	-312.77549
750200	0.20230216	4.4525569e-32	0	-313.51391
750300	0.14702463	9.8658294e-32	0	-310.05866
750400	0.077327442	2.3138372e-31	0	-306.35667
750500	1.0440008e-13	1.308282e-31	0	-308.83299
750600	-0.077418922	3.9205039e-32	0	-314.06658
750700	-0.14737263	1.3515337e-33	0	-328.69173
750800	-0.20302062	7.6214846e-33	0	-321.1796
750900	-0.23890429	1.3392399e-33	0	-328.73142
751000	-0.25147995	2.828219e-33	0	-325.48487
751100	-0.23946711	3.1162959e-34	0	-335.06361
751200	-0.20397812	1.617168e-32	0	-317.91245
751300	-0.1484161	5.7608964e-32	0	-312.3951
751400	-0.078150334	1.8367469e-33	0	-327.35951
751500	-1.3716485e-13	1.4363722e-32	0	-318.42733
751600	0.078424415	2.3434772e-33	0	-326.30139
751700	0.14945875	3.1617206e-34	0	-335.00077
751800	0.20613067	1.885387e-32	0	-317.24599
751900	0.24284091	2.3300232e-32	0	-316.3264
752000	0.25591397	3.214146e-32	0	-314.92934
752100	0.24396433	1.691172e-33	0	-327.71812
752200	0.2080419	1.3299965e-31	0	-308.7615
752300	0.15154157	2.422006e-31	0	-306.15825
752400	0.079884351	1.2411149e-32	0	-319.06188
752500	1.726284e-13	6.8259853e-32	0	-311.65835
752600	-0.080339951	6.7126115e-33	0	-321.73108
752700	-0.15327473	4.4814323e-33	0	-323.48583
752800	-0.21162004	1.7958326e-32	0	-317.45734
752900	-0.24957254	3.1827872e-33	0	-324.97192
753000	-0.26328456	6.4965818e-33	0	-321.87315
753100	-0.25125212	3.3911469e-33	0	-324.69653
753200	-0.21447745	1.7254716e-32	0	-317.63092
753300	-0.15638868	4.7639183e-32	0	-313.22036
753400	-0.082522651	8.461617e-34	0	-330.72547
753500	-8.9971944e-14	1.3731176e-32	0	-318.62292
753600	0.083157971	6.4405753e-34	0	-331.91075
753700	0.15880554	4.5102316e-33	0	-323.45801
753800	0.21946706	1.1410522e-32	0	-319.42694
753900	0.2590726	3.6799532e-33	0	-324.34158
754000	0.27356263	3.5709238e-33	0	-324.47219
754100	0.26130172	6.3366186e-34	0	-331.98142
754200	0.22325938	3.6917642e-33	0	-324.32766
754300	0.16293833	5.7090563e-33	0	-322.43436
754400	0.08605482	1.9202407e-34	0	-337.16644
754500	1.2872819e-13	4.7581991e-35	0	-343.22557
754600	-0.086867353	3.1625145e-33	0	-324.99967
754700	-0.16602933	1.7172267e-32	0	-317.65172
754800	-0.22964076	1.9176341e-32	0	-317.17234
754900	-0.27130361	3.8737782e-32	0	-314.11865
755000	-0.28670761	3.8569435e-32	0	-314.13757
755100	-0.27407346	1.0042688e-32	0	-319.9815
755200	-0.23435303	2.5246117e-32	0	-315.97805
755300	-0.17116465	1.6228207e-32	0	-317.89729
755400	-0.090466919	2.5816633e-33	0	-325.881
755500	-1.7206285e-13	4.7066603e-34	0	-333.27287
755600	0.091453458	4.2161183e-33	0	-323.75087
755700	0.17491759	1.5444796e-33	0	-328.11218
755800	0.242101	2.2945721e-33	0	-326.39298
755900	0.28621729	4.6748549e-33	0	-323.30232
756000	0.30266764	6.0305856e-33	0	-322.19641
756100	0.28951695	3.020047e-33	0	-325.19986
756200	0.24771461	7.3383294e-33	0	-321.34403
756300	0.18103518	1.0494027e-32	0	-319.79058
756400	0.095741535	1.9441566e-33	0	-327.11269
756500	2.2099656e-13	1.9749942e-33	0	-327.04434
756600	-0.096898187	5.875458e-32	0	-312.30958
756700	-0.18543526	2.7570922e-32	0	-315.59549
756800	-0.2567986	2.3898596e-32	0	-316.21628
756900	-0.30375478	5.0409755e-32	0	-312.97485
757000	-0.32137971	3.9583146e-33	0	-324.0249
757100	-0.30757123	2.4216204e-33	0	-326.15894
757200	-0.26329139	3.5074338e-33	0	-324.55011
757300	-0.19251097	3.4628516e-32	0	-314.60566
757400	-0.10185785	4.764688e-33	0	-323.21966
757500	-1.2565192e-13	8.7974832e-33	0	-320.55642
757600	0.10318005	3.5127406e-31	0	-304.54354
757700	0.19754082	2.3691001e-31	0	-306.25417
757800	0.27367555	1.2411251e-31	0	-309.06184
757900	0.32384689	3.197938e-31	0	-304.9513
758000	0.34276999	5.0658228e-33	0	-322.9535
758100	0.32816506	2.3737932e-33	0	-326.24557
758200	0.28102191	2.7816664e-32	0	-315.55695
758300	0.20554672	1.7269329e-32	0	-317.62725
758400	0.10879173	7.3069659e-33	0	-321.36263
758500	1.7836584e-13	2.2983455e-32	0	-316.38585
758600	-0.11027426	8.7801982e-32	0	-310.56496
758700	-0.2111865	4.5872878e-32	0	-313.38444
758800	-0.29266525	1.1647812e-32	0	-319.33756
758900	-0.3464143	1.9457088e-32	0	-317.10922
759000	-0.36675406	5.8868236e-33	0	-322.30119
759100	-0.35121715	4.405407e-33	0	-323.56014
759200	-0.30083618	8.3196142e-34	0	-330.79897
759300	-0.220091	1.6908784e-34	0	-337.71888
759400	-0.11651581	1.1018515e-34	0	-339.57877
759500	-2.3832937e-13	2.1997285e-32	0	-316.57631
759600	0.11815282	3.8033471e-32	0	-314.19834
759700	0.22631843	2.8039537e-32	0	-315.52229
759800	0.31369275	3.9224181e-33	0	-324.06446
759900	0.37136796	1.4142889e-33	0	-328.49462
760000	0.39323725	2.5625052e-32	0	-315.91335
760100	0.37663653	3.214854e-33	0	-324.92839
760200	0.32265601	1.0101323e-32	0	-319.95622
760300	0.2360864	8.9138068e-34	0	-330.49937
760400	0.1249996	2.1831786e-32	0	-316.60911
760500	1.2116221e-13	1.4305867e-31	0	-308.44486
760600	-0.12678463	2.2687131e-31	0	-306.4422
760700	-0.24287692	1.1078259e-31	0	-309.55528
760800	-0.33667507	8.4947494e-33	0	-320.70849
760900	-0.39860938	2.4386564e-33	0	-326.12849
761000	-0.42211507	6.4484677e-32	0	-311.90543
761100	-0.40432289	2.385338e-32	0	-316.2245
761200	-0.34639528	9.044984e-33	0	-320.43592
761300	-0.25346979	7.078448e-34	0	-331.50062
761400	-0.13420962	1.0078566e-32	0	-319.96601
761500	-1.8453861e-13	1.637467e-32	0	-317.85827
761600	0.13613563	4.1988321e-32	0	-313.76871
761700	0.2607966	3.6378409e-32	0	-314.39156
761800	0.36152151	3.4526697e-33	0	-324.61845
761900	0.42803106	1.7259915e-34	0	-337.62961
762000	0.45327353	1.8358437e-32	0	-317.36164
762100	0.43416696	9.9494678e-33	0	-320.022
762200	0.37196031	7.7156821e-34	0	-331.12626
762300	0.27217257	1.3384801e-32	0	-318.73388
762400	0.14410953	7.8782573e-33	0	-321.0357
762500	2.566043e-13	8.1456612e-33	0	-320.89074
762600	-0.14616891	3.3805187e-34	0	-334.71017
762700	-0.28000675	1.7884488e-32	0	-317.47523
762800	-0.38813401	5.3910763e-33	0	-322.68325
762900	-0.45951688	1.427309e-34	0	-338.45482
763000	-0.48658967	2.6774442e-32	0	-315.7228
763100	-0.46605095	2.8371058e-33	0	-325.47124
763200	-0.39925021	3.063366e-33	0	-325.13801
763300	-0.29212093	5.0988211e-32	0	-312.9253
763400	-0.15466026	5.4409502e-32	0	-312.64325
763500	-3.3810295e-13	4.1429411e-32	0	-313.82691
763600	0.15684488	6.7751519e-33	0	-321.69081
763700	0.30043156	2.6519889e-32	0	-315.76428
763800	0.41640754	2.7356178e-32	0	-315.62945
763900	0.49294259	1.2482755e-32	0	-319.0369
764000	0.52193201	1.897872e-32	0	-317.21733
764100	0.49984904	1.9935843e-33	0	-327.00365
764200	0.42815726	1.5004816e-33	0	-328.23769
764300	0.31323615	7.0486763e-33	0	-321.51892
764400	0.16582015	1.2399582e-32	0	-319.06593
764500	1.8399931e-13	1.3666652e-32	0	-318.64338
764600	-0.1681214	4.6685299e-33	0	-323.3082
764700	-0.32199043	3.9040821e-33	0	-324.08481
764800	-0.44623053	1.577131e-33	0	-328.02132
764900	-0.52817626	7.9614073e-33	0	-320.9901
765000	-0.55916106	2.4191061e-33	0	-326.16345
765100	-0.53542783	1.6016103e-33	0	-327.95443
765200	-0.45856739	1.4569944e-32	0	-318.36542
765300	-0.33543488	5.34217e-33	0	-322.72282
765400	-0.17754519	4.2299073e-33	0	-323.73669
765500	-2.6897648e-13	6.8584934e-32	0	-311.63771
765600	0.17995397	2.1124656e-32	0	-316.7521
765700	0.34459827	4.4227819e-32	0	-313.54304
765800	0.47748526	1.6535792e-32	0	-317.81575
765900	0.56507885	1.0654814e-32	0	-319.72454
766000	0.5981299	3.7812164e-33	0	-324.22368
766100	0.57264693	2.1936198e-33	0	-326.58839
766200	0.49036059	5.1372988e-32	0	-312.89265
766300	0.35862953	3.0620523e-32	0	-315.13987
766400	0.18978908	5.2087496e-32	0	-312.83267
766500	3.6442321e-13	3.4381976e-31	0	-304.63669
766600	-0.1922959	1.8262295e-31	0	-307.38445
766700	-0.36816586	1.8674038e-31	0	-307.28762
766800	-0.5100484	2.0171544e-31	0	-306.95261
766900	-0.60350471	9.9258977e-33	0	-320.0323
767000	-0.63868474	8.4552325e-33	0	-320.72874
767100	-0.61135943	2.9836862e-32	0	-315.25247
767200	-0.52341138	1.6798795e-32	0	-317.74722
767300	-0.38272854	2.0206904e-32	0	-316.945
767400	-0.2025035	3.6492532e-32	0	-314.37796
767500	-4.7084863e-13	6.1265477e-32	0	-312.12784
767600	0.20509847	4.5669172e-32	0	-313.40377
767700	0.39260018	1.5785232e-32	0	-318.01749
767800	0.54379143	1.4320337e-32	0	-318.44047
767900	0.6433022	4.2288139e-33	0	-323.73781
768000	0.68066553	1.3179056e-33	0	-328.80116
768100	0.65141256	9.1285789e-34	0	-330.39597
768200	0.55758933	1.7131889e-32	0	-317.66195
768300	0.40763683	5.4576614e-33	0	-322.62993
768400	0.21563829	4.531536e-32	0	-313.43755
768500	2.6938287e-13	5.6974987e-32	0	-312.44316
768600	-0.21831116	3.185308e-32	0	-314.96849
768700	-0.41780481	1.260658e-33	0	-328.99403
768800	-0.57858119	1.4290279e-32	0	-318.44959
768900	-0.68431426	8.5365119e-33	0	-320.6872
769000	-0.72390659	5.9682038e-33	0	-322.24156
769100	-0.69264826	2.8953876e-33	0	-325.38293
769200	-0.59275954	1.8661498e-32	0	-317.29053
769300	-0.43325607	6.3485955e-32	0	-311.97322
769400	-0.2291416	2.7944683e-31	0	-305.53701
769500	-3.7903612e-13	2.8024035e-31	0	-305.52469
769600	0.23188182	1.4585641e-31	0	-308.36074
769700	0.44368028	1.2451461e-32	0	-319.0478
769800	0.61428037	5.9587676e-34	0	-332.24844
769900	0.72637903	1.8692649e-32	0	-317.28329
770000	0.76823725	4.0911979e-34	0	-333.8815
770100	0.73490377	2.0075345e-33	0	-326.97337
770200	0.62878323	4.2073015e-33	0	-323.75996
770300	0.45948518	6.2885931e-33	0	-322.01447
770400	0.24296015	3.7867513e-32	0	-314.21733
770500	5.0022884e-13	5.1937527e-32	0	-312.84519
770600	-0.2457569	2.5323405e-32	0	-315.96478
770700	-0.47012446	6.7043429e-33	0	-321.73644
770800	-0.65074809	3.7286006e-33	0	-324.28454
770900	-0.7693305	1.5765048e-32	0	-318.02305
771000	-0.81348258	1.9280721e-33	0	-327.14877
771100	-0.77801233	1.4340417e-32	0	-318.43438
771200	-0.66551821	3.4142448e-33	0	-324.66705
771300	-0.48622062	4.1516079e-33	0	-323.81784
771400	-0.25703939	7.1075474e-33	0	-321.4828
771500	-2.5285423e-13	2.5149981e-33	0	-325.99462
771600	0.25988164	1.0344528e-32	0	-319.85289
771700	0.497033	1.459687e-33	0	-328.3574
771800	0.68784042	5.2718388e-33	0	-322.78038
771900	0.81299915	3.1940118e-32	0	-314.95663
772000	0.85946401	5.3113421e-35	0	-342.74796
772100	0.82180382	5.2142483e-32	0	-312.82808
772200	0.70281952	9.8765761e-33	0	-320.05394
772300	0.5133569	7.48327e-32	0	-311.25909
772400	0.27132376	2.8005601e-32	0	-315.52755
772500	3.7671005e-13	6.9342857e-33	0	-321.58998
772600	-0.2742003	1.9712656e-32	0	-317.05255
772700	-0.52429969	9.0622223e-35	0	-340.42765
772800	-0.72541098	4.3966752e-33	0	-323.56876
772900	-0.85721266	2.0163285e-32	0	-316.95439
773000	-0.90600007	6.2054924e-33	0	-322.07224
773100	-0.86610542	1.6976089e-33	0	-327.70162
773200	-0.74053994	4.6362726e-33	0	-323.33831
773300	-0.5407869	2.8991152e-32	0	-315.37735
773400	-0.28575689	9.4529229e-33	0	-320.24434
773500	-5.1234222e-13	4.9896933e-33	0	-323.01926
773600	0.28865636	5.6627682e-33	0	-322.46971
773700	0.55181693	1.6828244e-33	0	-327.73961
773800	0.7633115	1.0451676e-32	0	-319.80814
773900	0.90179653	3.7741274e-32	0	-314.23183
774000	0.95290711	1.6456915e-32	0	-317.83652
774100	0.91074228	4.7986949e-33	0	-323.18877
774200	0.77853061	9.0965278e-33	0	-320.41124
774300	0.56840239	2.1201934e-33	0	-326.73625
774400	0.30028181	6.1128729e-33	0	-322.13755
774500	6.5979898e-13	1.5458916e-32	0	-318.10821
774600	-0.30319277	8.3136806e-35	0	-340.80207
774700	-0.57947613	8.1355345e-33	0	-320.89614
774800	-0.80139239	3.3638774e-32	0	-314.7316
774900	-0.9465748	1.3014273e-31	0	-308.8558
775000	-1	1.0327648e-31	0	-309.85999
775100	-0.95553824	3.3250172e-32	0	-314.78206
775200	-0.8166416	1.0165558e-32	0	-319.92869
775300	-0.59609438	5.4900331e-33	0	-322.60425
775400	-0.31484121	5.2287327e-33	0	-322.81604
775500	-3.5357552e-13	8.5570962e-33	0	-320.67674
775600	0.31775217	1.0083619e-32	0	-319.96384
775700	0.60716811	4.3580712e-33	0	-323.60706
775800	0.83950337	1.0073107e-32	0	-319.96837
775900	0.99137076	4.8263643e-32	0	-313.1638
776000	1.0470929	1.583825e-32	0	-318.00293
776100	1.0003165	2.7020372e-33	0	-325.68309
776200	0.85472249	2.0427361e-32	0	-316.89788
776300	0.62375357	6.751514e-33	0	-321.70599
776400	0.32937763	1.0490146e-32	0	-319.79218
776500	5.030716e-13	1.9125398e-32	0	-317.1839
776600	-0.3322771	1.1372502e-31	0	-309.44144
776700	-0.6347836	2.4696e-31	0	-306.07373
776800	-0.87749404	9.0281628e-32	0	-310.44401
776900	-1.0360076	5.224003e-31	0	-302.81997
777000	-1.0939999	2.2736093e-31	0	-306.43284
777100	-1.0449004	8.724731e-32	0	-310.59248
777200	-0.89262301	6.9349498e-32	0	-311.58957
777300	-0.65127081	1.943899e-31	0	-307.11326
777400	-0.34383369	1.5012384e-31	0	-308.2355
777500	-6.6410783e-13	3.1561279e-32	0	-315.00845
777600	0.34671023	1.1741265e-30	0	-299.30285
777700	0.66221361	2.5549819e-30	0	-295.92612
777800	0.91521447	1.6366239e-31	0	-307.86051
777900	1.0803092	3.2606226e-30	0	-294.86699
778000	1.140536	6.2408966e-31	0	-302.04753
778100	1.0891139	5.6415761e-32	0	-312.486
778200	0.93019357	2.9670822e-31	0	-305.2767
778300	0.67853751	1.1699165e-31	0	-309.31845
778400	0.35815234	4.328727e-32	0	-313.6364
778500	8.3644757e-13	6.6714321e-32	0	-311.75781
778600	-0.3609946	2.5728924e-31	0	-305.89578
778700	-0.68934988	3.9615281e-31	0	-304.02137
778800	-0.95251578	1.4933839e-32	0	-318.25829
778900	-1.1241007	3.9912376e-31	0	-303.98892
779000	-1.1865174	7.3384828e-32	0	-311.34394
779100	-1.1327825	2.1057284e-32	0	-316.76598
779200	-0.9672859	2.3722518e-32	0	-316.24839
779300	-0.70544604	1.4223648e-32	0	-318.46989
779400	-0.37227708	1.8602808e-32	0	-317.30422
779500	-4.698637e-13	1.150354e-32	0	-319.39169
779600	0.37507384	1.2480009e-32	0	-319.03785
779700	0.71608533	5.705933e-33	0	-322.43673
779800	0.98925076	4.3222276e-33	0	-323.64292
779900	1.1672093	9.0608612e-33	0	-320.42831
780000	1.2317627	1.3131964e-32	0	-318.8167
780100	1.175734	2.5001694e-32	0	-316.02031
780200	1.0037536	7.1740304e-33	0	-321.44237
780300	0.73189022	1.078621e-32	0	-319.67131
780400	0.38615217	4.3180656e-33	0	-323.64711
780500	6.4336395e-13	5.9853768e-32	0	-312.22909
780600	-0.38889238	1.4927663e-32	0	-318.26008
780700	-0.74231443	6.6440462e-32	0	-311.77567
780800	-1.0252744	2.9489342e-33	0	-325.30335
780900	-1.2094648	5.7711154e-33	0	-322.3874
781000	-1.2760934	2.420526e-32	0	-316.1609
781100	-1.2177988	5.6895875e-32	0	-312.44919
781200	-1.0394528	2.1218303e-33	0	-326.73289
781300	-0.75776569	3.3270347e-34	0	-334.77943
781400	-0.39972283	9.7884097e-34	0	-330.09288
781500	-8.2737982e-13	1.9815068e-32	0	-317.03004
781600	0.4023957	2.9188315e-33	0	-325.34791
781700	0.76793368	1.5272164e-32	0	-318.16099
781800	1.0604447	3.3885085e-33	0	-324.69991
781900	1.2507005	5.8740195e-33	0	-322.31065
782000	1.3193345	4.4550452e-33	0	-323.51148
782100	1.2588108	1.1769993e-32	0	-319.29224
782200	1.0742426	8.3231852e-33	0	-320.7971
782300	0.78297032	1.5185158e-33	0	-328.18581
782400	0.41293552	1.5693034e-32	0	-318.04293
782500	4.1181962e-13	7.0661213e-33	0	-321.50819
782600	-0.41553048	1.5763986e-33	0	-328.02334
782700	-0.79284196	3.6592972e-33	0	-324.36602
782800	-1.0946226	5.231126e-32	0	-312.81405
782900	-1.2907536	9.3261057e-33	0	-320.303
783000	-1.3613153	1.9318204e-33	0	-327.14033
783100	-1.2986083	2.6379176e-32	0	-315.78739
783200	-1.1079856	4.0626056e-33	0	-323.91195
783300	-0.80740465	4.6735625e-33	0	-323.30352
783400	-0.42573809	1.20739e-31	0	-309.18152
783500	-5.9649073e-13	5.6924033e-33	0	-322.44704
783600	0.42824491	4.1933274e-34	0	-333.77441
783700	0.81694098	2.1778089e-32	0	-316.6198
783800	1.1276734	8.683476e-32	0	-310.61306
783900	1.3294661	1.09416e-31	0	-309.60919
784000	1.4018701	5.1448505e-34	0	-332.88627
784100	1.3370342	6.9371951e-33	0	-321.58816
784200	1.1405487	2.7530258e-33	0	-325.6019
784300	0.83097223	1.3369388e-33	0	-328.73888
784400	0.43808002	1.9092307e-32	0	-317.19142
784500	7.9060195e-13	1.5264733e-32	0	-318.16311
784600	-0.4404888	8.0651524e-33	0	-320.93387
784700	-0.84013562	1.6944621e-32	0	-317.70968
784800	-1.1594666	4.2793013e-32	0	-313.68627
784900	-1.3666852	2.9781719e-32	0	-315.2605
785000	-1.4408389	4.8683174e-33	0	-323.12621
785100	-1.3739368	1.455679e-32	0	-318.36934
785200	-1.1718035	5.6077797e-32	0	-312.51209
785300	-0.85358007	1.1672972e-32	0	-319.32819
785400	-0.44991259	2.1895613e-32	0	-316.59643
785500	-9.9348381e-13	4.7858625e-31	0	-303.2004
785600	0.45221383	4.5972835e-31	0	-303.37499
785700	0.86233436	3.9882056e-31	0	-303.99222
785800	1.1898767	1.3220529e-30	0	-298.78751
785900	1.402264	5.1212993e-31	0	-302.9062
786000	1.478068	1.1074645e-31	0	-309.5567
786100	1.4091704	1.6642181e-31	0	-307.7879
786200	1.2016264	7.1079113e-31	0	-301.48258
786300	0.87513894	1.5684035e-31	0	-308.04542
786400	0.46118911	3.4477159e-32	0	-314.62469
786500	5.2409926e-13	4.3921817e-30	0	-293.5732
786600	-0.46337373	5.8107183e-30	0	-292.3577
786700	-0.88344957	1.4158982e-30	0	-298.48968
786800	-1.2187838	8.1152933e-30	0	-290.90696
786900	-1.4360621	7.4375069e-31	0	-301.28573
787000	-1.5134103	6.8485363e-32	0	-311.64402
787100	-1.4425961	7.047781e-31	0	-301.51948
787200	-1.2299	2.681298e-31	0	-305.71655
787300	-0.89556376	5.9945015e-32	0	-312.22247
787400	-0.47186508	2.0490842e-31	0	-306.8844
787500	-7.2660829e-13	7.6291726e-31	0	-301.17523
787600	0.47392446	9.8408906e-31	0	-300.06966
787700	0.90339793	6.2378002e-32	0	-312.04969
787800	1.2460737	1.0859459e-30	0	-299.64192
787900	1.4679461	7.9142373e-32	0	-311.01591
788000	1.5467265	5.4986127e-32	0	-312.59747
788100	1.474082	1.0182329e-31	0	-309.92153
788200	1.2565125	3.1580454e-32	0	-315.00582
788300	0.91477391	4.0262175e-32	0	-313.95103
788400	0.48189836	3.6976138e-32	0	-314.32078
788500	9.3641302e-13	1.9881678e-32	0	-317.01547
788600	-0.48382437	1.1662846e-32	0	-319.33195
788700	-0.92210071	1.7151778e-32	0	-317.65691
788800	-1.2716387	1.0627686e-32	0	-319.73561
788900	-1.4977901	1.1942077e-32	0	-319.2292
789000	-1.5778849	2.9905936e-32	0	-315.24243
789100	-1.5035037	1.1462294e-32	0	-319.40728
789200	-1.2813589	8.1673234e-32	0	-310.8792
789300	-0.93269359	2.870474e-32	0	-315.42046
789400	-0.49124936	4.9740755e-32	0	-313.03288
789500	-1.1526398e-12	5.7914852e-32	0	-312.3721
789600	0.49303439	1.4983182e-32	0	-318.24396
789700	0.93948411	5.2536155e-33	0	-322.79542
789800	1.295378	7.8658617e-33	0	-321.04254
789900	1.5254765	1.1341206e-33	0	-329.45341
790000	1.6067627	4.2476556e-33	0	-323.71851
790100	1.5307451	1.6012527e-33	0	-327.9554
790200	1.3043412	2.2868724e-32	0	-316.40758
790300	0.94925207	2.9559716e-33	0	-325.293
790400	0.49988117	8.7780726e-33	0	-320.56601
790500	6.3752722e-13	4.013294e-33	0	-323.96499
790600	-0.50151818	2.3566212e-33	0	-326.2771
790700	-0.9554795	1.5344594e-33	0	-328.14045
790800	-1.3171978	5.1658611e-33	0	-322.86857
790900	-1.5508959	1.0120223e-33	0	-329.9481
791000	-1.6332459	1.063342e-34	0	-339.73327
791100	-1.5556987	1.4084685e-33	0	-328.51253
791200	-1.3253687	4.6290746e-32	0	-313.34506
791300	-0.96438401	3.3767742e-33	0	-324.71498
791400	-0.50775973	7.6085082e-33	0	-321.187
791500	-8.5227875e-13	7.5212477e-33	0	-321.2371
791600	0.50924226	3.7571258e-33	0	-324.25144
791700	0.97002378	1.1624195e-33	0	-329.34637
791800	1.3370121	5.9838464e-33	0	-322.2302
791900	1.573948	1.4632099e-32	0	-318.34693
792000	1.65723	1.8114567e-33	0	-327.41972
792100	1.5782661	2.1405505e-34	0	-336.69475
792200	1.3443584	2.4158633e-31	0	-306.16928
792300	0.97802968	4.2381457e-32	0	-313.72824
792400	0.51485394	2.0435884e-32	0	-316.89607
792500	1.0716783e-12	3.2448567e-32	0	-314.88804
792600	-0.51617614	5.8622731e-33	0	-322.31934
792700	-0.98305954	6.4209346e-34	0	-331.92402
792800	-1.3547426	1.6291431e-32	0	-317.88041
792900	-1.5945418	6.8893857e-33	0	-321.61819
793000	-1.6786203	5.8359728e-33	0	-322.33887
793100	-1.5983582	5.0091823e-33	0	-323.00233
793200	-1.3612354	4.1514107e-32	0	-313.81804
793300	-0.99013524	1.0087508e-32	0	-319.96216
793400	-0.5211358	1.8133365e-32	0	-317.41522
793500	-5.2694857e-13	3.5168616e-32	0	-314.53845
793600	0.52229245	1.6142047e-32	0	-317.92041
793700	0.99453532	7.7607491e-33	0	-321.10096
793800	1.3703194	8.6795132e-32	0	-310.61505
793900	1.6125961	2.4449806e-31	0	-306.11725
794000	1.6973324	2.7103058e-31	0	-305.66982
794100	1.6158957	9.8783269e-32	0	-310.05317
794200	1.375933	2.9306698e-32	0	-315.33033
794300	1.0006529	8.3816608e-33	0	-320.7667
794400	0.52658053	6.5623089e-34	0	-331.82943
794500	7.4466129e-13	6.39e-32	0	-311.94499
794600	-0.52756707	7.8270292e-32	0	-311.06403
794700	-1.0044059	7.6696137e-33	0	-321.15227
794800	-1.383681	3.072052e-31	0	-305.12571
794900	-1.6280396	1.4985634e-30	0	-298.24325
795000	-1.7132924	1.980164e-30	0	-297.03299
795100	-1.6308094	1.1034699e-30	0	-299.5724
795200	-1.3883932	1.9771298e-31	0	-307.03965
795300	-1.0095412	1.4737001e-32	0	-318.31591
795400	-0.53116664	4.9307548e-32	0	-313.07087
795500	-9.6512921e-13	6.4116025e-32	0	-311.93033
795600	0.53197917	2.7020164e-32	0	-315.68312
795700	1.0126322	2.8889454e-32	0	-315.39261
795800	1.3947746	5.6734236e-32	0	-312.46155
795900	1.6408113	2.2320038e-31	0	-306.51305
796000	1.7264374	2.5131761e-31	0	-305.99777
796100	1.6430404	1.5864921e-31	0	-307.99562
796200	1.3985669	3.2065788e-32	0	-314.93958
796300	1.016765	2.6646876e-32	0	-315.74354
796400	0.53487602	1.3717095e-32	0	-318.62738
796500	1.187273e-12	4.52166e-33	0	-323.44702
796600	-0.53551134	6.5186955e-33	0	-321.85839
796700	-1.0191818	3.5251616e-33	0	-324.52821
796800	-1.4035565	3.4621632e-33	0	-324.60652
796900	-1.6508609	3.9581232e-32	0	-314.02511
797000	-1.7367154	4.5553265e-32	0	-313.4148
797100	-1.6525405	7.7904037e-33	0	-321.0844
797200	-1.406414	1.5365028e-32	0	-318.13467
797300	-1.0222958	1.6110201e-32	0	-317.92899
797400	-0.53769404	7.8382967e-33	0	-321.05778
797500	-6.1838515e-13	4.1376622e-33	0	-323.83245
797600	0.53814964	2.2265874e-32	0	-316.5236
797700	1.0240289	1.0144089e-31	0	-309.93787
797800	1.4099921	8.2290888e-33	0	-320.84648
797900	1.6581487	1.918912e-31	0	-307.16945
798000	1.744086	1.2107949e-31	0	-309.16929
798100	1.6592721	1.0604894e-32	0	-319.74494
798200	1.4119033	3.7123954e-32	0	-314.30346
798300	1.0261118	2.1260951e-32	0	-316.72417
798400	0.53960957	7.8516232e-33	0	-321.05041
798500	8.3788663e-13	4.6457369e-33	0	-323.32945
798600	-0.53988365	1.5465812e-32	0	-318.10627
798700	-1.0271544	6.7939188e-33	0	-321.6788
798800	-1.4140559	9.284615e-33	0	-320.32236
798900	-1.6626459	4.4858568e-32	0	-313.48155
799000	-1.74852	3.3083252e-32	0	-314.80392
799100	-1.6632087	1.3252383e-33	0	-328.77706
799200	-1.4150134	1.2958699e-32	0	-318.87439
799300	-1.0281979	6.7544707e-33	0	-321.70409
799400	-0.54061507	4.9445446e-33	0	-323.05874
799500	-1.0570778e-12	1.1373077e-32	0	-319.44122
799600	0.54070655	1.2254876e-32	0	-319.11691
799700	1.0285459	1.3651852e-33	0	-328.64808
799800	1.4157318	1.3104174e-32	0	-318.8259
799900	1.6643348	7.6201052e-34	0	-331.18039
800000	1.75	3.5417016e-32	0	-314.50788
800100	1.6643348	2.3770146e-33	0	-326.23968
800200	1.4157318	1.2058354e-32	0	-319.18712
800300	1.0285459	3.2764765e-34	0	-334.84593
800400	0.54070655	2.8830122e-33	0	-325.40154
800500	1.2748497e-12	2.4459928e-32	0	-316.11545
800600	-0.54061507	3.2765015e-32	0	-314.8459
800700	-1.0281979	6.0820979e-34	0	-332.15947
800800	-1.4150134	3.8798406e-32	0	-314.11186
800900	-1.6632087	5.5790892e-33	0	-322.53437
801000	-1.74852	1.1661997e-31	0	-309.33227
801100	-1.6626459	5.6369492e-32	0	-312.48956
801200	-1.4140559	3.4238256e-32	0	-314.65488
801300	-1.0271544	8.2162082e-33	0	-320.85329
801400	-0.53988365	9.2222781e-33	0	-320.35162
801500	-6.9580361e-13	1.4943067e-32	0	-318.2556
801600	0.53960957	2.3841571e-33	0	-326.22665
801700	1.0261118	9.7132746e-34	0	-330.12634
801800	1.4119033	1.6099368e-32	0	-317.93191
801900	1.6592721	8.0387067e-33	0	-320.94814
802000	1.744086	9.0378071e-33	0	-320.43937
802100	1.6581487	3.680391e-33	0	-324.34106
802200	1.4099921	1.6352729e-32	0	-317.8641
802300	1.0240289	2.9620211e-33	0	-325.28412
802400	0.53814964	4.6603294e-33	0	-323.31583
802500	9.1011993e-13	1.8138226e-32	0	-317.41405
802600	-0.53769404	2.9079402e-33	0	-325.36415
802700	-1.0222958	1.9793578e-32	0	-317.03476
802800	-1.406414	1.5195707e-31	0	-308.18279
802900	-1.6525405	1.7815164e-31	0	-307.4921
803000	-1.7367154	7.1284205e-32	0	-311.47007
803100	-1.6508609	4.0264507e-33	0	-323.95078
803200	-1.4035565	1.8351622e-32	0	-317.36326
803300	-1.0191818	1.2805894e-32	0	-318.9259
803400	-0.53551134	4.4672326e-32	0	-313.49961
803500	-1.1210739e-12	6.7951729e-32	0	-311.67799
803600	0.53487602	1.9964522e-33	0	-326.99741
803700	1.016765	1.8639362e-31	0	-307.29569
803800	1.3985669	7.13302e-31	0	-301.46727
803900	1.6430404	1.0740558e-30	0	-299.68973
804000	1.7264374	5.1790687e-31	0	-302.85748
804100	1.6408113	2.7668207e-32	0	-315.58019
804200	1.3947746	1.7052883e-32	0	-317.68202
804300	1.0126322	6.4218072e-32	0	-311.92343
804400	0.53197917	8.1865671e-33	0	-320.86898
804500	1.3276008e-12	4.9420303e-32	0	-313.06095
804600	-0.53116664	1.9347648e-32	0	-317.13372
804700	-1.0095412	2.1135035e-32	0	-316.74997
804800	-1.3883932	1.2238811e-31	0	-309.12261
804900	-1.6308094	1.8862509e-31	0	-307.24401
805000	-1.7132924	7.8478934e-32	0	-311.05247
805100	-1.6280396	1.1529549e-32	0	-319.38188
805200	-1.383681	1.2867225e-32	0	-318.90515
805300	-1.0044059	1.1162197e-32	0	-319.5225
805400	-0.52756707	2.4311518e-33	0	-326.14188
805500	-7.5301873e-13	1.4171773e-32	0	-318.48576
805600	0.52658053	2.1177052e-32	0	-316.74135
805700	1.0006529	1.8290358e-32	0	-317.37778
805800	1.375933	7.2041344e-32	0	-311.42418
805900	1.6158957	1.4462448e-32	0	-318.39758
806000	1.6973324	1.0107782e-32	0	-319.95344
806100	1.6125961	1.844374e-32	0	-317.34151
806200	1.3703194	5.6663762e-34	0	-332.46695
806300	0.99453532	7.4155086e-33	0	-321.29859
806400	0.52229245	4.9049965e-33	0	-323.09361
806500	9.5550177e-13	1.3664961e-32	0	-318.64392
806600	-0.5211358	1.7306247e-31	0	-307.61797
806700	-0.99013524	2.9029688e-32	0	-315.37158
806800	-1.3612354	2.2541042e-31	0	-306.47026
806900	-1.5983582	3.9753997e-32	0	-314.00619
807000	-1.6786203	8.4114701e-33	0	-320.75128
807100	-1.5945418	2.4703756e-32	0	-316.07237
807200	-1.3547426	4.3108011e-35	0	-343.65442
807300	-0.98305954	8.2920515e-33	0	-320.81338
807400	-0.51617614	8.5700102e-34	0	-330.67019
807500	-1.1517916e-12	1.8804431e-34	0	-337.2574
807600	0.51485394	4.050051e-32	0	-313.9254
807700	0.97802968	8.0849701e-33	0	-320.92322
807800	1.3443584	5.7325822e-32	0	-312.4165
807900	1.5782661	1.0543022e-32	0	-319.77035
808000	1.65723	4.2599528e-33	0	-323.70595
808100	1.573948	1.0204138e-32	0	-319.91224
808200	1.3370121	1.4209185e-32	0	-318.47431
808300	0.97002378	1.8860232e-33	0	-327.24453
808400	0.50924226	9.9555172e-34	0	-330.01936
808500	5.9262603e-13	8.8940878e-34	0	-330.50899
808600	-0.50775973	5.289272e-33	0	-322.76604
808700	-0.96438401	3.5590024e-33	0	-324.48672
808800	-1.3253687	1.8721823e-32	0	-317.27652
808900	-1.5556987	2.8862993e-33	0	-325.39659
809000	-1.6332459	8.1396016e-33	0	-320.89397
809100	-1.5508959	3.8600882e-33	0	-324.13403
809200	-1.3171978	3.7542286e-32	0	-314.25479
809300	-0.9554795	8.4822145e-33	0	-320.71491
809400	-0.50151818	1.3999825e-32	0	-318.53877
809500	-7.8520988e-13	1.9562272e-32	0	-317.08581
809600	0.49988117	3.8661535e-32	0	-314.12721
809700	0.94925207	9.7617153e-34	0	-330.10474
809800	1.3043412	3.7341698e-32	0	-314.27806
809900	1.5307451	2.5706942e-33	0	-325.8995
810000	1.6067627	3.850283e-33	0	-324.14507
810100	1.5254765	6.2819099e-33	0	-322.01908
810200	1.295378	1.2464751e-32	0	-319.04316
810300	0.93948411	5.213034e-34	0	-332.82909
810400	0.49303439	2.5170358e-33	0	-325.99111
810500	9.7001803e-13	3.8159936e-33	0	-324.18392
810600	-0.49124936	6.537214e-33	0	-321.84607
810700	-0.93269359	1.3055188e-32	0	-318.84217
810800	-1.2813589	1.3850214e-32	0	-318.58544
810900	-1.5035037	9.4775992e-34	0	-330.23302
811000	-1.5778849	4.4833559e-32	0	-313.48397
811100	-1.4977901	7.2392517e-32	0	-311.40306
811200	-1.2716387	5.7068758e-32	0	-312.43602
811300	-0.92210071	3.4851565e-32	0	-314.57778
811400	-0.48382437	4.4130544e-32	0	-313.55261
811500	-1.1462165e-12	1.1560024e-32	0	-319.37041
811600	0.48189836	5.5096338e-33	0	-322.58877
811700	0.91477391	3.4041236e-32	0	-314.67995
811800	1.2565125	1.8665083e-33	0	-327.2897
811900	1.474082	5.1545729e-33	0	-322.87807
812000	1.5467265	2.125519e-31	0	-306.72535
812100	1.4679461	3.5050904e-31	0	-304.55301
812200	1.2460737	3.6125079e-31	0	-304.42191
812300	0.90339793	2.735494e-31	0	-305.62964
812400	0.47392446	1.0927452e-31	0	-309.61481
812500	6.1712026e-13	6.7247575e-33	0	-321.72323
812600	-0.47186508	4.3772717e-32	0	-313.58796
812700	-0.89556376	1.7962538e-32	0	-317.45632
812800	-1.2299	4.008722e-33	0	-323.96994
812900	-1.4425961	4.2075272e-33	0	-323.75973
813000	-1.5134103	6.508905e-32	0	-311.86492
813100	-1.4360621	7.971513e-32	0	-310.98459
813200	-1.2187838	4.2504838e-32	0	-313.71562
813300	-0.88344957	3.5604889e-32	0	-314.4849
813400	-0.46337373	1.8809809e-32	0	-317.25616
813500	-7.8947112e-13	1.8462326e-34	0	-337.33714
813600	0.46118911	1.2937151e-33	0	-328.88161
813700	0.87513894	1.5389377e-32	0	-318.12779
813800	1.2016264	1.6664125e-33	0	-327.78217
813900	1.4091704	1.9282316e-32	0	-317.14841
814000	1.478068	4.8881427e-32	0	-313.10856
814100	1.402264	2.7588557e-32	0	-315.59271
814200	1.1898767	9.4668906e-33	0	-320.23793
814300	0.86233436	3.7510074e-32	0	-314.25852
814400	0.45221383	1.2328399e-32	0	-319.09093
814500	9.519954e-13	1.4881781e-33	0	-328.27345
814600	-0.44991259	1.7896271e-32	0	-317.47237
814700	-0.85358007	1.4662636e-32	0	-318.33788
814800	-1.1718035	9.2636303e-33	0	-320.33219
814900	-1.3739368	1.3618749e-31	0	-308.65863
815000	-1.4408389	1.9064667e-31	0	-307.19771
815100	-1.3666852	1.9557487e-31	0	-307.08687
815200	-1.1594666	6.1417667e-32	0	-312.11707
815300	-0.84013562	4.1530482e-32	0	-313.81633
815400	-0.4404888	6.1794625e-32	0	-312.09049
815500	-1.1040735e-12	1.9195467e-33	0	-327.16801
815600	0.43808002	1.7071208e-33	0	-327.67736
815700	0.83097223	8.6000818e-33	0	-320.65497
815800	1.1405487	1.3472055e-33	0	-328.70566
815900	1.3370342	1.0644819e-32	0	-319.72862
816000	1.4018701	3.6565306e-32	0	-314.36931
816100	1.3294661	3.0030737e-32	0	-315.22434
816200	1.1276734	1.7246895e-32	0	-317.63289
816300	0.81694098	5.4264374e-33	0	-322.65485
816400	0.42824491	7.3935429e-33	0	-321.31147
816500	6.1680219e-13	1.8456426e-33	0	-327.33852
816600	-0.42573809	8.1426293e-34	0	-330.89235
816700	-0.80740465	6.3062769e-34	0	-332.00227
816800	-1.1079856	8.8712421e-34	0	-330.52016
816900	-1.2986083	3.7129565e-33	0	-324.3028
817000	-1.3613153	2.0800417e-32	0	-316.81928
817100	-1.2907536	1.0016231e-32	0	-319.99296
817200	-1.0946226	3.8870869e-33	0	-324.10376
817300	-0.79284196	7.73415e-33	0	-321.11587
817400	-0.41553048	7.0481386e-34	0	-331.51926
817500	-7.652196e-13	1.4229985e-33	0	-328.46796
817600	0.41293552	1.3423394e-32	0	-318.72138
817700	0.78297032	2.0139492e-32	0	-316.95951
817800	1.0742426	6.9841309e-33	0	-321.55888
817900	1.2588108	4.5501141e-32	0	-313.41978
818000	1.3193345	7.7655119e-32	0	-311.0983
818100	1.2507005	1.3094574e-32	0	-318.82909
818200	1.0604447	2.8756062e-32	0	-315.41271
818300	0.76793368	2.321599e-32	0	-316.34213
818400	0.4023957	2.0006254e-33	0	-326.98834
818500	9.0242461e-13	5.2024503e-33	0	-322.83792
818600	-0.39972283	9.7790764e-33	0	-320.09702
818700	-0.75776569	6.2762226e-34	0	-332.02302
818800	-1.0394528	3.4449108e-33	0	-324.62822
818900	-1.2177988	7.2252814e-33	0	-321.41145
819000	-1.2760934	3.1349616e-32	0	-315.03768
819100	-1.2094648	2.0724647e-33	0	-326.83513
819200	-1.0252744	7.4124411e-33	0	-321.30039
819300	-0.74231443	7.4387889e-33	0	-321.28498
819400	-0.38889238	2.962148e-33	0	-325.28393
819500	-4.5777587e-13	9.2197128e-34	0	-330.35283
819600	0.38615217	1.0489504e-32	0	-319.79245
819700	0.73189022	8.8002172e-33	0	-320.55507
819800	1.0037536	5.0519441e-33	0	-322.96541
819900	1.175734	7.2095714e-33	0	-321.42091
820000	1.2317627	2.4131056e-32	0	-316.17424
820100	1.1672093	1.6920223e-31	0	-307.71594
820200	0.98925076	2.2512279e-32	0	-316.47581
820300	0.71608533	1.5131926e-32	0	-318.20106
820400	0.37507384	6.5021743e-33	0	-321.86941
820500	5.9192995e-13	2.286145e-32	0	-316.40896
820600	-0.37227708	2.9310952e-32	0	-315.3297
820700	-0.70544604	2.9595107e-33	0	-325.2878
820800	-0.9672859	2.5606401e-32	0	-315.91651
820900	-1.1327825	1.669623e-32	0	-317.77382
821000	-1.1865174	5.5798678e-32	0	-312.53376
821100	-1.1241007	1.1332535e-30	0	-299.45673
821200	-0.95251578	1.331267e-32	0	-318.75735
821300	-0.68934988	8.1621321e-33	0	-320.88196
821400	-0.3609946	3.3716044e-33	0	-324.72163
821500	-7.1442222e-13	1.4786379e-32	0	-318.30138
821600	0.35815234	1.2762413e-32	0	-318.94067
821700	0.67853751	3.6245723e-34	0	-334.40743
821800	0.93019357	1.4426358e-32	0	-318.40843
821900	1.0891139	1.4249863e-32	0	-318.46189
822000	1.140536	2.9983811e-33	0	-325.23113
822100	1.0803092	1.3873345e-31	0	-308.57819
822200	0.91521447	1.5321607e-33	0	-328.14696
822300	0.66221361	9.134929e-35	0	-340.39295
822400	0.34671023	6.0544655e-34	0	-332.17924
822500	8.2507732e-13	2.4340788e-33	0	-326.13665
822600	-0.34383369	2.3944538e-33	0	-326.20794
822700	-0.65127081	9.3734391e-33	0	-320.28101
822800	-0.89262301	9.537994e-33	0	-320.20543
822900	-1.0449004	2.8163985e-32	0	-315.50306
823000	-1.0939999	3.7711999e-32	0	-314.2352
823100	-1.0360076	3.7411592e-32	0	-314.26994
823200	-0.87749404	3.8868981e-33	0	-324.10397
823300	-0.6347836	1.4847149e-33	0	-328.28357
823400	-0.3322771	8.4450466e-33	0	-320.73398
823500	-4.3696779e-13	4.4758202e-32	0	-313.49127
823600	0.32937763	7.02199e-33	0	-321.5354
823700	0.62375357	7.5010874e-32	0	-311.24876
823800	0.85472249	1.5906194e-31	0	-307.98434
823900	1.0003165	2.5602739e-31	0	-305.91714
824000	1.0470929	1.7665519e-31	0	-307.52874
824100	0.99137076	1.2796084e-31	0	-308.92923
824200	0.83950337	2.3701847e-33	0	-326.25218
824300	0.60716811	2.3441244e-32	0	-316.30019
824400	0.31775217	1.9748524e-32	0	-317.04465
824500	5.451745e-13	2.113258e-33	0	-326.75047
824600	-0.31484121	2.2958961e-33	0	-326.39048
824700	-0.59609438	1.1268757e-32	0	-319.48124
824800	-0.8166416	1.0979639e-32	0	-319.59412
824900	-0.95553824	2.7339023e-32	0	-315.63217
825000	-1	4.1240212e-32	0	-313.84679
825100	-0.9465748	2.4867098e-32	0	-316.04375
825200	-0.80139239	7.6778119e-33	0	-321.14763
825300	-0.57947613	9.3798641e-33	0	-320.27803
825400	-0.30319277	2.7120657e-32	0	-315.667
825500	-6.4161441e-13	2.2586767e-32	0	-316.46146
825600	0.30028181	1.4882142e-32	0	-318.27335
825700	0.56840239	3.4740177e-33	0	-324.59168
825800	0.77853061	3.9354277e-33	0	-324.05008
825900	0.91074228	3.782931e-33	0	-324.22172
826000	0.95290711	1.1097177e-32	0	-319.54787
826100	0.90179653	2.1175285e-34	0	-336.74171
826200	0.7633115	2.691132e-33	0	-325.70065
826300	0.55181693	2.9657271e-33	0	-325.27869
826400	0.28865636	2.0065805e-32	0	-316.97543
826500	7.2639814e-13	5.1184198e-32	0	-312.90864
826600	-0.28575689	4.573799e-32	0	-313.39723
826700	-0.5407869	1.5853773e-32	0	-317.99867
826800	-0.74053994	2.0025503e-32	0	-316.98417
826900	-0.86610542	3.4946265e-32	0	-314.56599
827000	-0.90600007	5.9746405e-34	0	-332.23688
827100	-0.85721266	6.0120509e-34	0	-332.20977
827200	-0.72541098	2.6112649e-33	0	-325.83149
827300	-0.52429969	3.9910493e-33	0	-323.98913
827400	-0.2742003	7.9564116e-33	0	-320.99283
827500	-3.983348e-13	4.1485843e-33	0	-323.821
827600	0.27132376	7.9539535e-33	0	-320.99417
827700	0.5133569	1.5885999e-33	0	-327.98985
827800	0.70281952	6.1741583e-33	0	-322.09422
827900	0.82180382	7.6478936e-33	0	-321.16458
828000	0.85946401	3.7149435e-33	0	-324.30048
828100	0.81299915	1.8033079e-33	0	-327.4393
828200	0.68784042	1.0389127e-32	0	-319.83421
828300	0.497033	1.0319676e-32	0	-319.86334
828400	0.25988164	8.6009712e-33	0	-320.65453
828500	4.8155241e-13	3.2083645e-33	0	-324.93716
828600	-0.25703939	1.1479386e-32	0	-319.40081
828700	-0.48622062	2.2320916e-34	0	-336.51288
828800	-0.66551821	2.073529e-33	0	-326.8329
828900	-0.77801233	3.4876672e-33	0	-324.57465
829000	-0.81348258	5.5794727e-33	0	-322.53407
829100	-0.7693305	1.0797562e-32	0	-319.66674
829200	-0.65074809	9.5438569e-33	0	-320.20276
829300	-0.47012446	8.2579434e-32	0	-310.83128
829400	-0.2457569	1.0903075e-31	0	-309.62451
829500	-5.5370103e-13	4.4024872e-32	0	-313.56302
829600	0.24296015	4.6264408e-32	0	-313.34753
829700	0.45948518	9.9042431e-34	0	-330.04179
829800	0.62878323	2.2224907e-32	0	-316.5316
829900	0.73490377	5.0187308e-33	0	-322.99406
830000	0.76823725	3.2394115e-33	0	-324.89534
830100	0.72637903	8.7482939e-33	0	-320.58077
830200	0.61428037	4.0328499e-33	0	-323.94388
830300	0.44368028	1.6700178e-32	0	-317.77279
830400	0.23188182	2.9335865e-32	0	-315.32601
830500	2.7595308e-13	4.6329874e-32	0	-313.34139
830600	-0.2291416	3.2213792e-32	0	-314.91958
830700	-0.43325607	1.6327547e-32	0	-317.87079
830800	-0.59275954	1.6660421e-32	0	-317.78314
830900	-0.69264826	3.9738317e-32	0	-314.00791
831000	-0.72390659	2.023348e-32	0	-316.93929
831100	-0.68431426	3.4945128e-33	0	-324.56613
831200	-0.57858119	1.3839071e-30	0	-298.58893
831300	-0.41780481	7.8278278e-31	0	-301.06359
831400	-0.21831116	2.8221891e-31	0	-305.49414
831500	-3.4714054e-13	2.0508985e-31	0	-306.88056
831600	0.21563829	2.7779461e-31	0	-305.56276
831700	0.40763683	2.1374265e-31	0	-306.70109
831800	0.55758933	3.627174e-31	0	-304.40432
831900	0.65141256	2.7947373e-31	0	-305.53659
832000	0.68066553	2.6674134e-31	0	-305.7391
832100	0.6433022	1.0730937e-31	0	-309.69362
832200	0.54379143	1.0658129e-29	0	-289.72319
832300	0.39260018	4.7913757e-30	0	-293.1954
832400	0.20509847	9.9468901e-31	0	-300.02313
832500	4.0815029e-13	3.6389424e-31	0	-304.39025
832600	-0.2025035	2.8980354e-31	0	-305.37896
832700	-0.38272854	8.2228651e-32	0	-310.84977
832800	-0.52341138	2.1755447e-31	0	-306.62432
832900	-0.61135943	1.4726104e-31	0	-308.31912
833000	-0.63868474	2.1847061e-31	0	-306.60607
833100	-0.60350471	2.0343007e-31	0	-306.91585
833200	-0.5100484	1.672079e-30	0	-297.76743
833300	-0.36816586	7.4240536e-31	0	-301.29359
833400	-0.1922959	1.5987274e-31	0	-307.96226
833500	-4.5954633e-13	8.3625411e-32	0	-310.77662
833600	0.18978908	4.511177e-32	0	-313.4571
833700	0.35862953	6.7104784e-33	0	-321.73247
833800	0.49036059	1.1915004e-32	0	-319.23906
833900	0.57264693	2.09676e-32	0	-316.78451
834000	0.5981299	5.6604661e-32	0	-312.47148
834100	0.56507885	4.7843489e-32	0	-313.20177
834200	0.47748526	5.0702757e-32	0	-312.94968
834300	0.34459827	8.0366515e-32	0	-310.94925
834400	0.17995397	9.783667e-33	0	-320.09498
834500	2.3892893e-13	2.8408785e-32	0	-315.46547
834600	-0.17754519	9.0966662e-33	0	-320.41118
834700	-0.33543488	3.9101153e-32	0	-314.0781
834800	-0.45856739	5.4468572e-32	0	-312.63854
834900	-0.53542783	9.0766659e-33	0	-320.42074
835000	-0.55916106	2.4422051e-32	0	-316.12218
835100	-0.52817626	9.5054909e-33	0	-320.22025
835200	-0.44623053	2.2004694e-32	0	-316.57485
835300	-0.32199043	1.2468849e-31	0	-309.04174
835400	-0.1681214	1.0757932e-32	0	-319.68271
835500	-2.9043625e-13	1.8537945e-32	0	-317.31938
835600	0.16582015	1.240639e-32	0	-319.06355
835700	0.31323615	4.2637341e-32	0	-313.7021
835800	0.42815726	1.9034538e-32	0	-317.20458
835900	0.49984904	8.4407028e-33	0	-320.73621
836000	0.52193201	3.0998555e-32	0	-315.08659
836100	0.49294259	3.9219088e-33	0	-324.06503
836200	0.41640754	1.5788215e-32	0	-318.01667
836300	0.30043156	4.8706516e-32	0	-313.12413
836400	0.15684488	1.8602999e-33	0	-327.30417
836500	3.3365569e-13	4.7451211e-33	0	-323.23753
836600	-0.15466026	4.3500794e-32	0	-313.61503
836700	-0.29212093	2.0397972e-32	0	-316.90413
836800	-0.39925021	2.0451982e-32	0	-316.89265
836900	-0.46605095	7.2620858e-32	0	-311.38939
837000	-0.48658967	7.3963206e-33	0	-321.30984
837100	-0.45951688	5.3954148e-33	0	-322.67975
837200	-0.38813401	8.3267769e-32	0	-310.79523
837300	-0.28000675	3.4976591e-32	0	-314.56223
837400	-0.14616891	1.1345838e-32	0	-319.45163
837500	-3.6937733e-13	2.6945214e-32	0	-315.69518
837600	0.14410953	2.6194225e-32	0	-315.81794
837700	0.27217257	2.0124468e-34	0	-336.96276
837800	0.37196031	8.2966637e-32	0	-310.81097
837900	0.43416696	1.1762014e-31	0	-309.29518
838000	0.45327353	5.4330514e-32	0	-312.64956
838100	0.42803106	5.663621e-32	0	-312.46906
838200	0.36152151	1.6465761e-31	0	-307.83418
838300	0.2607966	7.6713202e-32	0	-311.1513
838400	0.13613563	1.0499734e-31	0	-309.78822
838500	1.9954147e-13	2.1554504e-32	0	-316.66462
838600	-0.13420962	1.8106227e-32	0	-317.42172
838700	-0.25346979	3.9036239e-32	0	-314.08532
838800	-0.34639528	5.2787248e-32	0	-312.77471
838900	-0.40432289	3.1723488e-33	0	-324.98619
839000	-0.42211507	1.4500481e-31	0	-308.38618
839100	-0.39860938	6.7556508e-32	0	-311.70333
839200	-0.33667507	1.8457392e-32	0	-317.3383
839300	-0.24287692	2.1273488e-31	0	-306.72161
839400	-0.12678463	1.1989251e-31	0	-309.21208
839500	-2.36547e-13	2.6429667e-33	0	-325.77908
839600	0.1249996	1.3757178e-31	0	-308.61471
839700	0.2360864	1.6960821e-31	0	-307.70553
839800	0.32265601	2.2761921e-32	0	-316.42791
839900	0.37663653	1.0527872e-30	0	-299.77659
840000	0.39323725	1.9633104e-30	0	-297.07011
840100	0.37136796	2.1960264e-30	0	-296.58362
840200	0.31369275	3.049108e-30	0	-295.15827
840300	0.22631843	1.3240948e-30	0	-298.78081
840400	0.11815282	8.897584e-31	0	-300.50728
840500	2.6772539e-13	7.2303958e-32	0	-311.40838
840600	-0.11651581	2.1681684e-31	0	-306.63907
840700	-0.220091	7.0949297e-31	0	-301.49052
840800	-0.30083618	1.1333359e-30	0	-299.45641
840900	-0.35121715	6.496427e-30	0	-291.87325
841000	-0.36675406	1.070054e-29	0	-289.70594
841100	-0.3464143	1.9042112e-29	0	-287.20285
841200	-0.29266525	1.9489764e-29	0	-287.10193
841300	-0.2111865	3.9202318e-30	0	-294.06688
841400	-0.11027426	1.4523793e-30	0	-298.3792
841500	-1.328584e-13	1.2979582e-30	0	-298.86739
841600	0.10879173	3.324031e-31	0	-304.78335
841700	0.20554672	1.8211682e-31	0	-307.3965
841800	0.28102191	6.3473117e-31	0	-301.9741
841900	0.32816506	1.3902611e-30	0	-298.56904
842000	0.34276999	2.0491272e-30	0	-296.88431
842100	0.32384689	1.9586456e-30	0	-297.08044
842200	0.27367555	3.6109353e-30	0	-294.4238
842300	0.19754082	4.6655175e-31	0	-303.311
842400	0.10318005	1.3528814e-31	0	-308.6874
842500	1.6564168e-13	2.5212604e-31	0	-305.98382
842600	-0.10185785	3.4651087e-32	0	-314.60283
842700	-0.19251097	9.3183058e-32	0	-310.30663
842800	-0.26329139	1.5078608e-31	0	-308.21639
842900	-0.30757123	3.0905178e-32	0	-315.09969
843000	-0.32137971	2.2807367e-32	0	-316.41925
843100	-0.30375478	2.8486507e-32	0	-315.45361
843200	-0.2567986	1.2120886e-32	0	-319.16466
843300	-0.18543526	2.2915169e-32	0	-316.39877
843400	-0.096898187	4.4912706e-32	0	-313.47631
843500	-1.9441962e-13	6.2064685e-32	0	-312.07155
843600	0.095741535	2.1356754e-32	0	-316.70465
843700	0.18103518	1.0666787e-31	0	-309.71966
843800	0.24771461	7.7070189e-33	0	-321.13114
843900	0.28951695	6.4604999e-32	0	-311.89734
844000	0.30266764	6.1802579e-34	0	-332.08993
844100	0.28621729	8.5762634e-32	0	-310.66702
844200	0.242101	2.2238762e-34	0	-336.52889
844300	0.17491759	7.6854184e-33	0	-321.14332
844400	0.091453458	9.3942694e-33	0	-320.27137
844500	2.2023622e-13	1.1608378e-33	0	-329.35228
844600	-0.090466919	1.1910127e-32	0	-319.24084
844700	-0.17116465	1.4901866e-32	0	-318.26759
844800	-0.23435303	4.54387e-33	0	-323.42574
844900	-0.27407346	1.8419262e-33	0	-327.34728
845000	-0.28670761	1.1132172e-32	0	-319.5342
845100	-0.27130361	1.8580359e-32	0	-317.30946
845200	-0.22964076	7.5168776e-33	0	-321.23963
845300	-0.16602933	9.5022934e-33	0	-320.22172
845400	-0.086867353	1.36111e-32	0	-318.66107
845500	-1.1693647e-13	2.0164215e-32	0	-316.95419
845600	0.08605482	9.8734655e-33	0	-320.0553
845700	0.16293833	5.2091851e-33	0	-322.8323
845800	0.22325938	9.4040108e-33	0	-320.26687
845900	0.26130172	3.6329854e-33	0	-324.39736
846000	0.27356263	8.7607124e-33	0	-320.57461
846100	0.2590726	2.9849386e-33	0	-325.25065
846200	0.21946706	1.2498657e-32	0	-319.03137
846300	0.15880554	4.1642139e-33	0	-323.80467
846400	0.083157971	1.2275582e-32	0	-319.10958
846500	1.4540416e-13	1.1561174e-31	0	-309.36998
846600	-0.082522651	1.5599166e-32	0	-318.06899
846700	-0.15638868	5.2040116e-32	0	-312.83662
846800	-0.21447745	1.4368553e-32	0	-318.42587
846900	-0.25125212	1.8971516e-32	0	-317.21898
847000	-0.26328456	5.4648351e-33	0	-322.62423
847100	-0.24957254	1.9032516e-33	0	-327.20504
847200	-0.21162004	5.4508734e-33	0	-322.63534
847300	-0.15327473	3.0300631e-33	0	-325.18548
847400	-0.080339951	3.7021976e-33	0	-324.3154
847500	-1.7288141e-13	1.980522e-32	0	-317.0322
847600	0.079884351	2.4812581e-33	0	-326.05328
847700	0.15154157	9.35106e-33	0	-320.29139
847800	0.2080419	2.566649e-34	0	-335.90634
847900	0.24396433	2.1067442e-32	0	-316.76388
848000	0.25591397	5.6297022e-33	0	-322.49515
848100	0.24284091	2.4750238e-33	0	-326.06421
848200	0.20613067	1.8186419e-32	0	-317.40253
848300	0.14945875	8.820527e-32	0	-310.54505
848400	0.078424415	1.6555014e-31	0	-307.8107
848500	2.0047441e-13	1.7198494e-31	0	-307.6451
848600	-0.078150334	6.0710513e-32	0	-312.16736
848700	-0.1484161	5.9449998e-33	0	-322.25848
848800	-0.20397812	2.2278258e-32	0	-316.52119
848900	-0.23946711	1.329395e-32	0	-318.76346
849000	-0.25147995	1.9079508e-32	0	-317.19433
849100	-0.23890429	3.2560896e-32	0	-314.87304
849200	-0.20302062	9.4700124e-32	0	-310.23649
849300	-0.14737263	5.1148175e-31	0	-302.9117
849400	-0.077418922	1.3002273e-30	0	-298.85981
849500	-1.15441e-13	1.1502258e-30	0	-299.39217
849600	0.077327442	4.7952527e-31	0	-303.19189
849700	0.14702463	1.865994e-32	0	-317.2909
849800	0.20230216	1.1248001e-31	0	-309.48925
849900	0.23777821	5.3624549e-32	0	-312.70636
850000	0.25	5.8434197e-33	0	-322.33333
850100	0.23777821	1.642563e-32	0	-317.84478
850200	0.20230216	5.7167909e-32	0	-312.42848
850300	0.14702463	8.0380212e-32	0	-310.94851
850400	0.077327442	1.9045941e-31	0	-307.20198
850500	1.4660393e-13	2.0424363e-31	0	-306.89851
850600	-0.077418922	9.04952e-32	0	-310.43374
850700	-0.14737263	7.0338536e-33	0	-321.52807
850800	-0.20302062	3.9964093e-32	0	-313.9833
850900	-0.23890429	1.5464991e-32	0	-318.1065
851000	-0.25147995	3.2318025e-33	0	-324.90555
851100	-0.23946711	2.3179945e-32	0	-316.34888
851200	-0.20397812	4.6744164e-32	0	-313.30273
851300	-0.1484161	7.2209912e-32	0	-311.41403
851400	-0.078150334	1.0006648e-33	0	-329.99711
851500	-1.798674e-13	9.9044708e-33	0	-320.04169
851600	0.078424415	1.7008209e-32	0	-317.69341
851700	0.14945875	1.900588e-32	0	-317.21112
851800	0.20613067	1.0132158e-32	0	-319.94298
851900	0.24284091	3.5678757e-32	0	-314.4759
852000	0.25591397	4.8104032e-33	0	-323.17819
852100	0.24396433	3.6128472e-32	0	-314.4215
852200	0.2080419	1.6953522e-31	0	-307.7074
852300	0.15154157	3.9747838e-31	0	-304.00686
852400	0.079884351	1.0933789e-32	0	-319.61229
852500	9.8440502e-14	3.1193721e-32	0	-315.05933
852600	-0.080339951	2.7725524e-32	0	-315.5712
852700	-0.15327473	6.565085e-32	0	-311.8276
852800	-0.21162004	1.9529429e-32	0	-317.0931
852900	-0.24957254	1.176948e-32	0	-319.29243
853000	-0.26328456	3.5034756e-33	0	-324.55501
853100	-0.25125212	1.8769682e-32	0	-317.26543
853200	-0.21447745	1.5573147e-32	0	-318.07624
853300	-0.15638868	1.3495201e-31	0	-308.69821
853400	-0.082522651	1.766336e-34	0	-337.52927
853500	-1.3515812e-13	1.3181092e-32	0	-318.80049
853600	0.083157971	2.3633218e-32	0	-316.26477
853700	0.15880554	1.4948174e-32	0	-318.25412
853800	0.21946706	1.2155359e-32	0	-319.15232
853900	0.2590726	2.3328016e-32	0	-316.32122
854000	0.27356263	6.5729e-33	0	-321.82243
854100	0.26130172	3.5196541e-33	0	-324.535
854200	0.22325938	1.4118557e-32	0	-318.5021
854300	0.16293833	3.0515935e-32	0	-315.15473
854400	0.08605482	1.1671673e-32	0	-319.32867
854500	1.758895e-13	1.8380311e-32	0	-317.35647
854600	-0.086867353	8.3348364e-33	0	-320.79103
854700	-0.16602933	1.1596606e-32	0	-319.35669
854800	-0.22964076	9.0147715e-33	0	-320.45045
854900	-0.27130361	7.6758613e-33	0	-321.14873
855000	-0.28670761	1.028941e-32	0	-319.8761
855100	-0.27407346	2.0900832e-33	0	-326.79836
855200	-0.23435303	3.2173849e-32	0	-314.92497
855300	-0.17116465	8.626579e-32	0	-310.64161
855400	-0.090466919	4.522441e-32	0	-313.44627
855500	-2.2167843e-13	2.3570373e-32	0	-316.27634
855600	0.091453458	3.1232758e-32	0	-315.0539
855700	0.17491759	4.7833211e-32	0	-313.2027
855800	0.242101	9.2300039e-33	0	-320.34798
855900	0.28621729	4.0395198e-33	0	-323.9367
856000	0.30266764	2.9870659e-32	0	-315.24755
856100	0.28951695	2.9624257e-33	0	-325.28353
856200	0.24771461	1.3109711e-32	0	-318.82407
856300	0.18103518	5.8356993e-32	0	-312.33907
856400	0.095741535	2.2151565e-34	0	-336.54596
856500	1.3179836e-13	1.2068573e-32	0	-319.18344
856600	-0.096898187	1.9335736e-32	0	-317.13639
856700	-0.18543526	2.3099126e-32	0	-316.36404
856800	-0.2567986	1.1831526e-32	0	-319.26959
856900	-0.30375478	3.2944088e-32	0	-314.82223
857000	-0.32137971	2.615084e-32	0	-315.82514
857100	-0.30757123	2.6990167e-32	0	-315.68794
857200	-0.26329139	1.2666591e-31	0	-308.9734
857300	-0.19251097	1.450485e-31	0	-308.38487
857400	-0.10185785	4.4986833e-32	0	-313.46915
857500	-1.8157283e-13	3.8302502e-33	0	-324.16773
857600	0.10318005	6.6327679e-32	0	-311.78305
857700	0.19754082	1.887846e-33	0	-327.24033
857800	0.27367555	8.2407511e-33	0	-320.84033
857900	0.32384689	9.3166211e-32	0	-310.30742
858000	0.34276999	5.7467097e-32	0	-312.40581
858100	0.32816506	6.9006428e-32	0	-311.6111
858200	0.28102191	5.4748697e-31	0	-302.61626
858300	0.20554672	7.2159783e-31	0	-301.41705
858400	0.10879173	4.808673e-31	0	-303.17975
858500	2.3811292e-13	9.3339553e-32	0	-310.29934
858600	-0.11027426	2.7700063e-32	0	-315.57519
858700	-0.2111865	3.1326877e-32	0	-315.04083
858800	-0.29266525	1.3673186e-33	0	-328.6413
858900	-0.3464143	2.0664928e-32	0	-316.84766
859000	-0.36675406	4.2839917e-32	0	-313.68151
859100	-0.35121715	1.8631502e-32	0	-317.29752
859200	-0.30083618	9.4011816e-32	0	-310.26818
859300	-0.220091	1.4475826e-31	0	-308.39357
859400	-0.11651581	7.0590862e-32	0	-311.51252
859500	-3.0233207e-13	1.6153563e-33	0	-327.91732
859600	0.11815282	6.1255316e-33	0	-322.12856
859700	0.22631843	2.1269965e-33	0	-326.72233
859800	0.31369275	1.041293e-32	0	-319.82427
859900	0.37136796	6.7626862e-34	0	-331.69881
860000	0.39323725	1.1498115e-32	0	-319.39373
860100	0.37663653	4.2176698e-32	0	-313.74927
860200	0.32265601	1.8095989e-32	0	-317.42418
860300	0.2360864	5.0746423e-33	0	-322.94595
860400	0.1249996	1.9942557e-33	0	-327.00219
860500	1.898332e-13	2.6977497e-32	0	-315.68998
860600	-0.12678463	1.014866e-32	0	-319.93591
860700	-0.24287692	3.2528111e-32	0	-314.87741
860800	-0.33667507	4.7971846e-32	0	-313.19014
860900	-0.39860938	1.1588142e-32	0	-319.35986
861000	-0.42211507	2.7439789e-32	0	-315.61619
861100	-0.40432289	3.5823843e-31	0	-304.45828
861200	-0.34639528	1.2817459e-31	0	-308.92198
861300	-0.25346979	2.2838154e-32	0	-316.41339
861400	-0.13420962	1.1048568e-32	0	-319.56694
861500	-2.5827214e-13	3.587629e-32	0	-314.45192
861600	0.13613563	9.6768309e-33	0	-320.14267
861700	0.2607966	1.8761889e-32	0	-317.26723
861800	0.36152151	7.9123953e-33	0	-321.01692
861900	0.42803106	2.7142195e-33	0	-325.66355
862000	0.45327353	1.414236e-32	0	-318.49478
862100	0.43416696	8.8366837e-32	0	-310.53711
862200	0.37196031	1.0311509e-32	0	-319.86678
862300	0.27217257	4.3630976e-33	0	-323.60205
862400	0.14410953	7.2217578e-34	0	-331.41357
862500	3.3577462e-13	8.7431372e-33	0	-320.58333
862600	-0.14616891	5.2895105e-34	0	-332.76585
862700	-0.28000675	1.4747339e-33	0	-328.31286
862800	-0.38813401	1.8408932e-32	0	-317.34971
862900	-0.45951688	5.0497298e-33	0	-322.96732
863000	-0.48658967	3.7252722e-34	0	-334.28842
863100	-0.46605095	1.6194342e-32	0	-317.90637
863200	-0.39925021	3.5651864e-33	0	-324.47918
863300	-0.29212093	5.6210851e-33	0	-322.5018
863400	-0.15466026	7.4458534e-33	0	-321.28086
863500	-1.9386288e-13	4.1389197e-33	0	-323.83113
863600	0.15684488	3.9074311e-34	0	-334.08109
863700	0.30043156	1.572973e-33	0	-328.03279
863800	0.41640754	6.3753662e-32	0	-311.95495
863900	0.49294259	3.3932175e-32	0	-314.69388
864000	0.52193201	3.0711434e-32	0	-315.127
864100	0.49984904	4.2854465e-32	0	-313.68004
864200	0.42815726	1.2863154e-32	0	-318.90653
864300	0.31323615	1.5013445e-32	0	-318.2352
864400	0.16582015	2.4502261e-33	0	-326.10794
864500	2.7507877e-13	7.9553736e-33	0	-320.99339
864600	-0.1681214	4.2225487e-33	0	-323.74425
864700	-0.32199043	1.1282327e-33	0	-329.47601
864800	-0.44623053	1.0116892e-32	0	-319.94953
864900	-0.52817626	1.743422e-32	0	-317.58597
865000	-0.55916106	1.2315006e-32	0	-319.09565
865100	-0.53542783	1.6891669e-32	0	-317.72327
865200	-0.45856739	1.6739563e-32	0	-317.76256
865300	-0.33543488	4.3597921e-33	0	-323.60534
865400	-0.17754519	6.6949042e-33	0	-321.74256
865500	-3.664813e-13	7.2930486e-32	0	-311.37091
865600	0.17995397	4.3856829e-33	0	-323.57963
865700	0.34459827	2.9179207e-32	0	-315.34927
865800	0.47748526	1.2954098e-32	0	-318.87593
865900	0.56507885	9.796047e-33	0	-320.08949
866000	0.5981299	7.658437e-33	0	-321.1586
866100	0.57264693	5.0414687e-33	0	-322.97443
866200	0.49036059	3.5173521e-32	0	-314.53784
866300	0.35862953	2.9708506e-33	0	-325.27119
866400	0.18978908	2.6923322e-32	0	-315.69871
866500	4.6863382e-13	3.0900764e-31	0	-305.10031
866600	-0.1922959	1.1340839e-31	0	-309.45355
866700	-0.36816586	1.5508019e-31	0	-308.09444
866800	-0.5100484	1.4997471e-31	0	-308.23982
866900	-0.60350471	2.8403611e-33	0	-325.46626
867000	-0.63868474	6.8726176e-33	0	-321.62878
867100	-0.61135943	3.3786241e-32	0	-314.7126
867200	-0.52341138	1.220436e-32	0	-319.13485
867300	-0.38272854	3.9738689e-33	0	-324.00786
867400	-0.2025035	3.847671e-32	0	-314.14802
867500	-2.8210991e-13	6.6323758e-32	0	-311.78331
867600	0.20509847	1.5570361e-32	0	-318.07701
867700	0.39260018	2.6103135e-33	0	-325.83307
867800	0.54379143	7.5926563e-33	0	-321.19606
867900	0.6433022	5.1906819e-34	0	-332.84776
868000	0.68066553	1.2273729e-32	0	-319.11023
868100	0.65141256	3.8713959e-34	0	-334.12132
868200	0.55758933	2.1258309e-33	0	-326.72471
868300	0.40763683	1.2057057e-32	0	-319.18759
868400	0.21563829	1.7169047e-32	0	-317.65254
868500	3.8773956e-13	2.6204383e-32	0	-315.81626
868600	-0.21831116	4.4918478e-32	0	-313.47575
868700	-0.41780481	7.7912656e-33	0	-321.08392
868800	-0.57858119	2.3721926e-33	0	-326.2485
868900	-0.68431426	1.0215042e-32	0	-319.9076
869000	-0.72390659	1.9508602e-32	0	-317.09774
869100	-0.69264826	2.6864445e-33	0	-325.70822
869200	-0.59275954	2.9113384e-33	0	-325.35907
869300	-0.43325607	5.71228e-32	0	-312.43191
869400	-0.2291416	2.046448e-31	0	-306.88999
869500	-5.0477725e-13	1.8830407e-31	0	-307.2514
869600	0.23188182	1.6382657e-31	0	-307.85616
869700	0.44368028	2.1654305e-32	0	-316.64456
869800	0.61428037	4.0160326e-34	0	-333.96203
869900	0.72637903	5.5830026e-32	0	-312.53132
870000	0.76823725	3.5784252e-32	0	-314.46308
870100	0.73490377	4.8059103e-33	0	-323.18224
870200	0.62878323	1.1312673e-32	0	-319.46435
870300	0.45948518	1.3594037e-32	0	-318.66652
870400	0.24296015	1.3793529e-32	0	-318.60325
870500	6.3352343e-13	4.8527339e-32	0	-313.14014
870600	-0.2457569	3.9017446e-32	0	-314.08741
870700	-0.47012446	1.6340815e-32	0	-317.86726
870800	-0.65074809	5.7371259e-33	0	-322.41306
870900	-0.7693305	1.4835893e-32	0	-318.28686
871000	-0.81348258	1.5091251e-32	0	-318.21275
871100	-0.77801233	1.4589331e-32	0	-318.35965
871200	-0.66551821	2.5598424e-32	0	-315.91787
871300	-0.48622062	1.4806414e-32	0	-318.2955
871400	-0.25703939	3.2010627e-33	0	-324.94706
871500	-3.9384147e-13	7.3287989e-33	0	-321.34967
871600	0.25988164	1.9531108e-32	0	-317.09273
871700	0.497033	1.4730821e-32	0	-318.31773
871800	0.68784042	1.801091e-34	0	-337.44464
871900	0.81299915	2.2177404e-32	0	-316.54089
872000	0.85946401	1.0069298e-32	0	-319.97001
872100	0.82180382	1.3315514e-32	0	-318.75642
872200	0.70281952	7.5243384e-32	0	-311.23532
872300	0.5133569	1.1948217e-31	0	-309.22697
872400	0.27132376	4.8513686e-34	0	-333.14136
872500	5.2549879e-13	9.0231965e-33	0	-320.4464
872600	-0.2742003	6.5422391e-32	0	-311.84274
872700	-0.52429969	2.1855953e-32	0	-316.6043
872800	-0.72541098	9.3418654e-33	0	-320.29566
872900	-0.85721266	1.3845662e-32	0	-318.58686
873000	-0.90600007	7.7156771e-34	0	-331.12626
873100	-0.86610542	1.5473585e-33	0	-328.10409
873200	-0.74053994	1.9344543e-32	0	-317.13442
873300	-0.5407869	2.2570862e-32	0	-316.46452
873400	-0.28575689	1.1226495e-33	0	-329.49756
873500	-6.690105e-13	5.071764e-33	0	-322.94841
873600	0.28865636	1.7299072e-32	0	-317.61977
873700	0.55181693	7.5169172e-33	0	-321.2396
873800	0.7633115	8.6043451e-34	0	-330.65282
873900	0.90179653	5.4658604e-33	0	-322.62341
874000	0.95290711	5.2436811e-34	0	-332.80364
874100	0.91074228	3.7511786e-33	0	-324.25832
874200	0.77853061	1.3693565e-32	0	-318.63483
874300	0.56840239	1.0183743e-32	0	-319.92093
874400	0.30028181	3.5905486e-32	0	-314.44839
874500	3.8035938e-13	1.7762488e-32	0	-317.50496
874600	-0.30319277	3.0486989e-32	0	-315.15885
874700	-0.57947613	3.3762135e-32	0	-314.7157
874800	-0.80139239	1.2532223e-32	0	-319.01972
874900	-0.9465748	3.7385066e-33	0	-324.27302
875000	-1	1.0974028e-32	0	-319.59634
875100	-0.95553824	2.9448154e-32	0	-315.30942
875200	-0.8166416	5.2065331e-32	0	-312.83451
875300	-0.59609438	6.807921e-32	0	-311.66985
875400	-0.31484121	2.8105734e-31	0	-305.51205
875500	-5.2611247e-13	9.4656686e-32	0	-310.23849
875600	0.31775217	1.7250934e-31	0	-307.63187
875700	0.60716811	1.6676637e-31	0	-307.77892
875800	0.83950337	1.1755806e-32	0	-319.29748
875900	0.99137076	1.2945311e-32	0	-318.87887
876000	1.0470929	4.0259527e-32	0	-313.95131
876100	1.0003165	7.0439313e-33	0	-321.52185
876200	0.85472249	4.1138127e-32	0	-313.85755
876300	0.62375357	4.0655729e-32	0	-313.90878
876400	0.32937763	5.2005033e-32	0	-312.83955
876500	6.8353506e-13	3.6519283e-32	0	-314.37478
876600	-0.3322771	2.8479886e-32	0	-315.45462
876700	-0.6347836	1.5686895e-32	0	-318.04463
876800	-0.87749404	8.6965141e-33	0	-320.60655
876900	-1.0360076	9.4779559e-33	0	-320.23285
877000	-1.0939999	3.0539184e-33	0	-325.15143
877100	-1.0449004	1.3964519e-32	0	-318.54974
877200	-0.89262301	9.1495961e-33	0	-320.38598
877300	-0.65127081	7.415252e-32	0	-311.29874
877400	-0.34383369	1.2653052e-31	0	-308.97805
877500	-8.5245083e-13	4.2616867e-32	0	-313.70418
877600	0.34671023	1.9420925e-33	0	-327.1173
877700	0.66221361	1.4449568e-32	0	-318.40145
877800	0.91521447	2.6900495e-32	0	-315.7024
877900	1.0803092	1.3579653e-32	0	-318.67111
878000	1.140536	2.960571e-33	0	-325.28625
878100	1.0891139	1.2670011e-32	0	-318.97223
878200	0.93019357	1.0680124e-31	0	-309.71424
878300	0.67853751	3.6378056e-31	0	-304.39161
878400	0.35815234	5.6425674e-31	0	-302.48523
878500	5.0344467e-13	1.7781069e-31	0	-307.50042
878600	-0.3609946	1.3284789e-32	0	-318.76645
878700	-0.68934988	2.0671784e-32	0	-316.84622
878800	-0.95251578	4.7576498e-32	0	-313.22608
878900	-1.1241007	5.4398067e-33	0	-322.64417
879000	-1.1865174	8.2762124e-33	0	-320.82168
879100	-1.1327825	1.1285701e-32	0	-319.47471
879200	-0.9672859	6.4403378e-33	0	-321.91091
879300	-0.70544604	6.4813646e-32	0	-311.88334
879400	-0.37227708	1.4562062e-31	0	-308.36777
879500	-6.7370086e-13	5.1195401e-32	0	-312.90769
879600	0.37507384	2.3290747e-32	0	-316.32817
879700	0.71608533	3.2423983e-32	0	-314.89134
879800	0.98925076	2.0288303e-32	0	-316.92754
879900	1.1672093	2.1814418e-32	0	-316.61256
880000	1.2317627	2.0819081e-32	0	-316.81538
880100	1.175734	2.0824982e-33	0	-326.81415
880200	1.0037536	2.2474689e-33	0	-326.48306
880300	0.73189022	2.8756781e-32	0	-315.4126
880400	0.38615217	2.618836e-32	0	-315.81892
880500	8.5475456e-13	3.124424e-32	0	-315.0523
880600	-0.38889238	1.796902e-32	0	-317.45476
880700	-0.74231443	4.4890677e-32	0	-313.47844
880800	-1.0252744	2.3557316e-32	0	-316.27874
880900	-1.2094648	3.631299e-32	0	-314.39938
881000	-1.2760934	1.7506653e-32	0	-317.56797
881100	-1.2177988	1.4585866e-32	0	-318.36068
881200	-1.0394528	3.2200496e-32	0	-314.92137
881300	-0.75776569	3.3301843e-32	0	-314.77532
881400	-0.39972283	6.0577363e-32	0	-312.1769
881500	-1.0461549e-12	3.069987e-32	0	-315.12863
881600	0.4023957	7.6230703e-33	0	-321.1787
881700	0.76793368	3.0141442e-32	0	-315.20836
881800	1.0604447	1.3605208e-32	0	-318.66295
881900	1.2507005	1.8117703e-32	0	-317.41897
882000	1.3193345	6.4308424e-33	0	-321.91732
882100	1.2588108	3.7050161e-33	0	-324.3121
882200	1.0742426	4.3894148e-33	0	-323.57593
882300	0.78297032	1.6753681e-32	0	-317.7589
882400	0.41293552	4.3698529e-32	0	-313.59533
882500	6.3778097e-13	2.4590428e-32	0	-316.09234
882600	-0.41553048	1.1522162e-32	0	-319.38466
882700	-0.79284196	3.6452828e-32	0	-314.38269
882800	-1.0946226	5.6778689e-32	0	-312.45815
882900	-1.2907536	3.1337882e-32	0	-315.0393
883000	-1.3613153	2.002278e-32	0	-316.98476
883100	-1.2986083	2.1851764e-32	0	-316.60513
883200	-1.1079856	1.7318076e-33	0	-327.615
883300	-0.80740465	2.0828311e-32	0	-316.81346
883400	-0.42573809	2.974154e-32	0	-315.26637
883500	-8.2941186e-13	1.2493188e-32	0	-319.03327
883600	0.42824491	4.9696393e-32	0	-313.03675
883700	0.81694098	6.064549e-32	0	-312.17201
883800	1.1276734	1.524367e-31	0	-308.1691
883900	1.3294661	1.7477302e-31	0	-307.57526
884000	1.4018701	3.2924692e-32	0	-314.82478
884100	1.3370342	2.0186916e-32	0	-316.9493
884200	1.1405487	3.8261608e-33	0	-324.17237
884300	0.83097223	2.187075e-32	0	-316.60136
884400	0.43808002	1.4941246e-32	0	-318.25613
884500	1.0302289e-12	4.8817873e-32	0	-313.11421
884600	-0.4404888	4.3627378e-32	0	-313.60241
884700	-0.84013562	2.8660373e-32	0	-315.42718
884800	-1.1594666	9.1305803e-32	0	-310.39502
884900	-1.3666852	6.495922e-32	0	-311.87359
885000	-1.4408389	2.821095e-32	0	-315.49582
885100	-1.3739368	5.6338972e-32	0	-312.49191
885200	-1.1718035	7.0218073e-32	0	-311.53551
885300	-0.85358007	4.4675175e-32	0	-313.49934
885400	-0.44991259	5.0249608e-32	0	-312.98867
885500	-5.7575035e-13	5.6427472e-31	0	-302.48509
885600	0.45221383	6.4866579e-31	0	-301.87979
885700	0.86233436	5.3743711e-31	0	-302.69672
885800	1.1898767	1.2525044e-30	0	-299.02221
885900	1.402264	4.9297642e-31	0	-303.07174
886000	1.478068	2.098903e-31	0	-306.78008
886100	1.4091704	1.7796161e-31	0	-307.49674
886200	1.2016264	6.7447485e-31	0	-301.71034
886300	0.87513894	3.0873634e-31	0	-305.10412
886400	0.46118911	9.4528323e-32	0	-310.24438
886500	7.7627108e-13	4.4225698e-30	0	-293.54325
886600	-0.46337373	6.3242386e-30	0	-291.98992
886700	-0.88344957	1.6804929e-30	0	-297.74563
886800	-1.2187838	8.4019696e-30	0	-290.75619
886900	-1.4360621	8.558644e-31	0	-300.67595
887000	-1.5134103	1.7089753e-31	0	-307.67264
887100	-1.4425961	8.4312949e-31	0	-300.74106
887200	-1.2299	2.6181273e-31	0	-305.82009
887300	-0.89556376	1.0391033e-31	0	-309.83341
887400	-0.47186508	2.6557584e-31	0	-305.75811
887500	-9.8456971e-13	7.8643901e-31	0	-301.04335
887600	0.47392446	1.2008254e-30	0	-299.2052
887700	0.90339793	1.3800494e-31	0	-308.60105
887800	1.2460737	1.0234228e-30	0	-299.89945
887900	1.4679461	4.0093604e-32	0	-313.96925
888000	1.5467265	5.9566284e-32	0	-312.24999
888100	1.474082	8.1595052e-32	0	-310.88336
888200	1.2565125	1.4199878e-34	0	-338.47715
888300	0.91477391	3.5418332e-32	0	-314.50772
888400	0.48189836	2.655426e-32	0	-315.75866
888500	1.1998112e-12	3.1177042e-33	0	-325.06165
888600	-0.48382437	1.2893121e-32	0	-318.89642
888700	-0.92210071	3.3769278e-32	0	-314.71478
888800	-1.2716387	1.2251017e-32	0	-319.11828
888900	-1.4977901	1.3470439e-33	0	-328.70618
889000	-1.5778849	3.9704541e-32	0	-314.0116
889100	-1.5035037	1.5138744e-33	0	-328.1991
889200	-1.2813589	1.1934367e-32	0	-319.23201
889300	-0.93269359	5.7642058e-32	0	-312.39261
889400	-0.49124936	1.9215232e-32	0	-317.16354
889500	-6.9686254e-13	2.2844412e-32	0	-316.4122
889600	0.49303439	9.4734457e-32	0	-310.23492
889700	0.93948411	1.7344327e-32	0	-317.60843
889800	1.295378	3.0486654e-32	0	-315.1589
889900	1.5254765	2.9615646e-32	0	-315.28479
890000	1.6067627	5.1846228e-32	0	-312.85283
890100	1.5307451	3.9899546e-33	0	-323.99032
890200	1.3043412	4.4800698e-32	0	-313.48715
890300	0.94925207	3.1912905e-32	0	-314.96034
890400	0.49988117	5.8382303e-33	0	-322.33719
890500	9.1065625e-13	2.9379991e-32	0	-315.31948
890600	-0.50151818	3.6472537e-32	0	-314.38034
890700	-0.9554795	9.448886e-33	0	-320.24619
890800	-1.3171978	6.7870322e-32	0	-311.6832
890900	-1.5508959	2.65449e-32	0	-315.76019
891000	-1.6332459	1.7024667e-32	0	-317.68921
891100	-1.5556987	4.7225027e-32	0	-313.25828
891200	-1.3253687	2.6585999e-32	0	-315.75347
891300	-0.96438401	2.7464479e-32	0	-315.61229
891400	-0.50775973	3.4072084e-32	0	-314.67601
891500	-1.1296634e-12	1.8145079e-32	0	-317.41241
891600	0.50924226	4.2624884e-32	0	-313.70337
891700	0.97002378	1.1877489e-31	0	-309.25275
891800	1.3370121	6.0610409e-33	0	-322.17453
891900	1.573948	2.4407766e-32	0	-316.12472
892000	1.65723	5.2236268e-32	0	-312.82028
892100	1.5782661	2.5604096e-32	0	-315.91691
892200	1.3443584	4.1207227e-32	0	-313.85027
892300	0.97802968	1.901983e-31	0	-307.20793
892400	0.51485394	1.7251781e-32	0	-317.63166
892500	1.3528891e-12	1.3397889e-32	0	-318.72964
892600	-0.51617614	1.7609452e-31	0	-307.54254
892700	-0.98305954	1.5152645e-31	0	-308.19512
892800	-1.3547426	4.7498727e-32	0	-313.23318
892900	-1.5945418	2.3069752e-32	0	-316.36957
893000	-1.6786203	5.2736383e-32	0	-312.7789
893100	-1.5983582	2.6471899e-32	0	-315.77215
893200	-1.3612354	6.5157489e-32	0	-311.86036
893300	-0.99013524	1.5784091e-31	0	-308.0178
893400	-0.5211358	6.3662747e-33	0	-321.96115
893500	-8.1154102e-13	1.0118063e-31	0	-309.94903
893600	0.52229245	1.998374e-31	0	-306.99323
893700	0.99453532	5.7757985e-32	0	-312.38388
893800	1.3703194	1.8701737e-31	0	-307.28118
893900	1.6125961	1.7791308e-31	0	-307.49792
894000	1.6973324	1.0981952e-32	0	-319.5932
894100	1.6158957	5.8470629e-31	0	-302.33062
894200	1.375933	2.3518574e-31	0	-306.28589
894300	1.0006529	6.7323919e-33	0	-321.71831
894400	0.52658053	6.2627385e-30	0	-292.03236
894500	1.0321775e-12	2.737761e-30	0	-295.62604
894600	-0.52756707	5.1408895e-30	0	-292.88962
894700	-1.0044059	1.0847239e-29	0	-289.64681
894800	-1.383681	3.6835531e-30	0	-294.33733
894900	-1.6280396	6.0106352e-31	0	-302.2108
895000	-1.7132924	1.813042e-30	0	-297.41592
895100	-1.6308094	6.6190817e-30	0	-291.79202
895200	-1.3883932	9.4765209e-31	0	-300.23351
895300	-1.0095412	1.3540967e-30	0	-298.6835
895400	-0.53116664	5.2536615e-29	0	-282.79538
895500	-1.2550996e-12	3.8750349e-29	0	-284.11724
895600	0.53197917	2.4472544e-29	0	-286.11321
895700	1.0126322	6.5320627e-29	0	-281.8495
895800	1.3947746	3.3712e-30	0	-294.72215
895900	1.6408113	6.0503642e-31	0	-302.18218
896000	1.7264374	7.1737972e-30	0	-291.44251
896100	1.6430404	1.9075078e-30	0	-297.19534
896200	1.3985669	4.9945996e-31	0	-303.01499
896300	1.016765	2.8867167e-30	0	-295.39596
896400	0.53487602	8.8025739e-30	0	-290.5539
896500	6.9162459e-13	7.0568392e-30	0	-291.5139
896600	-0.53551134	1.4864814e-30	0	-298.27841
896700	-1.0191818	8.3134491e-30	0	-290.80219
896800	-1.4035565	1.6717684e-31	0	-307.76824
896900	-1.6508609	4.0742013e-31	0	-303.89958
897000	-1.7367154	7.8871679e-31	0	-301.03079
897100	-1.6525405	7.9871331e-32	0	-310.97609
897200	-1.406414	3.6126207e-31	0	-304.42178
897300	-1.0222958	3.0405246e-31	0	-305.17051
897400	-0.53769404	3.4916733e-32	0	-314.56966
897500	-9.1181892e-13	1.5905875e-31	0	-307.98442
897600	0.53814964	1.2446163e-31	0	-309.04965
897700	1.0240289	6.1136969e-32	0	-312.13696
897800	1.4099921	1.4690791e-31	0	-308.32955
897900	1.6581487	1.343775e-31	0	-308.71673
898000	1.744086	3.8288674e-32	0	-314.1693
898100	1.6592721	2.8405955e-31	0	-305.46591
898200	1.4119033	1.4417685e-31	0	-308.41104
898300	1.0261118	1.365969e-31	0	-308.64559
898400	0.53960957	1.3277047e-31	0	-308.76899
898500	1.1323158e-12	3.228806e-32	0	-314.90958
898600	-0.53988365	6.8859541e-33	0	-321.62036
898700	-1.0271544	8.6854217e-32	0	-310.61209
898800	-1.4140559	4.8905908e-32	0	-313.10639
898900	-1.6626459	2.1939361e-32	0	-316.58776
899000	-1.74852	5.1280763e-32	0	-312.90046
899100	-1.6632087	1.045311e-31	0	-309.80754
899200	-1.4150134	3.1862675e-32	0	-314.96718
899300	-1.0281979	1.0003191e-31	0	-309.99861
899400	-0.54061507	4.4603169e-32	0	-313.50634
899500	-1.3520057e-12	3.4882992e-33	0	-324.57386
899600	0.54070655	2.6084007e-32	0	-315.83626
899700	1.0285459	6.4810382e-32	0	-311.88355
899800	1.4157318	8.0761963e-33	0	-320.92793
899900	1.6643348	3.2799808e-32	0	-314.84129
900000	1.75	4.5879497e-32	0	-313.38381
900100	1.6643348	2.3499771e-32	0	-316.28936
900200	1.4157318	6.0189842e-32	0	-312.20477
900300	1.0285459	1.3232913e-31	0	-308.78345
900400	0.54070655	2.8140633e-32	0	-315.50666
900500	7.7413806e-13	2.7369492e-32	0	-315.62733
900600	-0.54061507	8.235811e-32	0	-310.84294
900700	-1.0281979	8.9633187e-33	0	-320.47531
900800	-1.4150134	2.9793737e-32	0	-315.25875
900900	-1.6632087	1.0329693e-31	0	-309.85913
901000	-1.74852	5.9725176e-32	0	-312.23843
901100	-1.6626459	5.592892e-32	0	-312.52364
901200	-1.4140559	2.1888192e-31	0	-306.5979
901300	-1.0271544	9.8696164e-32	0	-310.057
901400	-0.53988365	5.7958852e-32	0	-312.3688
901500	-9.902328e-13	5.132338e-32	0	-312.89685
901600	0.53960957	1.6056257e-32	0	-317.94356
901700	1.0261118	4.0325446e-32	0	-313.94421
901800	1.4119033	5.4484624e-32	0	-312.63726
901900	1.6592721	3.894338e-32	0	-314.09566
902000	1.744086	1.5472981e-32	0	-318.10426
902100	1.6581487	8.6833401e-32	0	-310.61313
902200	1.4099921	7.48619e-32	0	-311.25739
902300	1.0240289	6.7409653e-32	0	-311.71278
902400	0.53814964	9.875961e-32	0	-310.05421
902500	1.2035537e-12	2.6892492e-32	0	-315.70369
902600	-0.53769404	4.5516395e-32	0	-313.41832
902700	-1.0222958	1.6113444e-31	0	-307.92812
902800	-1.406414	1.5177423e-31	0	-308.18802
902900	-1.6525405	9.5409551e-32	0	-310.20408
903000	-1.7367154	1.0590999e-33	0	-329.75063
903100	-1.6508609	3.961295e-32	0	-314.02163
903200	-1.4035565	3.8564349e-32	0	-314.13814
903300	-1.0191818	3.3836953e-32	0	-314.70609
903400	-0.53551134	1.2496969e-31	0	-309.03195
903500	-1.4130195e-12	4.3639478e-32	0	-313.6012
903600	0.53487602	5.5565812e-32	0	-312.55192
903700	1.016765	3.5115141e-31	0	-304.54506
903800	1.3985669	9.4946388e-31	0	-300.22522
903900	1.6430404	7.4692002e-31	0	-301.26726
904000	1.7264374	3.4515541e-31	0	-304.61985
904100	1.6408113	3.3723189e-32	0	-314.72071
904200	1.3947746	6.5688e-33	0	-321.82514
904300	1.0126322	1.5379799e-32	0	-318.13049
904400	0.53197917	7.6237059e-32	0	-311.17834
904500	8.3530558e-13	2.2509911e-32	0	-316.47626
904600	-0.53116664	3.6730405e-32	0	-314.34974
904700	-1.0095412	9.0247454e-32	0	-310.44565
904800	-1.3883932	2.0110097e-31	0	-306.96586
904900	-1.6308094	3.3264016e-32	0	-314.78025
905000	-1.7132924	2.1581126e-32	0	-316.65926
905100	-1.6280396	1.2912517e-33	0	-328.88989
905200	-1.383681	3.2357218e-32	0	-314.90029
905300	-1.0044059	6.7214155e-33	0	-321.72539
905400	-0.52756707	1.3398695e-32	0	-318.72938
905500	-1.0405349e-12	4.3887597e-32	0	-313.57658
905600	0.52658053	4.4379703e-33	0	-323.52816
905700	1.0006529	1.2726419e-32	0	-318.95294
905800	1.375933	1.5588639e-32	0	-318.07192
905900	1.6158957	6.624338e-32	0	-311.78858
906000	1.6973324	1.9547758e-32	0	-317.08903
906100	1.6125961	1.3213195e-32	0	-318.78992
906200	1.3703194	3.4503793e-32	0	-314.62133
906300	0.99453532	8.2387267e-33	0	-320.8414
906400	0.52229245	2.1754676e-32	0	-316.62447
906500	1.2400942e-12	9.9808095e-32	0	-310.00834
906600	-0.5211358	8.6766456e-32	0	-310.61648
906700	-0.99013524	3.9835804e-32	0	-313.99726
906800	-1.3612354	1.5825556e-31	0	-308.00641
906900	-1.5983582	1.8044117e-31	0	-307.43664
907000	-1.6786203	2.8869784e-32	0	-315.39556
907100	-1.5945418	1.4508426e-32	0	-318.3838
907200	-1.3547426	3.211311e-32	0	-314.93318
907300	-0.98305954	1.4752805e-32	0	-318.31125
907400	-0.51617614	6.6981202e-33	0	-321.74047
907500	-6.7436798e-13	5.1316805e-32	0	-312.8974
907600	0.51485394	1.2652654e-32	0	-318.97818
907700	0.97802968	1.5231782e-32	0	-318.17249
907800	1.3443584	8.4639521e-33	0	-320.72427
907900	1.5782661	9.0819206e-32	0	-310.41822
908000	1.65723	9.5685407e-33	0	-320.19154
908100	1.573948	9.3160942e-33	0	-320.30766
908200	1.3370121	4.3601242e-32	0	-313.60501
908300	0.97002378	2.246474e-32	0	-316.48499
908400	0.50924226	1.1931495e-32	0	-319.23305
908500	8.700107e-13	5.003708e-32	0	-313.00708
908600	-0.50775973	1.7816875e-32	0	-317.49168
908700	-0.96438401	1.3106732e-32	0	-318.82506
908800	-1.3253687	3.0717155e-32	0	-315.12619
908900	-1.5556987	7.9778311e-32	0	-310.98115
909000	-1.6332459	2.9408442e-32	0	-315.31528
909100	-1.5508959	6.0517783e-32	0	-312.18117
909200	-1.3171978	6.3153169e-32	0	-311.99605
909300	-0.9554795	1.5010695e-32	0	-318.23599
909400	-0.50151818	4.4911197e-32	0	-313.47645
909500	-1.0583389e-12	6.292938e-32	0	-312.01147
909600	0.49988117	4.3403043e-32	0	-313.6248
909700	0.94925207	2.1775656e-32	0	-316.62029
909800	1.3043412	4.4507813e-32	0	-313.51564
909900	1.5307451	1.5722238e-31	0	-308.03486
910000	1.6067627	1.4154736e-31	0	-308.49098
910100	1.5254765	6.7067691e-32	0	-311.73487
910200	1.295378	2.4453684e-32	0	-316.11656
910300	0.93948411	1.6474835e-32	0	-317.83179
910400	0.49303439	2.0417797e-32	0	-316.89991
910500	1.2384788e-12	1.5840013e-32	0	-318.00244
910600	-0.49124936	3.3024031e-32	0	-314.8117
910700	-0.93269359	3.0281348e-32	0	-315.18825
910800	-1.2813589	1.2105296e-32	0	-319.17025
910900	-1.5035037	5.1822674e-32	0	-312.8548
911000	-1.5778849	2.4418702e-32	0	-316.12277
911100	-1.4977901	8.2343973e-33	0	-320.84368
911200	-1.2716387	2.4603181e-32	0	-316.09009
911300	-0.92210071	8.123394e-33	0	-320.90262
911400	-0.48382437	6.3251584e-33	0	-321.98929
911500	-6.9903414e-13	2.1606961e-32	0	-316.65406
911600	0.48189836	1.6990979e-32	0	-317.69782
911700	0.91477391	4.6302712e-32	0	-313.34394
911800	1.2565125	8.7802679e-32	0	-310.56492
911900	1.474082	1.2052138e-31	0	-309.18936
912000	1.5467265	4.9266821e-33	0	-323.07445
912100	1.4679461	1.3355504e-32	0	-318.7434
912200	1.2460737	9.9888787e-32	0	-310.00483
912300	0.90339793	1.5471163e-32	0	-318.10477
912400	0.47392446	2.854527e-32	0	-315.44466
912500	8.7508168e-13	7.2423148e-32	0	-311.40123
912600	-0.47186508	4.1362902e-32	0	-313.83389
912700	-0.89556376	3.4851752e-31	0	-304.57775
912800	-1.2299	5.7766648e-31	0	-302.38323
912900	-1.4425961	3.8160776e-31	0	-304.18383
913000	-1.5134103	6.4204181e-32	0	-311.92437
913100	-1.4360621	6.1344382e-32	0	-312.12225
913200	-1.2187838	1.5674298e-31	0	-308.04812
913300	-0.88344957	1.0007047e-32	0	-319.99694
913400	-0.46337373	5.3021891e-32	0	-312.75545
913500	-1.0416429e-12	7.6626001e-32	0	-311.15624
913600	0.46118911	3.0810715e-32	0	-315.11298
913700	0.87513894	2.9294716e-32	0	-315.33211
913800	1.2016264	1.8391104e-31	0	-307.35392
913900	1.4091704	1.0577204e-31	0	-309.75629
914000	1.478068	5.6556127e-32	0	-312.4752
914100	1.402264	6.3345524e-32	0	-311.98284
914200	1.1898767	5.5969812e-32	0	-312.52046
914300	0.86233436	3.0379619e-32	0	-315.17418
914400	0.45221383	5.3068377e-32	0	-312.75164
914500	1.1980477e-12	4.5291467e-32	0	-313.43984
914600	-0.44991259	4.8440477e-32	0	-313.14792
914700	-0.85358007	2.0996943e-31	0	-306.77844
914800	-1.1718035	5.1990497e-32	0	-312.84076
914900	-1.3739368	5.8861106e-32	0	-312.30172
915000	-1.4408389	9.4401142e-32	0	-310.25023
915100	-1.3666852	1.4172529e-32	0	-318.48553
915200	-1.1594666	4.9572571e-32	0	-313.04759
915300	-0.84013562	2.5056904e-32	0	-316.01073
915400	-0.4404888	1.7246146e-33	0	-327.63308
915500	-6.9724859e-13	2.1309309e-31	0	-306.71431
915600	0.43808002	8.9110077e-32	0	-310.50073
915700	0.83097223	4.3941914e-31	0	-303.57121
915800	1.1405487	9.2183891e-32	0	-310.35345
915900	1.3370342	8.6352456e-32	0	-310.63725
916000	1.4018701	8.5210188e-32	0	-310.69508
916100	1.3294661	3.2355052e-32	0	-314.90058
916200	1.1276734	9.9775596e-32	0	-310.00976
916300	0.81694098	3.4634473e-32	0	-314.60491
916400	0.42824491	1.9114151e-32	0	-317.18645
916500	8.4972331e-13	1.1684132e-31	0	-309.32404
916600	-0.42573809	4.425769e-32	0	-313.54011
916700	-0.80740465	1.8009094e-31	0	-307.44508
916800	-1.1079856	9.5143986e-32	0	-310.21619
916900	-1.2986083	5.8927619e-32	0	-312.29681
917000	-1.3613153	7.6628264e-32	0	-311.15611
917100	-1.2907536	1.0485343e-31	0	-309.79417
917200	-1.0946226	4.297842e-32	0	-313.6675
917300	-0.79284196	5.4018585e-32	0	-312.67457
917400	-0.41553048	4.7292009e-32	0	-313.25212
917500	-9.9118095e-13	4.8092238e-32	0	-313.17925
917600	0.41293552	4.2442829e-32	0	-313.72196
917700	0.78297032	7.224969e-32	0	-311.41164
917800	1.0742426	3.9066182e-32	0	-314.08199
917900	1.2588108	7.9216843e-32	0	-311.01182
918000	1.3193345	6.9470264e-32	0	-311.58201
918100	1.2507005	1.4670757e-31	0	-308.33547
918200	1.0604447	6.3428733e-32	0	-311.97714
918300	0.76793368	6.469796e-32	0	-311.89109
918400	0.4023957	8.8563832e-33	0	-320.52744
918500	5.3100085e-13	2.8589236e-32	0	-315.43797
918600	-0.39972283	4.4584219e-32	0	-313.50819
918700	-0.75776569	7.9604058e-32	0	-310.99065
918800	-1.0394528	3.988187e-32	0	-313.99224
918900	-1.2177988	7.1830706e-32	0	-311.4369
919000	-1.2760934	7.0324514e-32	0	-311.52893
919100	-1.2094648	1.0028429e-31	0	-309.98767
919200	-1.0252744	6.4068714e-32	0	-311.93354
919300	-0.74231443	6.817666e-32	0	-311.66364
919400	-0.38889238	2.8751655e-32	0	-315.41337
919500	-6.6916648e-13	4.5319123e-32	0	-313.43719
919600	0.38615217	6.9754506e-32	0	-311.56428
919700	0.73189022	5.6452521e-32	0	-312.48317
919800	1.0037536	4.0762449e-32	0	-313.8974
919900	1.175734	6.4160905e-32	0	-311.9273
920000	1.2317627	4.0573226e-32	0	-313.9176
920100	1.1672093	4.2140117e-31	0	-303.75304
920200	0.98925076	8.5600721e-32	0	-310.67523
920300	0.71608533	4.6123547e-32	0	-313.36077
920400	0.37507384	7.3365333e-32	0	-311.34509
920500	7.9576711e-13	3.129842e-32	0	-315.04478
920600	-0.37227708	3.8567227e-32	0	-314.13782
920700	-0.70544604	4.564889e-32	0	-313.4057
920800	-0.9672859	1.5399711e-32	0	-318.12487
920900	-1.1327825	1.8441694e-32	0	-317.34199
921000	-1.1865174	3.4493358e-32	0	-314.62265
921100	-1.1241007	1.6790304e-30	0	-297.74941
921200	-0.95251578	1.1058664e-31	0	-309.56297
921300	-0.68934988	6.3515387e-32	0	-311.97121
921400	-0.3609946	1.2603309e-31	0	-308.99515
921500	-9.1056672e-13	1.3217841e-32	0	-318.78839
921600	0.35815234	2.8357991e-32	0	-315.47325
921700	0.67853751	1.0294355e-31	0	-309.87401
921800	0.93019357	2.0946153e-32	0	-316.78896
921900	1.0891139	4.9242919e-32	0	-313.07656
922000	1.140536	9.2729802e-32	0	-310.32781
922100	1.0803092	3.9648134e-31	0	-304.01777
922200	0.91521447	9.9312982e-32	0	-310.02994
922300	0.66221361	1.1918442e-31	0	-309.2378
922400	0.34671023	1.0426295e-31	0	-309.8187
922500	5.0531936e-13	5.7347227e-32	0	-312.41488
922600	-0.34383369	1.107245e-31	0	-309.55756
922700	-0.65127081	8.3614588e-32	0	-310.77718
922800	-0.89262301	1.194985e-31	0	-309.22638
922900	-1.0449004	2.8331634e-31	0	-305.47728
923000	-1.0939999	1.9828933e-31	0	-307.02701
923100	-1.0360076	2.7100221e-32	0	-315.67027
923200	-0.87749404	1.7005289e-31	0	-307.69416
923300	-0.6347836	1.34862e-31	0	-308.7011
923400	-0.3322771	5.7121241e-32	0	-312.43202
923500	-6.1743125e-13	1.2704972e-31	0	-308.96026
923600	0.32937763	1.7750203e-31	0	-307.50797
923700	0.62375357	5.3961821e-32	0	-312.67913
923800	0.85472249	3.3542231e-31	0	-304.74408
923900	1.0003165	6.9710371e-31	0	-301.56703
924000	1.0470929	4.1401447e-31	0	-303.82984
924100	0.99137076	3.7455292e-32	0	-314.26487
924200	0.83950337	2.1403863e-31	0	-306.69508
924300	0.60716811	1.4373436e-31	0	-308.42439
924400	0.31775217	7.6992224e-32	0	-311.13553
924500	7.1771146e-13	7.7737057e-32	0	-311.09372
924600	-0.31484121	1.2696812e-31	0	-308.96305
924700	-0.59609438	5.5825576e-32	0	-312.53167
924800	-0.8166416	1.6218383e-31	0	-307.89992
924900	-0.95553824	2.1250911e-31	0	-306.72622
925000	-1	1.8861753e-31	0	-307.24418
925100	-0.9465748	5.7817275e-32	0	-312.37942
925200	-0.80139239	1.0393137e-31	0	-309.83253
925300	-0.57947613	1.2376199e-31	0	-309.07413
925400	-0.30319277	9.9092218e-32	0	-310.0396
925500	-8.0620919e-13	7.4605862e-32	0	-311.27227
925600	0.30028181	8.5305193e-32	0	-310.69025
925700	0.56840239	9.4419521e-32	0	-310.24938
925800	0.77853061	6.0199519e-32	0	-312.20407
925900	0.91074228	1.9555262e-31	0	-307.08736
926000	0.95290711	7.3751119e-32	0	-311.32231
926100	0.90179653	6.1977516e-32	0	-312.07766
926200	0.7633115	1.3368583e-31	0	-308.73915
926300	0.55181693	9.7886779e-32	0	-310.09276
926400	0.28865636	7.3136225e-32	0	-311.35867
926500	4.604157e-13	1.4414277e-31	0	-308.41207
926600	-0.28575689	4.5921388e-32	0	-313.37985
926700	-0.5407869	1.2556226e-31	0	-309.01141
926800	-0.74053994	6.6204026e-32	0	-311.79116
926900	-0.86610542	3.6603193e-31	0	-304.36481
927000	-0.90600007	4.3731268e-32	0	-313.59208
927100	-0.85721266	4.751576e-32	0	-313.23162
927200	-0.72541098	2.0139719e-31	0	-306.95947
927300	-0.52429969	1.6410155e-31	0	-307.84887
927400	-0.2742003	1.0956209e-31	0	-309.6034
927500	-5.4712353e-13	1.5816986e-31	0	-308.00876
927600	0.27132376	1.1115582e-31	0	-309.54068
927700	0.5133569	1.469681e-31	0	-308.32777
927800	0.70281952	1.1983442e-31	0	-309.21418
927900	0.82180382	2.4519878e-31	0	-306.10482
928000	0.85946401	8.4659145e-32	0	-310.72326
928100	0.81299915	1.1591599e-31	0	-309.35857
928200	0.68784042	1.8807524e-31	0	-307.25668
928300	0.497033	1.614981e-31	0	-307.91833
928400	0.25988164	1.7652442e-31	0	-307.53195
928500	6.2253965e-13	2.2499274e-31	0	-306.47832
928600	-0.25703939	1.296839e-31	0	-308.87114
928700	-0.48622062	1.3081942e-31	0	-308.83328
928800	-0.66551821	1.4060973e-31	0	-308.51985
928900	-0.77801233	3.6855863e-31	0	-304.33493
929000	-0.81348258	9.8271771e-32	0	-310.07571
929100	-0.7693305	1.9477223e-31	0	-307.10473
929200	-0.65074809	7.2716079e-32	0	-311.3837
929300	-0.47012446	1.8825229e-31	0	-307.2526
929400	-0.2457569	2.6967902e-31	0	-305.69153
929500	-3.2740112e-13	2.3028216e-31	0	-306.3774
929600	0.24296015	1.8995754e-31	0	-307.21343
929700	0.45948518	1.8049015e-31	0	-307.43547
929800	0.62878323	5.3839295e-32	0	-312.68901
929900	0.73490377	9.2901003e-31	0	-300.3198
930000	0.76823725	2.0259999e-31	0	-306.93361
930100	0.72637903	1.8133531e-31	0	-307.41518
930200	0.61428037	3.6661423e-32	0	-314.35791
930300	0.44368028	2.5344072e-31	0	-305.96124
930400	0.23188182	1.9826539e-31	0	-307.02753
930500	4.0169421e-13	1.6336111e-31	0	-307.86851
930600	-0.2291416	1.9845608e-31	0	-307.02336
930700	-0.43325607	1.4660089e-31	0	-308.33863
930800	-0.59275954	8.901196e-32	0	-310.50552
930900	-0.69264826	4.4324459e-31	0	-303.53357
931000	-0.72390659	9.700571e-32	0	-310.13203
931100	-0.68431426	1.2370278e-31	0	-309.07621
931200	-0.57858119	1.5625698e-31	0	-308.06161
931300	-0.41780481	1.7548962e-31	0	-307.55749
931400	-0.21831116	2.0955907e-31	0	-306.78694
931500	-4.6549723e-13	2.2443676e-31	0	-306.48906
931600	0.21563829	2.6808587e-31	0	-305.71726
931700	0.40763683	1.8166594e-31	0	-307.40726
931800	0.55758933	1.1581611e-31	0	-309.36231
931900	0.65141256	5.5405701e-32	0	-312.56446
932000	0.68066553	2.02049e-31	0	-306.94543
932100	0.6433022	2.2879902e-31	0	-306.40546
932200	0.54379143	1.7772147e-31	0	-307.5026
932300	0.39260018	1.9846006e-31	0	-307.02327
932400	0.20509847	4.3772178e-31	0	-303.58802
932500	5.1932068e-13	2.0351213e-31	0	-306.9141
932600	-0.2025035	4.5495365e-31	0	-303.42033
932700	-0.38272854	6.1008102e-31	0	-302.14612
932800	-0.52341138	7.9994628e-32	0	-310.96939
932900	-0.61135943	5.856632e-32	0	-312.32352
933000	-0.63868474	2.5380282e-31	0	-305.95504
933100	-0.60350471	2.1151488e-31	0	-306.74659
933200	-0.5100484	1.052578e-31	0	-309.77746
933300	-0.36816586	2.2443133e-31	0	-306.48917
933400	-0.1922959	3.6517343e-31	0	-304.37501
933500	-2.8262352e-13	1.4416799e-31	0	-308.41131
933600	0.18978908	2.8474516e-31	0	-305.45544
933700	0.35862953	2.5213306e-31	0	-305.9837
933800	0.49036059	4.356773e-32	0	-313.60835
933900	0.57264693	7.4526834e-32	0	-311.27687
934000	0.5981299	2.864401e-31	0	-305.42966
934100	0.56507885	1.761588e-31	0	-307.54096
934200	0.47748526	1.6040277e-31	0	-307.94788
934300	0.34459827	2.3199701e-31	0	-306.34518
934400	0.17995397	2.4566843e-31	0	-306.09651
934500	3.3643374e-13	2.3548332e-31	0	-306.2804
934600	-0.17754519	3.8998021e-31	0	-304.08957
934700	-0.33543488	2.8747842e-31	0	-305.41395
934800	-0.45856739	1.4682401e-31	0	-308.33203
934900	-0.53542783	3.1545945e-31	0	-305.01056
935000	-0.55916106	2.2949062e-31	0	-306.39235
935100	-0.52817626	2.0812068e-31	0	-306.81685
935200	-0.44623053	3.434621e-31	0	-304.64121
935300	-0.32199043	1.7857302e-31	0	-307.48184
935400	-0.1681214	2.7307636e-31	0	-305.63716
935500	-3.8151571e-13	5.3293829e-31	0	-302.73323
935600	0.16582015	4.1424948e-31	0	-303.82738
935700	0.31323615	4.9982672e-31	0	-303.01181
935800	0.42815726	2.8448803e-31	0	-305.45936
935900	0.49984904	3.0298731e-31	0	-305.18576
936000	0.52193201	2.5744472e-31	0	-305.89316
936100	0.49294259	3.3190371e-31	0	-304.78988
936200	0.41640754	3.2647968e-31	0	-304.86144
936300	0.30043156	1.8657216e-31	0	-307.29153
936400	0.15684488	4.4119506e-31	0	-303.55369
936500	4.186156e-13	4.6327059e-31	0	-303.34165
936600	-0.15466026	2.6641562e-31	0	-305.7444
936700	-0.29212093	5.2931735e-31	0	-302.76284
936800	-0.39925021	3.2038284e-31	0	-304.94331
936900	-0.46605095	2.4605918e-31	0	-306.0896
937000	-0.48658967	4.7873987e-31	0	-303.199
937100	-0.45951688	4.3239116e-31	0	-303.64123
937200	-0.38813401	1.8568342e-31	0	-307.31227
937300	-0.28000675	3.2641179e-31	0	-304.86234
937400	-0.14616891	3.5116757e-31	0	-304.54486
937500	-2.349665e-13	2.8044321e-31	0	-305.52155
937600	0.14410953	4.8379691e-31	0	-303.15337
937700	0.27217257	6.3771824e-31	0	-301.95371
937800	0.37196031	2.7069801e-31	0	-305.67515
937900	0.43416696	4.3410945e-31	0	-303.62401
938000	0.45327353	4.8566299e-31	0	-303.13665
938100	0.42803106	3.6495218e-31	0	-304.37764
938200	0.36152151	3.5761436e-31	0	-304.46585
938300	0.2607966	2.9447667e-31	0	-305.30949
938400	0.13613563	2.0627692e-31	0	-306.85549
938500	2.7327499e-13	4.6343833e-31	0	-303.34008
938600	-0.13420962	5.5839747e-31	0	-302.53057
938700	-0.25346979	4.4294975e-31	0	-303.53646
938800	-0.34639528	5.8913131e-31	0	-302.29788
938900	-0.40432289	6.6410576e-31	0	-301.77763
939000	-0.42211507	3.388221e-31	0	-304.70028
939100	-0.39860938	5.7267016e-31	0	-302.42095
939200	-0.33667507	4.2865388e-31	0	-303.67893
939300	-0.24287692	1.836193e-31	0	-307.36082
939400	-0.12678463	4.7208308e-31	0	-303.25982
939500	-3.0521799e-13	8.2842499e-31	0	-300.81747
939600	0.1249996	2.4590974e-31	0	-306.09224
939700	0.2360864	7.3215126e-31	0	-301.35399
939800	0.32265601	6.9425038e-31	0	-301.58484
939900	0.37663653	1.0508762e-32	0	-319.78448
940000	0.39323725	2.2273119e-30	0	-296.52219
940100	0.37136796	9.2162042e-31	0	-300.35448
940200	0.31369275	5.9200075e-30	0	-292.27678
940300	0.22631843	1.1753276e-31	0	-309.29841
940400	0.11815282	1.5957397e-30	0	-297.97038
940500	1.5906527e-13	1.5369263e-30	0	-298.13347
940600	-0.11651581	2.8547345e-31	0	-305.44434
940700	-0.220091	2.4930868e-30	0	-296.03263
940800	-0.30083618	2.3053959e-30	0	-296.37254
940900	-0.35121715	2.1260547e-30	0	-296.72426
941000	-0.36675406	1.0973801e-29	0	-289.59643
941100	-0.3464143	1.4132249e-29	0	-288.49789
941200	-0.29266525	2.8603014e-29	0	-285.43588
941300	-0.2111865	1.9792798e-30	0	-297.03493
941400	-0.11027426	2.4686331e-30	0	-296.07543
941500	-1.9260547e-13	4.5280735e-30	0	-293.44087
941600	0.10879173	1.5892199e-30	0	-297.98816
941700	0.20554672	2.1839001e-30	0	-296.60767
941800	0.28102191	2.7830597e-30	0	-295.55477
941900	0.32816506	8.9794683e-32	0	-310.46749
942000	0.34276999	2.8538415e-30	0	-295.4457
942100	0.32384689	1.1656192e-30	0	-299.33443
942200	0.27367555	8.5053107e-30	0	-290.7031
942300	0.19754082	9.2532872e-31	0	-300.33704
942400	0.10318005	1.943614e-30	0	-297.1139
942500	2.2156258e-13	2.6339296e-30	0	-295.79396
942600	-0.10185785	1.6592727e-30	0	-297.80082
942700	-0.19251097	2.248611e-30	0	-296.48086
942800	-0.26329139	2.5770121e-30	0	-295.88884
942900	-0.30757123	1.6566517e-30	0	-297.80769
943000	-0.32137971	1.8646065e-30	0	-297.29413
943100	-0.30375478	1.9857541e-30	0	-297.02075
943200	-0.2567986	2.0367125e-30	0	-296.9107
943300	-0.18543526	2.1255834e-30	0	-296.72522
943400	-0.096898187	2.5938778e-30	0	-295.8605
943500	-2.4695891e-13	1.9576368e-30	0	-297.08268
943600	0.095741535	2.261671e-30	0	-296.45571
943700	0.18103518	2.4697374e-30	0	-296.07349
943800	0.24771461	2.4545128e-30	0	-296.10035
943900	0.28951695	2.8276514e-30	0	-295.48574
944000	0.30266764	2.3441402e-30	0	-296.30016
944100	0.28621729	1.8680687e-30	0	-297.28607
944200	0.242101	3.2195766e-30	0	-294.92201
944300	0.17491759	2.6799186e-30	0	-295.71878
944400	0.091453458	2.6878041e-30	0	-295.70602
944500	1.3600173e-13	2.543813e-30	0	-295.94515
944600	-0.090466919	3.4195327e-30	0	-294.66033
944700	-0.17116465	2.910828e-30	0	-295.35983
944800	-0.23435303	3.1862604e-30	0	-294.96719
944900	-0.27407346	3.7418859e-30	0	-294.26909
945000	-0.28670761	3.1224131e-30	0	-295.0551
945100	-0.27130361	3.1930875e-30	0	-294.95789
945200	-0.22964076	4.4703322e-30	0	-293.4966
945300	-0.16602933	3.7992035e-30	0	-294.20307
945400	-0.086867353	3.8588114e-30	0	-294.13546
945500	-1.6409779e-13	4.445999e-30	0	-293.52031
945600	0.08605482	4.3176729e-30	0	-293.6475
945700	0.16293833	4.5272822e-30	0	-293.44162
945800	0.22325938	5.3559859e-30	0	-292.71161
945900	0.26130172	5.526115e-30	0	-292.5758
946000	0.27356263	5.0048787e-30	0	-293.00606
946100	0.2590726	6.1975007e-30	0	-292.07783
946200	0.21946706	6.4995901e-30	0	-291.87114
946300	0.15880554	6.4624076e-30	0	-291.89606
946400	0.083157971	7.1245968e-30	0	-291.4724
946500	1.9059034e-13	7.8937408e-30	0	-291.02717
946600	-0.082522651	7.3560717e-30	0	-291.33354
946700	-0.15638868	8.7816001e-30	0	-290.56426
946800	-0.21447745	9.2835585e-30	0	-290.32286
946900	-0.25125212	1.0521747e-29	0	-289.77912
947000	-0.26328456	9.6464784e-30	0	-290.15631
947100	-0.24957254	1.1912445e-29	0	-289.23999
947200	-0.21162004	1.3666682e-29	0	-288.64337
947300	-0.15327473	1.4204047e-29	0	-288.47588
947400	-0.080339951	1.446409e-29	0	-288.39709
947500	-2.1657937e-13	1.667514e-29	0	-287.77931
947600	0.079884351	1.7974481e-29	0	-287.45344
947700	0.15154157	2.0147777e-29	0	-286.95773
947800	0.2080419	2.2274917e-29	0	-286.52184
947900	0.24396433	2.5961866e-29	0	-285.85664
948000	0.25591397	2.7749864e-29	0	-285.56739
948100	0.24284091	3.3131886e-29	0	-284.79754
948200	0.20613067	3.9615979e-29	0	-284.0213
948300	0.14945875	4.6426776e-29	0	-283.33231
948400	0.078424415	5.5728692e-29	0	-282.53921
948500	1.2797648e-13	7.1072618e-29	0	-281.48298
948600	-0.078150334	9.4124036e-29	0	-280.26299
948700	-0.1484161	1.3854189e-28	0	-278.58419
948800	-0.20397812	2.4250913e-28	0	-276.15272
948900	-0.23946711	6.9122075e-28	0	-271.60383
949000	-0.25147995	0.03515625	0	-14.539975
949100	-0.23890429	1.7982669e-28	0	-277.45146
949200	-0.20302062	5.8084901e-30	0	-292.35937
949300	-0.14737263	3.6570829e-30	0	-294.36865
949400	-0.077418922	2.6109519e-29	0	-285.83201
949500	-1.5764485e-13	6.3226079e-29	0	-281.99104
949600	0.077327442	1.2798682e-28	0	-278.92835
949700	0.14702463	2.7517145e-28	0	-275.60397
949800	0.20230216	6.7684578e-28	0	-271.6951
949900	0.23777821	2.8555774e-27	0	-265.44306
950000	0.25	0.25	0	-6.0205999
950100	0.23777821	2.8668717e-27	0	-265.42592
950200	0.20230216	6.8876885e-28	0	-271.61927
950300	0.14702463	2.8428076e-28	0	-275.46253
950400	0.077327442	1.3556057e-28	0	-278.67867
950500	1.8880778e-13	6.7850027e-29	0	-281.6845
950600	-0.077418922	2.9367363e-29	0	-285.32135
950700	-0.14737263	5.1041452e-30	0	-292.92077
950800	-0.20302062	4.2390298e-30	0	-293.72734
950900	-0.23890429	1.6494755e-28	0	-277.82654
951000	-0.25147995	0.03515625	0	-14.539975
951100	-0.23946711	6.7362734e-28	0	-271.7158
951200	-0.20397812	2.4101503e-28	0	-276.17956
951300	-0.1484161	1.3960123e-28	0	-278.55111
951400	-0.078150334	9.5264129e-29	0	-280.21071
951500	-1.0736946e-13	7.2620712e-29	0	-281.38939
951600	0.078424415	5.7764838e-29	0	-282.38336
951700	0.14945875	4.8092687e-29	0	-283.17921
951800	0.20613067	4.0542667e-29	0	-283.92088
951900	0.24284091	3.4567557e-29	0	-284.61331
952000	0.25591397	2.8723568e-29	0	-285.41762
952100	0.24396433	2.643917e-29	0	-285.77752
952200	0.2080419	2.3328177e-29	0	-286.32119
952300	0.15154157	2.1123663e-29	0	-286.75231
952400	0.079884351	1.9180327e-29	0	-287.17144
952500	1.4213846e-13	1.7644976e-29	0	-287.53379
952600	-0.080339951	1.5915208e-29	0	-287.98188
952700	-0.15327473	1.6130191e-29	0	-287.9236
952800	-0.21162004	1.4777591e-29	0	-288.30396
952900	-0.24957254	1.2631864e-29	0	-288.98533
953000	-0.26328456	1.0544906e-29	0	-289.76957
953100	-0.25125212	1.0625739e-29	0	-289.73641
953200	-0.21447745	9.5661489e-30	0	-290.19263
953300	-0.15638868	9.5055686e-30	0	-290.22022
953400	-0.082522651	8.7542388e-30	0	-290.57782
953500	-1.803443e-13	8.3002337e-30	0	-290.8091
953600	0.083157971	7.9120441e-30	0	-291.01711
953700	0.15880554	7.813228e-30	0	-291.0717
953800	0.21946706	7.1834393e-30	0	-291.43668
953900	0.2590726	6.8561036e-30	0	-291.63923
954000	0.27356263	6.0608958e-30	0	-292.17463
954100	0.26130172	5.790208e-30	0	-292.37306
954200	0.22325938	5.7270967e-30	0	-292.42065
954300	0.16293833	5.3586471e-30	0	-292.70945
954400	0.08605482	4.595205e-30	0	-293.37695
954500	2.2305081e-13	4.9793508e-30	0	-293.02827
954600	-0.086867353	4.6331528e-30	0	-293.34123
954700	-0.16602933	4.6111034e-30	0	-293.36195
954800	-0.22964076	4.7225223e-30	0	-293.25826
954900	-0.27130361	4.0266351e-30	0	-293.95058
955000	-0.28670761	4.1684133e-30	0	-293.80029
955100	-0.27407346	3.8576201e-30	0	-294.13681
955200	-0.23435303	3.652759e-30	0	-294.37379
955300	-0.17116465	3.6154293e-30	0	-294.4184
955400	-0.090466919	2.6371645e-30	0	-295.78863
955500	-1.3744394e-13	3.0435778e-30	0	-295.16616
955600	0.091453458	3.1273496e-30	0	-295.04824
955700	0.17491759	3.4084403e-30	0	-294.67444
955800	0.242101	3.580366e-30	0	-294.46073
955900	0.28621729	2.9733362e-30	0	-295.26756
956000	0.30266764	3.123555e-30	0	-295.05351
956100	0.28951695	2.8146682e-30	0	-295.50573
956200	0.24771461	2.7300441e-30	0	-295.6383
956300	0.18103518	2.6905379e-30	0	-295.70161
956400	0.095741535	2.2589692e-30	0	-296.4609
956500	1.8433765e-13	2.447127e-30	0	-296.11343
956600	-0.096898187	2.4920579e-30	0	-296.03442
956700	-0.18543526	2.3885282e-30	0	-296.2187
956800	-0.2567986	2.6287144e-30	0	-295.80257
956900	-0.30375478	2.363867e-30	0	-296.26377
957000	-0.32137971	2.2610912e-30	0	-296.45682
957100	-0.30757123	2.4615114e-30	0	-296.08798
957200	-0.26329139	2.8099903e-30	0	-295.51295
957300	-0.19251097	2.4572741e-30	0	-296.09546
957400	-0.10185785	1.6510088e-30	0	-297.82251
957500	-2.3749373e-13	1.415418e-30	0	-298.49115
957600	0.10318005	2.034901e-30	0	-296.91457
957700	0.19754082	1.6929012e-30	0	-297.71368
957800	0.27367555	1.9025082e-30	0	-297.20673
957900	0.32384689	1.9915687e-30	0	-297.00805
958000	0.34276999	1.6416529e-30	0	-297.84719
958100	0.32816506	2.0808429e-30	0	-296.81761
958200	0.28102191	3.5479538e-30	0	-294.50022
958300	0.20554672	3.0121021e-30	0	-295.2113
958400	0.10879173	8.9210899e-31	0	-300.49582
958500	2.9785999e-13	5.6145557e-31	0	-302.50685
958600	-0.11027426	1.373611e-30	0	-298.62136
958700	-0.2111865	8.923077e-31	0	-300.49485
958800	-0.29266525	1.424745e-30	0	-298.46263
958900	-0.3464143	1.3273549e-30	0	-298.77013
959000	-0.36675406	1.0804323e-30	0	-299.66402
959100	-0.35121715	1.3759557e-30	0	-298.61396
959200	-0.30083618	1.8475593e-30	0	-297.33402
959300	-0.220091	1.3605839e-30	0	-298.66275
959400	-0.11651581	8.8618687e-31	0	-300.52475
959500	-1.9367195e-13	8.4083231e-31	0	-300.75291
959600	0.11815282	1.0265133e-30	0	-299.88635
959700	0.22631843	1.0284464e-30	0	-299.87818
959800	0.31369275	1.1149615e-30	0	-299.5274
959900	0.37136796	9.6622159e-31	0	-300.14923
960000	0.39323725	9.5373368e-31	0	-300.20573
960100	0.37663653	1.1917674e-30	0	-299.23809
960200	0.32265601	6.7587845e-31	0	-301.70131
960300	0.2360864	8.4083354e-31	0	-300.7529
960400	0.1249996	8.7171429e-31	0	-300.59626
960500	2.585042e-13	1.0623062e-30	0	-299.7375
960600	-0.12678463	9.7561649e-31	0	-300.10721
960700	-0.24287692	1.1365476e-30	0	-299.44412
960800	-0.33667507	1.0160378e-30	0	-299.9309
960900	-0.39860938	8.2809568e-31	0	-300.81919
961000	-0.42211507	6.5929363e-31	0	-301.80921
961100	-0.40432289	1.6439246e-30	0	-297.84118
961200	-0.34639528	3.0216903e-31	0	-305.1975
961300	-0.25346979	5.9256666e-31	0	-302.27263
961400	-0.13420962	7.5886022e-31	0	-301.19838
961500	-3.3200566e-13	9.7572366e-31	0	-300.10673
961600	0.13613563	7.2650915e-31	0	-301.38759
961700	0.2607966	9.0013989e-31	0	-300.4569
961800	0.36152151	7.3515291e-31	0	-301.33622
961900	0.42803106	5.7694957e-31	0	-302.38862
962000	0.45327353	5.5755849e-31	0	-302.5371
962100	0.43416696	9.4301472e-31	0	-300.25482
962200	0.37196031	4.3219e-31	0	-303.64325
962300	0.27217257	6.4929408e-31	0	-301.87559
962400	0.14410953	6.4851135e-31	0	-301.88082
962500	2.0136379e-13	6.5110425e-31	0	-301.86349
962600	-0.14616891	6.1730357e-31	0	-302.09501
962700	-0.28000675	6.8183892e-31	0	-301.66318
962800	-0.38813401	6.2327601e-31	0	-302.0532
962900	-0.45951688	6.1351276e-31	0	-302.12176
963000	-0.48658967	6.7042769e-31	0	-301.73648
963100	-0.46605095	6.1667007e-31	0	-302.09947
963200	-0.39925021	4.4240912e-31	0	-303.54176
963300	-0.29212093	7.7749312e-31	0	-301.09303
963400	-0.15466026	5.7664621e-31	0	-302.39091
963500	-2.7882279e-13	6.5357468e-31	0	-301.84705
963600	0.15684488	5.1967452e-31	0	-302.84269
963700	0.30043156	5.4856507e-31	0	-302.60772
963800	0.41640754	6.0591925e-31	0	-302.17585
963900	0.49294259	5.8074309e-31	0	-302.36016
964000	0.52193201	8.0270641e-31	0	-300.95443
964100	0.49984904	6.5985674e-31	0	-301.8055
964200	0.42815726	2.5974702e-31	0	-305.85449
964300	0.31323615	9.5444847e-31	0	-300.20248
964400	0.16582015	4.9150312e-31	0	-303.08474
964500	3.6615824e-13	7.5941919e-31	0	-301.19518
964600	-0.1681214	3.7240778e-31	0	-304.28981
964700	-0.32199043	5.1927219e-31	0	-302.84605
964800	-0.44623053	5.7979151e-31	0	-302.36728
964900	-0.52817626	4.3686025e-31	0	-303.59657
965000	-0.55916106	5.6429172e-31	0	-302.48496
965100	-0.53542783	5.748788e-31	0	-302.40424
965200	-0.45856739	3.3023306e-31	0	-304.81179
965300	-0.33543488	5.9878473e-31	0	-302.22729
965400	-0.17754519	5.1353421e-31	0	-302.89431
965500	-4.6398611e-13	4.3917944e-31	0	-303.57358
965600	0.17995397	3.9169651e-31	0	-304.0705
965700	0.34459827	4.6376973e-31	0	-303.33698
965800	0.47748526	3.5854682e-31	0	-304.45454
965900	0.56507885	3.8566072e-31	0	-304.13795
966000	0.5981299	5.6979117e-31	0	-302.44284
966100	0.57264693	2.3397363e-31	0	-306.30833
966200	0.49036059	1.7805122e-31	0	-307.49455
966300	0.35862953	4.4181216e-31	0	-303.54762
966400	0.18978908	5.4508769e-31	0	-302.63534
966500	2.9171101e-13	3.0397824e-31	0	-305.17158
966600	-0.1922959	4.9381923e-31	0	-303.06432
966700	-0.36816586	3.5527924e-31	0	-304.4943
966800	-0.5100484	2.199828e-31	0	-306.57611
966900	-0.60350471	4.5379916e-31	0	-303.43136
967000	-0.63868474	6.2961859e-31	0	-302.00922
967100	-0.61135943	1.1861059e-31	0	-309.25877
967200	-0.52341138	1.3978696e-31	0	-308.54533
967300	-0.38272854	6.3623986e-31	0	-301.96379
967400	-0.2025035	7.599626e-31	0	-301.19208
967500	-3.932803e-13	3.3904448e-31	0	-304.69743
967600	0.20509847	4.996336e-31	0	-303.01348
967700	0.39260018	4.4507011e-31	0	-303.51572
967800	0.54379143	3.0918446e-31	0	-305.09782
967900	0.6433022	4.091391e-31	0	-303.88129
968000	0.68066553	4.8666232e-31	0	-303.12772
968100	0.65141256	1.9478618e-31	0	-307.10442
968200	0.55758933	2.183768e-31	0	-306.60793
968300	0.40763683	4.4143522e-31	0	-303.55133
968400	0.21563829	4.9025578e-31	0	-303.09577
968500	5.0609624e-13	3.7649466e-31	0	-304.24241
968600	-0.21831116	4.1952308e-31	0	-303.77244
968700	-0.41780481	3.6581139e-31	0	-304.36743
968800	-0.57858119	2.6542363e-31	0	-305.7606
968900	-0.68431426	2.5400611e-31	0	-305.95156
969000	-0.72390659	2.6576618e-31	0	-305.755
969100	-0.69264826	6.1005859e-31	0	-302.14628
969200	-0.59275954	2.5490716e-31	0	-305.93618
969300	-0.43325607	4.1604807e-31	0	-303.80856
969400	-0.2291416	3.759908e-31	0	-304.24823
969500	-6.3051838e-13	3.6344972e-31	0	-304.39556
969600	0.23188182	4.614149e-31	0	-303.35908
969700	0.44368028	3.3749712e-31	0	-304.7173
969800	0.61428037	8.7293639e-32	0	-310.59017
969900	0.72637903	1.5500629e-31	0	-308.09651
970000	0.76823725	2.8766797e-31	0	-305.41108
970100	0.73490377	1.1815541e-30	0	-299.27546
970200	0.62878323	2.4468177e-31	0	-306.11398
970300	0.45948518	4.8676062e-31	0	-303.12685
970400	0.24296015	4.5759203e-31	0	-303.39522
970500	4.0722351e-13	3.4411254e-31	0	-304.633
970600	-0.2457569	4.4475264e-31	0	-303.51881
970700	-0.47012446	3.3766039e-31	0	-304.7152
970800	-0.65074809	1.61585e-31	0	-307.91599
970900	-0.7693305	2.9419377e-31	0	-305.31367
971000	-0.81348258	2.6099615e-31	0	-305.83366
971100	-0.77801233	5.6243983e-31	0	-302.49924
971200	-0.66551821	3.3498207e-31	0	-304.74978
971300	-0.48622062	3.7727641e-31	0	-304.2334
971400	-0.25703939	3.464453e-31	0	-304.60365
971500	-5.3482871e-13	3.9712417e-31	0	-304.01074
971600	0.25988164	4.0830419e-31	0	-303.89016
971700	0.497033	3.3166419e-31	0	-304.79301
971800	0.68784042	2.6794603e-31	0	-305.71953
971900	0.81299915	2.7546451e-31	0	-305.59934
972000	0.85946401	2.0330601e-31	0	-306.9185
972100	0.82180382	3.4865774e-31	0	-304.57601
972200	0.70281952	3.119817e-31	0	-305.05871
972300	0.5133569	2.9906293e-31	0	-305.24237
972400	0.27132376	3.0435375e-31	0	-305.16621
972500	6.7428752e-13	3.5806954e-31	0	-304.46033
972600	-0.2742003	5.0724965e-31	0	-302.94778
972700	-0.52429969	3.8968278e-31	0	-304.09289
972800	-0.72541098	1.9352269e-31	0	-307.13268
972900	-0.85721266	1.7362392e-31	0	-307.6039
973000	-0.90600007	1.0911982e-31	0	-309.62096
973100	-0.86610542	3.043363e-31	0	-305.16646
973200	-0.74053994	2.4255253e-31	0	-306.15194
973300	-0.5407869	2.6657926e-31	0	-305.74174
973400	-0.28575689	2.3516767e-31	0	-306.28622
973500	-4.0302807e-13	2.77597e-31	0	-305.56585
973600	0.28865636	3.1342593e-31	0	-305.03865
973700	0.55181693	2.8238941e-31	0	-305.49152
973800	0.7633115	2.0646814e-31	0	-306.85147
973900	0.90179653	1.900808e-31	0	-307.21062
974000	0.95290711	1.7938679e-31	0	-307.4621
974100	0.91074228	2.2614113e-31	0	-306.4562
974200	0.77853061	2.1925994e-31	0	-306.59041
974300	0.56840239	2.151141e-31	0	-306.67331
974400	0.30028181	1.8431502e-31	0	-307.34439
974500	5.4495417e-13	2.8775784e-31	0	-305.40973
974600	-0.30319277	3.4550789e-31	0	-304.61542
974700	-0.57947613	3.3178341e-31	0	-304.79145
974800	-0.80139239	2.3181181e-31	0	-306.34864
974900	-0.9465748	2.320435e-31	0	-306.34431
975000	-1	2.6161683e-31	0	-305.82334
975100	-0.95553824	1.281354e-31	0	-308.92331
975200	-0.8166416	2.8000276e-31	0	-305.52838
975300	-0.59609438	1.9610651e-31	0	-307.07508
975400	-0.31484121	2.2042367e-31	0	-306.56742
975500	-6.9864943e-13	5.1100233e-31	0	-302.91577
975600	0.31775217	5.9914021e-31	0	-302.22472
975700	0.60716811	5.1656632e-31	0	-302.86874
975800	0.83950337	3.4722148e-31	0	-304.59393
975900	0.99137076	2.5035168e-31	0	-306.01449
976000	1.0470929	2.5271331e-31	0	-305.97372
976100	1.0003165	1.8445972e-31	0	-307.34098
976200	0.85472249	2.8065244e-31	0	-305.51831
976300	0.62375357	2.0367035e-31	0	-306.91072
976400	0.32937763	1.8872267e-31	0	-307.24176
976500	8.6399851e-13	3.2112661e-31	0	-304.93324
976600	-0.3322771	2.9268518e-31	0	-305.33599
976700	-0.6347836	3.160824e-31	0	-305.002
976800	-0.87749404	2.9518786e-31	0	-305.29902
976900	-1.0360076	1.9490653e-31	0	-307.10174
977000	-1.0939999	2.5307686e-31	0	-305.96748
977100	-1.0449004	2.2519575e-31	0	-306.4744
977200	-0.89262301	1.6536504e-31	0	-307.81556
977300	-0.65127081	3.6599588e-31	0	-304.36524
977400	-0.34383369	5.0543185e-31	0	-302.96337
977500	-5.3269286e-13	2.4281721e-31	0	-306.14721
977600	0.34671023	1.9594508e-31	0	-307.07866
977700	0.66221361	2.7099018e-31	0	-305.67046
977800	0.91521447	2.6189048e-31	0	-305.8188
977900	1.0803092	1.5501108e-31	0	-308.09637
978000	1.140536	3.3656764e-31	0	-304.72928
978100	1.0891139	1.9471022e-31	0	-307.10611
978200	0.93019357	1.1901043e-31	0	-309.24415
978300	0.67853751	9.3084617e-31	0	-300.31122
978400	0.35815234	1.0459194e-30	0	-299.80502
978500	6.9958917e-13	4.2137939e-31	0	-303.75327
978600	-0.3609946	2.342791e-31	0	-306.30266
978700	-0.68934988	2.5281385e-31	0	-305.97199
978800	-0.95251578	3.8849789e-31	0	-304.10611
978900	-1.1241007	1.5565366e-31	0	-308.07841
979000	-1.1865174	3.0930289e-31	0	-305.09616
979100	-1.1327825	2.1433732e-31	0	-306.68902
979200	-0.9672859	1.36234e-31	0	-308.65714
979300	-0.70544604	3.8946979e-31	0	-304.09526
979400	-0.37227708	4.552643e-31	0	-303.41736
979500	-8.7753801e-13	2.696613e-31	0	-305.69181
979600	0.37507384	2.2081012e-31	0	-306.55981
979700	0.71608533	2.2870504e-31	0	-306.40724
979800	0.98925076	2.7499046e-31	0	-305.60682
979900	1.1672093	2.0225488e-31	0	-306.94101
980000	1.2317627	2.2367698e-31	0	-306.50379
980100	1.175734	1.9822062e-31	0	-307.02851
980200	1.0037536	1.1042035e-31	0	-309.56951
980300	0.73189022	2.3831647e-31	0	-306.22846
980400	0.38615217	2.7922313e-31	0	-305.54049
980500	1.0661452e-12	1.5888654e-31	0	-307.98913
980600	-0.38889238	1.3733134e-31	0	-308.6223
980700	-0.74231443	2.7787308e-31	0	-305.56154
980800	-1.0252744	1.5374068e-31	0	-308.13211
980900	-1.2094648	2.390665e-31	0	-306.21481
981000	-1.2760934	2.7027306e-31	0	-305.68197
981100	-1.2177988	1.1023969e-31	0	-309.57662
981200	-1.0394528	8.5546208e-32	0	-310.67799
981300	-0.75776569	3.274822e-31	0	-304.84812
981400	-0.39972283	3.1768381e-31	0	-304.98005
981500	-6.7473112e-13	1.0717628e-31	0	-309.69901
981600	0.4023957	9.1447864e-32	0	-310.38826
981700	0.76793368	2.825872e-31	0	-305.48848
981800	1.0604447	1.7935208e-31	0	-307.46294
981900	1.2507005	2.3571767e-31	0	-306.27608
982000	1.3193345	2.517687e-31	0	-305.98998
982100	1.2588108	1.7199489e-31	0	-307.64484
982200	1.0742426	1.0302589e-31	0	-309.87054
982300	0.78297032	2.5630249e-31	0	-305.91247
982400	0.41293552	2.6394698e-31	0	-305.78483
982500	8.6374232e-13	1.6841793e-31	0	-307.73612
982600	-0.41553048	1.8480167e-31	0	-307.33294
982700	-0.79284196	2.5137542e-31	0	-305.99677
982800	-1.0946226	1.8181197e-31	0	-307.40378
982900	-1.2907536	2.2630159e-31	0	-306.45312
983000	-1.3613153	2.7796214e-31	0	-305.56014
983100	-1.2986083	1.8231227e-31	0	-307.39184
983200	-1.1079856	1.8293406e-31	0	-307.37705
983300	-0.80740465	4.247256e-31	0	-303.71892
983400	-0.42573809	1.4827228e-31	0	-308.2894
983500	-1.062333e-12	2.8421813e-31	0	-305.46348
983600	0.42824491	1.7188167e-31	0	-307.6477
983700	0.81694098	2.0474916e-31	0	-306.88778
983800	1.1276734	2.5816683e-31	0	-305.881
983900	1.3294661	1.5769646e-31	0	-308.02178
984000	1.4018701	3.2445777e-31	0	-304.88842
984100	1.3370342	2.1969857e-31	0	-306.58173
984200	1.1405487	1.1981422e-31	0	-309.21492
984300	0.83097223	7.9952988e-31	0	-300.97165
984400	0.43808002	1.512991e-31	0	-308.20164
984500	1.2698558e-12	4.0352402e-31	0	-303.94131
984600	-0.4404888	4.3831769e-32	0	-313.58211
984700	-0.84013562	2.7270265e-31	0	-305.64311
984800	-1.1594666	1.8882114e-31	0	-307.23949
984900	-1.3666852	7.5423362e-32	0	-311.22494
985000	-1.4408389	3.3768874e-31	0	-304.71483
985100	-1.3739368	1.8027615e-31	0	-307.44062
985200	-1.1718035	1.0188835e-31	0	-309.91875
985300	-0.85358007	4.5774206e-31	0	-303.39379
985400	-0.44991259	1.5282946e-31	0	-308.15793
985500	-8.2180262e-13	1.4990063e-31	0	-308.24197
985600	0.45221383	1.7365678e-31	0	-307.60308
985700	0.86233436	1.8436469e-31	0	-307.34322
985800	1.1898767	1.5698723e-31	0	-308.04136
985900	1.402264	2.3257837e-31	0	-306.33431
986000	1.478068	2.4417302e-31	0	-306.12302
986100	1.4091704	2.5799579e-31	0	-305.88387
986200	1.2016264	3.6624759e-31	0	-304.36225
986300	0.87513894	7.6701829e-32	0	-311.15194
986400	0.46118911	8.7306171e-32	0	-310.58955
986500	1.0284429e-12	1.6722982e-31	0	-307.76686
986600	-0.46337373	1.8031299e-31	0	-307.43973
986700	-0.88344957	1.4121855e-31	0	-308.50108
986800	-1.2187838	2.6449751e-31	0	-305.77578
986900	-1.4360621	2.8801434e-31	0	-305.40586
987000	-1.5134103	2.7172758e-31	0	-305.65866
987100	-1.4425961	6.8642553e-31	0	-301.63407
987200	-1.2299	7.6327494e-31	0	-301.17319
987300	-0.89556376	2.0473296e-31	0	-306.88812
987400	-0.47186508	2.2024444e-32	0	-316.57095
987500	-1.2425311e-12	1.2330416e-31	0	-309.09022
987600	0.47392446	8.9868909e-32	0	-310.46391
987700	0.90339793	4.6583778e-32	0	-313.31765
987800	1.2460737	2.0932891e-31	0	-306.79171
987900	1.4679461	1.3212078e-31	0	-308.79029
988000	1.5467265	1.1499932e-31	0	-309.39305
988100	1.474082	3.3371798e-31	0	-304.7662
988200	1.2565125	2.0089077e-31	0	-306.9704
988300	0.91477391	3.4153923e-32	0	-314.66559
988400	0.48189836	7.3265783e-32	0	-311.35099
988500	7.5262883e-13	9.5385507e-32	0	-310.20518
988600	-0.48382437	5.4815246e-32	0	-312.61099
988700	-0.92210071	1.007041e-31	0	-309.96953
988800	-1.2716387	9.7017022e-32	0	-310.13152
988900	-1.4977901	9.6791076e-32	0	-310.14165
989000	-1.5778849	2.0317759e-31	0	-306.92124
989100	-1.5035037	1.5835128e-31	0	-308.00378
989200	-1.2813589	1.0759449e-31	0	-309.6821
989300	-0.93269359	2.3547555e-31	0	-306.28054
989400	-0.49124936	6.4752956e-32	0	-311.8874
989500	-9.6532328e-13	8.6640483e-32	0	-310.62279
989600	0.49303439	1.4463373e-31	0	-308.3973
989700	0.93948411	3.1757175e-32	0	-314.98158
989800	1.295378	7.7427722e-32	0	-311.11104
989900	1.5254765	2.947832e-31	0	-305.30497
990000	1.6067627	2.8817736e-31	0	-305.4034
990100	1.5307451	2.4497895e-31	0	-306.10871
990200	1.3043412	3.1135294e-31	0	-305.06747
990300	0.94925207	1.9950737e-31	0	-307.00041
990400	0.49988117	3.5865775e-32	0	-314.4532
990500	1.1837853e-12	1.822395e-31	0	-307.39357
990600	-0.50151818	1.3880372e-31	0	-308.57599
990700	-0.9554795	6.2402919e-32	0	-312.04795
990800	-1.3171978	2.1114947e-31	0	-306.7541
990900	-1.5508959	2.4304187e-31	0	-306.14319
991000	-1.6332459	1.1395745e-31	0	-309.43257
991100	-1.5556987	2.5176185e-31	0	-305.9901
991200	-1.3253687	2.0511874e-31	0	-306.87995
991300	-0.96438401	1.167336e-31	0	-309.32804
991400	-0.50775973	1.3408252e-31	0	-308.72628
991500	-1.4070481e-12	2.0253089e-31	0	-306.93509
991600	0.50924226	1.2752312e-31	0	-308.94411
991700	0.97002378	1.7436365e-31	0	-307.58544
991800	1.3370121	1.4633094e-31	0	-308.34664
991900	1.573948	1.0325591e-31	0	-309.86085
992000	1.65723	9.713856e-32	0	-310.12608
992100	1.5782661	2.7220453e-31	0	-305.65105
992200	1.3443584	8.7073075e-32	0	-310.60116
992300	0.97802968	1.622849e-31	0	-307.89722
992400	0.51485394	2.7571849e-31	0	-305.59534
992500	8.7546546e-13	1.2783062e-31	0	-308.93365
992600	-0.51617614	2.463261e-31	0	-306.0849
992700	-0.98305954	2.2976246e-31	0	-306.38721
992800	-1.3547426	9.5211146e-33	0	-320.21312
992900	-1.5945418	4.9192874e-32	0	-313.08098
993000	-1.6786203	1.7870804e-31	0	-307.47856
993100	-1.5983582	1.1652559e-31	0	-309.33579
993200	-1.3612354	9.3442176e-32	0	-310.29457
993300	-0.99013524	3.7783968e-31	0	-304.22692
993400	-0.5211358	6.2584157e-32	0	-312.03536
993500	-1.0961335e-12	1.7473285e-31	0	-307.57625
993600	0.52229245	4.0687091e-31	0	-303.90543
993700	0.99453532	4.1116451e-32	0	-313.85984
993800	1.3703194	2.0757324e-31	0	-306.82829
993900	1.6125961	3.4337206e-31	0	-304.64235
994000	1.6973324	2.9685173e-32	0	-315.2746
994100	1.6158957	6.308288e-31	0	-302.00088
994200	1.375933	3.5324841e-31	0	-304.5192
994300	1.0006529	8.2856539e-32	0	-310.81673
994400	0.52658053	6.2512095e-30	0	-292.04036
994500	1.3196936e-12	1.8025611e-30	0	-297.4411
994600	-0.52756707	4.0195098e-30	0	-293.95827
994700	-1.0044059	1.1174294e-29	0	-289.5178
994800	-1.383681	4.4767422e-30	0	-293.49038
994900	-1.6280396	2.9713738e-31	0	-305.27043
995000	-1.7132924	2.0224517e-30	0	-296.94122
995100	-1.6308094	7.3935169e-30	0	-291.31149
995200	-1.3883932	5.7980935e-31	0	-302.36715
995300	-1.0095412	2.1416958e-30	0	-296.69242
995400	-0.53116664	5.3858684e-29	0	-282.68744
995500	-1.5450701e-12	3.6079445e-29	0	-284.4274
995600	0.53197917	2.2078202e-29	0	-286.56036
995700	1.0126322	6.6403097e-29	0	-281.77812
995800	1.3947746	4.2973829e-30	0	-293.66796
995900	1.6408113	4.3276714e-31	0	-303.63746
996000	1.7264374	7.5535578e-30	0	-291.21848
996100	1.6430404	2.142386e-30	0	-296.69102
996200	1.3985669	3.5488731e-31	0	-304.4991
996300	1.016765	3.4747491e-30	0	-294.59077
996400	0.53487602	8.7379542e-30	0	-290.5859
996500	9.8357015e-13	6.0745277e-30	0	-292.16487
996600	-0.53551134	8.6743861e-31	0	-300.61761
996700	-1.0191818	9.0452106e-30	0	-290.43581
996800	-1.4035565	4.617064e-31	0	-303.35634
996900	-1.6508609	5.4580296e-31	0	-302.62964
997000	-1.7367154	1.0961163e-30	0	-299.60143
997100	-1.6525405	2.2431839e-31	0	-306.49135
997200	-1.406414	5.3009239e-31	0	-302.75648
997300	-1.0222958	5.8449203e-31	0	-302.33221
997400	-0.53769404	2.0225481e-31	0	-306.94101
997500	-1.2052527e-12	3.2685372e-31	0	-304.85647
997600	0.53814964	3.252836e-31	0	-304.87738
997700	1.0240289	2.2732923e-31	0	-306.43345
997800	1.4099921	4.3905113e-31	0	-303.57485
997900	1.6581487	3.2775114e-31	0	-304.84456
998000	1.744086	2.0586565e-31	0	-306.86416
998100	1.6592721	3.6675546e-31	0	-304.35623
998200	1.4119033	2.8442214e-31	0	-305.46037
998300	1.0261118	4.0965877e-31	0	-303.87578
998400	0.53960957	3.300646e-31	0	-304.81401
998500	1.426745e-12	8.7360342e-32	0	-310.58686
998600	-0.53988365	1.3852096e-31	0	-308.58485
998700	-1.0271544	2.9419786e-31	0	-305.3136
998800	-1.4140559	3.9455647e-31	0	-304.03891
998900	-1.6626459	1.2537088e-31	0	-309.01803
999000	-1.74852	2.0258208e-31	0	-306.93399
999100	-1.6632087	2.2928749e-31	0	-306.3962
999200	-1.4150134	1.2416351e-31	0	-309.06006
999300	-1.0281979	2.8699083e-31	0	-305.42132
999400	-0.54061507	2.377404e-31	0	-306.23897
999500	-8.5129398e-13	1.0733279e-31	0	-309.69268
999600	0.54070655	1.6749707e-31	0	-307.75993
999700	1.0285459	2.5445541e-31	0	-305.94388
999800	1.4157318	1.8184247e-31	0	-307.40305
999900	1.6643348	1.4171057e-31	0	-308.48598
